title,content,label
Príjmy vedúcich policajných funkcionárov,A verejnosť tak mohla o celkových príjmoch policajnej elity u nás iba špekulovať. Jeho príjem za vlaňajšok v celkovej výške takmer 44-tisíc eur totiž prekonal viceprezident polície Ľubomír Ábel. Príjmy vedúcich policajných funkcionárov,0
Korekcie eurofondov,"Financie získava späť Európska komisia. Najnižšia výška korekcií bola zaznamenaná v programe Rybné hospodárstvo, išlo o 28,95 tisíca eur. V rámci únie sa čerpaním eurofondov zaoberá Európsky dvor audítorov, ktorý robí audit príjmov a výdavkov EÚ a kontroluje orgány, ktoré narábajú s finančnými prostriedkami EÚ.",0
Súd potvrdil pokutu pre banku Penty,Najvyšší súd potvrdil 55-tisícovú pokutu pre Privatbanku od Spravodajskej jednotky finančnej polície pre nesplnenie povinností pri ochrane pred legalizáciou príjmov z trestnej činnosti.,0
Ako vykradnúť banku: Ekonómovia zostavili vzorec pre dokonalý zločin,"Aj keď každá ďalšia minúta v banke vedie v priemere k príjmom o viac ako 1 400 eur, väčšina lúpeží trvá tri minúty alebo menej, pretože riziko chytenia sa časom zvyšuje. Zisky sú kvantifikovateľné.",0
Podvodník prehovoril o nekalých praktikách: Žijem z okrádania pokladníčok a obchodníkov!,"A už idem v niečom inom... čo prináša väčšie zisky,"" dodal podvodník. Jedna partia za deň dokáže ""urobiť"" aj tri obchody v jednom meste za dopoludnie, presunúť sa do susedného mesta a tam popoludní ""urobiť"" ďalšie tri obchody.",0
"Technológia, ktorá nám pomôže vybudovať nový svet","Možno ste počuli o prebiehajúcej ICO mánií (ICO – Initial Coin Offering) a posledných turbulenciách v cenách Bitcoinu a Etherea. Tieto firmy svojími technológiami a objavmi zlepšia v budúcnosti nielen priemysel ale všetkému vdýchnu úplne nový rozmer ktorý si dokážeme len čiastočne predstaviť vďaka sci-fi žánru. Čaká nás obrovské množstvo práce, na ktorú sa teším.",0
Pod vládou kryptomien: Koniec bankovníctva a úverovania ako ho poznáme,"Aby dokázali poskytnúť likviditu pre rast bez inflácie. Celý svet funguje na úver. Dnešné centrálne banky zvyčajne ovplyvňujú ceny aktív prostredníctvom primárnych obchodníkov alebo veľkých bánk, ktorým poskytujú likviditu za pevné ceny - tzv. Na úverových trhoch založených na kryptomenách uvidíme opačný trend: kratšie termíny, vyššie požiadavky na kolaterál, veľmi jasné podmienky, ktoré vymedzujú nesporné práva na vlastníctvo a presadzovanie termínov zapracovaných do úverových protokolov. Niektoré by mali len čiastkové rezervy v Bitcoinoch, iné 100 % pokrytie.Úrokové sadzby sa môžu líšiť. Niečo také nebolo v histórii peňazí a financií doteraz možné. Sme zvyknutí hovoriť, že celý svet funguje na úver. Takéto úverové trhy sa dnes u postupne rozvíjajú. To je ale presne tak, ako to dnes funguje v hotovostnej ekonomike: ak priateľovi dáte hotovosť, nebudete ju predsa naspäť násilne vymáhať. Už viac ako jedno storočie sa bankový systém používa na financovanie štátu, destabilizáciu hospodárstva, splácanie súkromných úspor, vylúčenie ľudí zo sytému, ktorí nemajú prístup k bankám, na podporu finančnej závislosti a dokonca vytváranie násilia v bezprecedentnom rozsahu. V období medzi transakciou a zúčtovaním sa peniaze stávajú úverom vydaným a prijatým len na základe dôvery. V priebehu storočia centrálneho bankovníctva vidíme, že úrokové sadzby sa neúprosne znižujú a emisné podmienky sa dramaticky menia a uprednostňujú sa dlhšie obdobia, čoraz menej zábezpeky a čoraz zložitejšie formy vlastníctva. Výsledkom toho je, že každá transakcia, ktorá sa neuskutočňuje osobne v hotovosti, závisí od určitého rozšírenia úveru, a preto zahŕňa sprostredkovanie tretích strán a to zase nevyhnutne zahŕňa určité riziko zmluvnej strany. Zvyšné peniaze môžu byť uložené v podielových fondoch alebo investované do platobných platforiem typu ""peer-to-peer"" s využitím big data a umelej inteligencie pre automatické zhodnocovanie... Niekto tvrdí, že to spochybňuje model tradičného bankovníctva, ak vieme, že sa do ekonomiky pripojí viac peňažných tokov prostredníctvom nových kanálov. operácie na voľnom trhu. Čo sa stane s týmito troma funkciami v peňažnej ekonomike založenej na kryptomenách?",0
Exekútori vysielajú pred Vianocami varovanie: Zadlženie sa môže mať fatálne následky,"""Ak sa už ľudia predsa len rozhodnú využiť možnosť pôžičky, mali by si pozorne preštudovať jej podmienky. ""Svoje dlhy totiž raz budú musieť splatiť a veriteľov, žiaľ, nebude zaujímať, že o ne požiadali pod vplyvom emócií a v túžbe urobiť radosť svojim najbližším,"" podotkla Kolesárová. Komora preto vyzýva verejnosť, aby dôkladne zvážila, či si v súvislosti s nákupmi vianočných darčekov vezmú nové úvery. Kľúčovým ukazovateľom pritom nie je výška úroku, ale takzvaná hodnota ročnej percentuálnej miery nákladov (RPMN), ktorá zahŕňa aj ďalšie náklady, vrátane rôznych možných poplatkov. Nesplácanie úverov vedie podľa SKE klientov bankových či nebankových inštitúcií neraz do ďalších pôžičiek, avšak už za podstatne nevýhodnejších podmienok, ktorými sa pokúšajú splácať predchádzajúce záväzky.",0
"Odpoveď na jednoduchú otázku vám napovie, či ste skutočne bohatí, alebo nie","""A s týmto príjmom dokážete prežiť istý čas, ako by sa nič nestalo. ""Keď vlastníte akcie obchodované na burze, dávate do prenájmu nehnuteľností alebo vlastníte prekvitajúcu firmu, aj keby ste prišli o svoju prácu a príjmy z nej, vaše ostatné zdroje nevyschnú,"" píše Sall. ""Môžete šoférovať luxusné auto za 40 000, alebo bývať v dome za pol milióna, ale ak máte dlh 600 000, potom máte menej než sedemročné dieťa,"" hovorí Derek Sall, finančný bloger a analytik, ktorý tvrdí, že si stačí položiť jednoduchú otázku, ktorá nám dá jasnú odpoveď na to, či sme bohatí, alebo nie. Ak už svoj finančný vankúš vybudovaný máte, začnite rozvíjať aktíva, ktoré prinášajú príjmy. Hovorí sa, že priemerný milionár má aspoň sedem zdrojov príjmu. Je ľahké posudzovať bohatstvo na základe toho, čo vlastníte, ale v skutočnosti hmotné majetky nehovoria nič o skutočnom stave vašich financií. Miliardár Mark Cuban hovorí, si treba odložiť príjem na úrovni posledných šiestich výplat, iní dokonca odporúčajú ušetriť sumu na úrovni 8 až 12 mesiacov. Obaja otcovia boli úspešní v rámci svojej kariéry a dosiahli značné príjmy, ale jeden napriek tomu musel stále s financiami bojovať. Skúste sa zbaviť dlhov čo najskôr, možno prácou na čiastočný úväzok alebo získaním bočného príjmu. Tento dodatočný príjem môže byť použitý na pokrytie mesačných splátok alebo ako akcelerátor zúročenia investície. Tá otázka znie: ak by ste zajtra prišli z nejakého dôvodu o svoju prácu, ako dlho dokážete prežiť? Tá sa odvíja od toho, ako dlho by ste mohli prežiť bez zdroja príjmu: Menej ako mesiac: úplný prepad Jeden až tri mesiace: balansovanie Tri až šesť mesiacov: celkom uspokojivé Šesť mesiacov až dva roky: dobré Dva až päť rokov: ste bohatí Päť alebo viac rokov: ste veľmi bohatí Táto definícia bohatstva je jedným z kľúčových odporúčaní finančného klasika Roberta Kiyosakiho, autora knihy ""Bohatý otec, chudobný otec"". Zbavte sa dlhov Peniaze na splácanie dlhov a úrokov spomaľujú sporenie. Zvyšujte svoje pasívne príjmy Pridaním pasívneho toku príjmov, z dividend, či z prenájmu nevyužitého priestoru, môžete urýchliť svoj pokrok v dosiahnutí bohatstva. Úroky z úrokov určite potešia.",0
"Starý nábytok predali netušiac, aký poklad sa v ňom skrýva: Informácie, ktoré mali byť navždy utajené","Ako uviedla spravodajská stanica ABC, skrinky predali v obchode s nábytkom v austrálskej metropole Canberra za zvýhodnenú cenu, pretože boli uzamknuté a kľúče k nim nevedel nikto nájsť.",0
Pochybné peniaze mieria do Európy: Estónské banky vyprali miliardy,"V spomínanom roku 2012 výkon celej estónskej ekonomiky predstavoval len 17,9 miliardy eur, poznamenala agentúra Reuters pre porovnanie. Zisk ďalej prevádzali do desiatok rôznych jurisdikcií a na tisíce firiem za tovar a služby, ktorých ďalší osud, ak skutočne boli zakúpené, je nejasný.",0
Neúspešnú reklamáciu u obchodníka môže vybaviť za klienta aj banka,"Majitelia obchodov, e-shopov aj dodávatelia služieb fungujú na princípe jasných pravidiel reklamácie.",0
Analytik o osobných bankrotoch: Ich pravidlá sú podľa neho nastavené veľmi voľne,"""Obávam sa, že toto nastavenie bude do budúcnosti motivovať časť ľudí, aby sa nadmerne zadlžovala a následne využila osobný bankrot a začala bez dlhov. ""Od štátu by som čakal také nastavenie legislatívy, ktoré ľudí navedie k právnemu a finančnému poradenstvu a riešeniu dlhov v rannej fáze problému. Búlik z OVB je presvedčený, že s každým nadmerným dlhom sa niečo dá robiť oveľa skôr, ako príde exekúcia či osobný bankrot. Centrá právnej pomoci nemajú povinnosť zverejňovať žiadateľov v žiadnom registri, a teda títo ešte počas obdobia do zverejnenia schváleného konkurzu v obchodnom vestníku môžu žiadať o nové úvery, čo sa v praxi podľa Žemlovej aj deje. Evidujeme aj prípady bankrotových podvodov ľudí, ktorí žiadajú o úver napriek tomu, že už sú v procese oddlžovania,“ povedal riaditeľ odboru právnych služieb v Slovenskej sporiteľni Richard Földeš. O tom svedčí aj vyše 99-percentný podiel konkurzu, ktorým sa ľudia zbavia dlhov veľmi rýchlo a bezbolestne,"" skonštatoval Búlik. Slovenská sporiteľňa, ako jeden z najväčších poskytovateľov úverov v SR, má k systému osobných bankrotov niekoľko zásadných pripomienok. Systém tak podľa Slovenskej sporiteľne podporuje a nabáda k neplateniu dlhov a k páchaniu podvodov. Vysoké čísla logicky zahŕňajú aj časť podvodníkov, ktorí využívajú príležitosť zbaviť sa ľahko dlhov len na základe vyhlásenia bez toho, aby ich niekto overoval,"" komentoval vývoj finančný analytik OVB Allfinanz Slovensko Marián Búlik.",1
"Kúpite aj to, čo nechcete. Akými manipuláciami z vás vyťahajú peniaze","Predplaťte si TREND za najvýhodnejšiu cenu už od 1 € / týždeň Plný prístup k prémiovým článkom a archívu Prémiový prístup na weby Mediálne, TRENDreality a ENJOY Menej reklamy na TREND.sk Máte už predplatné? V praxi to funguje napríklad tak, že keď si otvoríte nejaký prehliadač online obchodu, vyskočí na vás nové okno, ktoré vás láka zadať e-mail, aby vám mohli odosielať newsletter so zľavami alebo novými ponukami. Výskumníci sa pozreli na tisícky podobných online obchodov, aby zistili, koľko z nich používa podobné nekalé praktiky.",0
Rast Bitcoinu: Druhá bublina kryptomeny skončí rovnako ako tá prvá,"Bitcoin nevytvára žiadny príjem. Cena Bitcoinu nie je podporovaná ničím iným ako vierou, že väčší blázni budú ochotní zaplatiť vyššiu cenu. Cena akcií Long Island Iced Tea Corp. vzrástla o 500 % po tom, čo zmenila svoj názov na Long Blockchain Corp. Tesne pred spľasnutím bubliny firma ponúkla kryptomenu, ale ani nepredstierala, že by malo ísť o životaschopnú menu. Cena sa nakoniec vyšplhala až na 75 000 dolárov. Dlhopisy vyplácajú kupóny, akcie vyplácajú dividendy a nehnuteľnosti generujú príjmy z prenájmu. Kúpiť za bláznivú cenu a predať ešte väčšiemu bláznovi. Kým budú ceny stúpať, blázni budú kupovať v nádeji, že predajú ešte väčším bláznom. Na 1. apríla sa objem obchodovania s Bitcoinmi viac ako päťnásobne zvýšil na 815 miliónov zo 153 miliónov a jeho cena vzrástla o 18 %. Naše príjmy idú priamo na naše bankové účty a naše výdaje sa vyplácajú z našich bankových účtov. Peniaze sú základným kameňom moderných ekonomík. Podobne sa blázni našli aj na akciovom trhu, kde nakúpili bezcenné akcie a dúfali, že sa im podarí predať ich iným bláznom. Pravdivo uviedla na trh digitálny token, ktorý nemal ""žiaden účel."" Rally bola sústredená do jedinej hodiny, keď cena vzrástla o 21 % medzi 5:30 a 6:22 londýnskeho času. Skutočné investície, ako sú akcie, dlhopisy a nehnuteľnosti, generujú reálny príjem. V tom, že jeho cena nie je spojená s ekonomickými fundamentmi. Špekulanti kupujú Bitcoiny, pretože si myslia, že ich predajú neskôr za ešte vyššiu cenu.",1
Pomôcka pre podnikateľov. Na aké výdavky nezabudnúť na konci roka?,"19 zákona o dani z príjmov v znení účinnom od 1. 2015 najviac do výšky 20 % z hodnoty sprostredkovaného obchodu. Nájomné za prenájom hmotného majetku (hnuteľnej veci, nehnuteľnosti) a nehmotného majetku (napr. Príjemca môže takto získané prostriedky minúť až do konca budúceho roka a do výšky 20 000 eur/rok sú pre neho oslobodené od dane z príjmov. Určite výtlačkami samotných štúdií, rovnako ako akéhokoľvek dôkazového materiálu, komunikácií, ktoré by oprávnenosť ceny a výdavku potvrdili. V prípade, žeby bola nehnuteľnosť vypožičaná bezplatne, vypožičiavateľ si môže do daňových výdavkov (nákladov) zahrnúť len výdavky na energie, ktoré vynaloží v súvislosti s užívaním zapožičanej hnuteľnej veci alebo nehnuteľnosti. Výdavky (náklady) na prieskum trhu Do tejto skupiny výdavkov podľa usmernenia Finančnej správy nepatria len výdavky na marketingové štúdie a prieskumy trhu, ale aj akékoľvek štúdie iného druhu, napríklad výrobné.",0
"Majiteľ luxusnej značky šperkov dostal neobyčajnú zákazku: Rúško za 1,3 milióna eur",Na trojmesačnú prácu vybral Levy 25 párov tých najšikovnejších rúk zo svojej firmy.,0
Europol eviduje prudký nárast podvodov pri nakupovaní cez internet: Na koho zločinci poľujú,"""Lockdowny po celej Európe so sebou priniesli množstvo nových možností online obchodu, ktoré sa často ukázali byť cieľom zločincov,"" napísala agentúra. Europol uviedol, že takzvaný dark web je naďalej hlavným trhom pre nezákonnú činnosť, a to aj napriek nedávnym úspechom pri odstraňovaní nelegálnych webových stránok, akou bol napríklad portál DarkMarket.",0
Desaťtisíce ľudí ostali cez Vianoce v pomykove: Banka im omylom poslala 130 miliónov!,"Zamestnanci banky, ktorá je britskou dcérou španielskeho finančného ústavu Santander, sa teraz snažia získať peniaze naspäť.",0
Pre podnikateľa nie je „bezodplatná“ pomoc bezplatná. Musí zaplatiť DPH a niekedy aj clo (otázky a odpovede),"V zákone o dani z príjmov sa poskytnutý dar rieši len v prípade, ak ho dáva právnická alebo fyzická osoba – podnikateľ, a to z pohľadu uplatnenia daňového výdavku.",0
"Most pri Kurimanoch sa zrútil pred dvoma rokmi, nestíhajú nikoho","Národná diaľničná spoločnosť musela preveriť všetky rozostavané mostné konštrukcie aj bezpečnosť práce na diaľničných stavbách. Zamestnanci zodpovední za podpery údajne nemali navyše potrebné odborné osvedčenia. Časť dôležitých zamestnancov nemala dostatočnú odbornosť, podpery, ktoré mali držať most počas jeho výstavby, boli slabé, a ich statika nezodpovedala našim zákonom.",0
Sulík pre HN: Chápem migrantov. Ale nie Merkelovú,"Aj keby áno, tak hádam nebudeme niekomu platiť celú výplatu a kanceláriu, aby sme nemali nezamestnanosť. Ale keď tam jedného dňa nebudú, tak svoju predstavu budú musieť zmeniť, inak budú bez práce. Celkovej životnej úrovni viac pomôže 15-percentná daň z príjmu v rovnakej hodnote ako sociálne balíčky. Chcete zaviesť to, že zamestnávateľ sa môže s budúcim zamestnancom dohodnúť, či bude pracovať na trvalý pracovný pomer, živnosť a podobne? Dnes sa pod zlepšením postavenia zamestnancov rozumie arbitrárne a administratívne zvyšovanie sociálnej ochrany a to je to, čo považujeme za škodlivé. Financie. Hovorím, že ministerstvo financií. KDH prišlo s tým, že chcú zavreté obchody v nedeľu. Keď sa zavedie odvodový bonus, viem si predstaviť, že by sa zrušil celý úrad práce. Napríklad v Rimavskej Sobote je vyše 30-percentná nezamestnanosť, a tam je dohoda ťažká. Nemusí mu držať pri hlave pištoľ fyzicky, ale miera nezamestnanosti je istou formou „zbrane“. Nemyslíme si, že napríklad zvýšenie počtu dovolenkových dní, ktoré si zamestnanci v konečnom dôsledku zaplatia sami, je nejakým benefitom. Pokiaľ zamestnancovi nikto nedrží pištoľ pri hlave, je to dobrovoľná voľba. Potom nedeľme 300 miliónov iba budúcimi zamestnancami Jaguaru, ale pridajme k tomu ešte ďalších odhadom 7-tisíc ľudí, ktorých zamestnajú subdodávatelia. Preto hovoríme, že keď zlepšíme podnikateľské prostredie, tak tie firmy budú zamestnávať viac ľudí, viac ľudí znamená väčší dopyt po práci a to je najspoľahlivejšia sociálna ochrana a zároveň je to cesta k vyšším mzdám. Sto firiem, ktoré zamestnajú po 30 ľudí, dostane tiež 100-tisíc eur na zamestnanca? Tam je 9000 zamestnancov. To nie je ten konzervativizmus, že chceme zakázať obchody v nedeľu. Tá prvá je znížiť dlh štátu a nezaťažiť budúce generácie, druhá je nevybrať v ďalšom roku tie peniaze od ľudí a tretia naďalej ich vyberať a potom ich rozdávať ako Ježiško. Vo vašom programe sa dosť málo hovorí o zamestnancoch. Zákonník práce má množstvo paragrafov, ktoré majú predstavovať akúsi sociálnu ochranu zamestnanca. Škrtali by ste alebo by ste zvyšovali príjmy? Štát môže zlepšiť podmienky pre zamestnávateľov, aby sa im ľahšie zamestnávalo, ľahšie sa im tvorili zisky. Štát tu nie je na to, aby hľadal prácu, to musia urobiť ľudia, oni sa predsa chcú mať lepšie. Štát tu nie je preto, aby každému jednému hľadal prácu.",0
W. Schäuble neočakáva obchodnú vojnu s USA,"Nemecký minister financií Wolfgang Schäuble neočakáva obchodnú vojnu so Spojenými štátmi, aj keď nový americký prezident Donald Trump kritizoval nemecké automobilky.",0
"Vývoj chudoby v Nemecku: Nový rekord, pod hranicou až 13 miliónov ľudí","Dochádza k záveru, že pred dvoma rokmi žilo v Nemecku rekordných asi 12,9 milióna chudobných osôb, teda tých, ktoré mali menej ako 60 percent stredného príjmu. Iní spomínajú rast HDP, flexibilný pracovný trh alebo rekordne nízku mieru nezamestnanosti. Niektorí zdôrazňujú, že nožnice medzi chudobnými a bohatými sa roztvárajú a čisté príjmy rastú len pomaly. Za hranicu chudoby sa v Nemecku považuje mesačný príjem: 942 eur pre samostatne žijúcich bezdetných 1225 eur rodič samoživiteľ s dieťaťom do 14 rokov 1413 eur rodič samoživiteľ s dieťaťom od 14-18 rokov 1507 eur rodič samoživiteľ s dvoma deťmi do 14 rokov 1696 eur rodič samoživiteľ s dvoma deťmi, jedno pod 14 rokov, druhé do 18 rokov 1884 eur rodič samoživiteľ s dvoma deťmi medzi 14 až 18 rokov 1413 eur pre bezdetný pár 1696 eur pár s jedným dieťaťom do 14 rokov 1884 eur pre pár jedným dieťaťom vo veku medzi 14-18 rokov 1978 eur pre pár s dvoma deťmi maldšími než 14 rokov 2167 eur pre pár jedným dieťaťom pod 14 rokov a druhým mladším než 18 rokov 2355 eur pre pár s dvoma deťmi vo veku medzi 14 -18 rokov Do roku 2010 chudoba klesala, následne ale začala rásť.",1
Základňou britskej banky Standard Chartered v EÚ by mal byť Frankfurt,"Británia totiž odchodom z Únie opustí aj spoločný trh. Na rozdiel od iných veľkých bánk, ktoré veľkú časť príjmov generujú v krajinách EÚ, Standard Chartered sa viac orientuje na Áziu, Blízky východ a Afriku. Najväčšiu šancu má práve Frankfurt nad Mohanom, ktorý je finančným centrom najväčšej ekonomiky EÚ, ako aj sídlom Európskej centrálnej banky. Napriek tomu sa chce zabezpečiť, keďže aj kontinentálna Európa sa podieľa na jej tržbách, aj keď len zhruba 5 %. Napríklad banka HSBC oznámila, že z Londýna plánuje presunúť okolo 1000 zamestnancov, a to do Paríža. Nedávno predstaviteľ nemeckej banky Deutsche Bank, ktorá má v Londýne okolo 9000 zamestnancov, varoval, že banka možno bude musieť presunúť z Londýna do EÚ takmer polovicu z tohto počtu. Čo sa týka vplyvu brexitu na biznis Standard Chartered, banka dala najavo, že na jej aktivitách a príjmoch sa odchod Británie z EÚ príliš neprejaví.",0
Britskí liberálni demokrati majú nového šéfa: Stal sa ním exminister Vince Cable,"Bývalý britský minister obchodu Vince Cable sa vo štvrtok stal novým šéfom opozičných Liberálnych demokratov, ktorí sú štvrtou najsilnejšou stranou v Spojenom kráľovstve. Sir Vince Cable pôsobil v rokoch 2010-2015 ako minister obchodu vo vláde premiéra Davida Camerona, v ktorej boli Liberálni demokrati koaličným partnerom konzervatívcov.",0
Nemecká vláda je zdržanlivá ohľadom návrhu automobiliek na zníženie emisií,"Spolkové ministerstvo životného prostredia konštatovalo, že nie je vecou automobilového priemyslu, aby si navrhoval vlastnú reguláciu.",0
"Viceprezident WTO kritizuje USA pre ich politiku ""America First""","Organizácia sa musí zaoberať aj otázkou zrušenia dovozných ciel na ekologický tovar, dostupnosťou služieb a jednotnými medzinárodnými pravidlami pre elektronický obchod.",0
Nemecko má oficiálne novú koalíciu: Merkelová bude opäť kancelárkou,"""Máme pred sebou veľmi veľa práce,"" povedala na spoločnej tlačovej konferencii s dočasným predsedom SPD Olafom Scholzom a šéfom CSU Horstom Seehoferom v Berlíne.",0
Volkswagen mal skreslovať objem škodlivín aj v benzínových autách,"2018 19:00 Manipulovanie hodnôt CO2 vo výfukových plynoch vozidiel s benzínovým motorom Volkswagenu (VW) sa zatiaľ nepreukázalo. Denník Bild am Sonntag napísal, že svedkovia v záznamoch z vyšetrovania prokuratúry v Mníchove uviedli, že v autách VW, Audi a Porsche s benzínovým motorom dochádzalo na testoch k manipulácii množstva škodlivín vo výfukových plynoch.",0
Palubný personál aerolínií Germanwings vstúpil do trojdňového štrajku,Dôvodom štrajku sú najmä platové požiadavky a pravidlá týkajúce sa práce na čiastočný pracovný úväzok.,0
Nemecko zaostáva za ostatnými štátmi EÚ v tempe rastu minimálnej mzdy,"Bez zohľadnenia inflácie sa úroveň minimálnej mzdy zvýšila o 4,4 % v celej Európskej únii a len 0,3 % v Nemecku, uvádza sa v štúdii. Düsseldorf 16. februára (TASR) - Nemecko zaostáva za ostatnými krajinami Európskej únie (EÚ) v otázke minimálnej mzdy. Hoci majú Británia a 21 štátov EÚ nižšie minimálne mzdy, nedávno ich zvýšili oveľa strmšie, v priemere o 6 %, zatiaľ čo v Nemecko zaznamenalo jej nárast o 1,7 %. Nemecko zaostáva za ostatnými štátmi EÚ v tempe rastu minimálnej mzdy Nemecko zaviedlo od roku 2015 minimálnu hodinovú sadzbu na úrovni 8,50 eura. „Nemecko zaviedlo minimálnu mzdu pomerne neskoro a na relatívne nízkej úrovni,“ uviedol odborník na mzdy Thorsten Schulten.",1
"Volkswagen obnovil produkciu v Poľsku, predbežne na 20 % kapacity","Ako uviedla agentúra DPA, do práce sa zatiaľ vrátilo zhruba 25 % z celkového počtu 11.000 zamestnancov. Ako uviedol člen predstavenstva VW zodpovedný za výrobu Andreas Tostmann, výroba v závode Wolfsburg bude na začiatku na úrovni 10 až 15 % predkrízovej kapacity a nasledujúci týždeň by mala dosiahnuť zhruba 40 %. Tento týždeň by sa v továrni malo vyrobiť 1400 áut a do 14 dní by produkcia mala stúpnuť na 6000 kusov. VW spustil v pondelok produkciu vo viacerých závodoch vrátane najväčšieho vo Wolfsburgu. Varšava 27. apríla (TASR) - Nemecká automobilka Volkswagen v pondelok opätovne spustila produkciu v Poľsku, ktorá bola pre opatrenia súvisiace so šírením nového koronavírusu pozastavená päť týždňov. Volkswagen obnovil produkciu v Poľsku, predbežne na 20 % kapacity Výroba je zatiaľ spustená na 20 % kapacity.",0
Bundesbank očakáva tento rok rast ekonomiky o takmer 4 percentá,"""Nemecká ekonomika prekoná krízu spôsobenú pandémiou,"" zdôvodnil šéf Bundesbank Jens Weidmann zlepšenie vyhliadok. ""Už počas tohto leta by sa výkon ekonomiky mohol opäť dostať na predkrízovú úroveň,"" uviedol Weidmann. Bundesbank očakáva tento rok rast ekonomiky o takmer 4 percentá Frankfurt nad Mohanom 11. júna (TASR) - Po minuloročnom prepade spôsobenom pandémiou Bundesbank v tomto roku počíta s nárastom domácej ekonomiky o 3,7 %. V minulom roku stiahla koronakríza najväčšiu európsku ekonomiku do najhlbšej recesie od globálnej finančnej krízy v roku 2009.",1
Von der Leyenová: Nové sankcie Únie proti Rusku sa zamerajú na banky a ropu,"""Myslím si, že skôr či neskôr príde aj na opatrenia týkajúce sa ropy a dokonca aj plynu,"" uviedol predseda Európskej rady Charles Michel v Európskom parlamente po rozhodnutí o piatom balíku sankcií proti Rusku. EK podľa Leyenovej práve pripravuje ""mechanizmy, aby do ďalšieho balíka sankcií mohla byť zahrnutá aj ropa"". Hlavným cieľom je znížiť Putinove príjmy, z ktorých financuje vojnu na Ukrajine, zdôraznila šéfka EK. Nové sankcie, ktoré proti Rusku pripravuje Európska únia (EÚ), sa zamerajú na banky, predovšetkým na Sberbank, rovnako ako na ropu, uviedla šéfka Európskej komisie (EK) Ursula von der Leyenová. Poprední predstavitelia EÚ už vyjadrili, že sú pripravení zakázať dovoz ruskej ropy. Takže EÚ nesmie pripustiť, aby na iných trhoch predával ropu, ktorá by inak smerovala do EÚ, za ešte vyššie ceny. Von der Leyenová: Nové sankcie Únie proti Rusku sa zamerajú na banky a ropu",1
Až polovicu spotreby elektriny v Nemecku pokryli obnoviteľné zdroje,"Až polovicu spotreby elektriny v Nemecku pokryli obnoviteľné zdroje Celková spotreba elektriny v Nemecku v prvom polroku klesla o 0,8 percenta na 281 miliárd kilowatthodín (kWh). Obnoviteľné zdroje energie sa v Nemecku v tohtoročnom prvom polroku podieľali na spotrebe elektriny vďaka priaznivým klimatickým podmienkam 49 percentami. Oznámili to dnes Nemecký zväz energetického a vodohospodárskeho priemyslu (BDEW) a Centrum pre výskum solárnej a vodíkovej energie (ZSW). Predbežné údaje boli vypočítané na základe požiadaviek Európskej únie, ktorá podiel jednotlivých zdrojov elektriny na trhu zakladá na spotrebe, nie na výrobe. Viac ako polovicou sa na spotrebe elektriny v Nemecku podieľali obnoviteľné zdroje v prvej polovici roka 2020. Výroba elektriny v Nemecku vzrástla o 1,7 percenta na 298 miliárd kWh, čo posilnilo úlohu Nemecka ako čistého vývozcu elektriny. Výroba z obnoviteľných zdrojov, ktoré popri veternej energii zahŕňajú solárnu, vodnú, biomasu, odpadovú a geotermálnu energiu, prispela k celkovej výrobe 139 miliardami kWh.",0
Kanada uvoľní turbínu pre plynovod Severný prúd 1,"Krátko po rozhodnutí Gazpromu Nemecko aktivovalo druhý stupeň v rámci svojho trojstupňového núdzového programu pripraveného v dôsledku zhoršujúcej sa situácie na trhu s plynom. Oznámil, že ukrajinský plynovodný systém dokáže prepraviť dostatočný objem plynu na vykompenzovanie dodávok cez Severný prúd 1. Ruský plynárenský koncern Gazprom v júni obmedzil tok plynu cez Severný prúd 1 iba na 40 % kapacity a uviedol, že za zníženými dodávkami je zadržiavanie kľúčovej kompresorovej turbíny spoločnosťou Siemens Energy v Montreale, kam bolo zariadenie poslané na opravu. Samotná nemecká vláda dôvody Gazpromu, pre ktoré ruská firma obmedzila dodávky plynu cez Severný prúd 1, odmietla a uviedla, že vrátenie turbíny vezme Rusku tento argument. Wilkinson v tejto súvislosti uviedol, že bez dostatočných dodávok zemného plynu bude nemecká ekonomika výrazne trpieť a Nemcom bude hroziť, že s nastupujúcou zimou nebudú schopní zabezpečiť dostatočné vykurovanie domácností.",0
Zvolenská stiahla z vlády svoj návrh. Kvôli Richterovi,"Dôvodom je rozpor s ministrom práce Jánom Richterom (Smer-SD) a Konfederáciou odborových zväzov SR. Minister práce a odborári žiadajú, aby zdravotné poisťovne povinne uzatvárali zmluvy o úhrade poskytnutej zdravotnej starostlivosti so zariadeniami sociálnych služieb. Predpokladaný ročný dosah zavedenia ošetrovateľskej starostlivosti sestier v zariadeniach sociálnych služieb je odhadovaný na základe vykonaného auditu ministerstva práce na takmer dva milióny eur ročne.",0
Petržalčania sa búria. Kvôli kontroverznej stavbe idú za Kiskom,"Obyvatelia pripomínajú, že tak dôjde k porušeniu ochrany zdravia ľudí a životného prostredia, k zníženiu kvality užívania bytov i k znižovaniu ceny nehnuteľností. Petržalský stavebný úrad zastavil práce na Domine ešte v zime.",0
Martin musí zaplatiť milióny cyperskej firme. Primátor píše Ficovi,"„Dali sme si urobiť znalecký posudok, z ktorého jasne vyplýva, že od začiatku to je jasný plánovaný útok na verejné financie.",1
Slovensko môže zažiť hromadné výpovede zdravotníkov. Pred voľbami,"""Ja, nižšie podpísaný zdravotnícky pracovník, zamestnanec jednej zo slovenských nemocníc, deklarujem svoju pripravenosť a rozhodnutie ukončiť svoj pracovný pomer v tejto nemocnici výpoveďou v prípade, že nebudú splnené alebo aspoň podniknuté základné kroky k splneniu nasledujúcich požiadaviek,"" píše sa v deklarácii, s ktorou chcú teraz zdravotnícke organizácie osloviť zamestnancov. Okrem toho, že nie sú na ne podľa jeho slov peniaze, neschvaľuje ani plošnú reguláciu miezd. Organizácie reprezentujúce asi 60-tisíc ľudí dnes avizovali, že idú od zamestnancov v zdravotníctve zbierať podpisy pod deklarácie o pripravenosti k výpovedi. Rovnako volajú po započítavaní materskej či práceneschopnosti do času odbornej praxe, zvýšenie počtu sestier a pôrodných asistentiek v systéme, ako aj zvýšenie ich miezd a zohľadňovanie odpracovaných rokov. Tým, ktorí by v prípade jej vyhlásenia nenastúpili do práce, tak hrozia tresty. V nich vyzývali na dodržiavanie Zákonníka práce, dofinancovanie systému, lepšie mzdové ohodnotenie a zastavenie transformácie štátnych nemocníc na akciové spoločnosti. Zdravotníci chcú takto dosiahnuť riadne financovanie zdravotníckych zariadení, ako aj zákon upravujúci mzdy všetkých zdravotníckych pracovníkov bez ohľadu na to, v akom prostredí pracujú. „Podať výpoveď je zákonné právo každého zamestnanca, preto ho nemožno nijakým spôsobom postihovať.",1
"Systém prestáva fungovať, pacient je tu úplný chudák","Penta je ako plyn, využije každý priestor, ktorý jej poskytnete, hovorí v rozhovore pre HN exminister zdravotníctva Rudolf Zajac: Ministerstvo zdravotníctva má za sebou už niekoľko káuz. Tie zákony sú postavené na prísne regulovanom, ale predsa len trhu.",0
Desiatky škôl ostanú zajtra uzavreté. Učitelia bojujú za lepšie podmienky,"""V tomto dokumente sa musí odraziť základná politická garancia, že do školstva pôjde v nasledujúcom období viac financií,"" zdôraznil šéf rezortu školstva. Minister školstva Juraj Draxler v reakcii na protest učiteľov uviedol, že so základnou požiadavkou, že do slovenského školstva musí ísť viac financií, súhlasí.",1
Pre výpovede sestier sú ohrození rizikoví pacienti,"Nebudú sa tak starať o pacientov, ale o povinné hlásenie na úrade práce.",1
"Rudolf Zajac: Strácajú sa milióny, no na pacientoch sa šetrí","Ak sa zníži cena liekov, začnú predpisovať viac balení. Aký je tam stav zamestnanosti a produktivita práce? O tom, kto dostane zmluvu s poisťovňou, sa nerozhoduje na základe kvality a ceny, ale podľa toho, čo povie ten, ktorý sprivatizoval vedenie zdravotnej poisťovne (pozn. Pokiaľ by bola v roku 2006 vyhláška o čakacích listinách schválená, tak by žiadna Penta ani Union a už vôbec nie Všeobecná zdravotná poisťovňa nemohli tvoriť zisk, pretože výnosy mínus náklady rovná sa zisk. To sú náklady budúcich období z hľadiska ekonomiky, ktoré si musí poisťovňa napísať do hospodárskeho výsledku. Už zákony prijaté za mňa sú postavené na cene dohodou. V neefektivite, prezamestnanosti, vo vysokých fixných nákladoch, v nízkej produktivite práce a v predražených nákupoch. Čo treba urobiť, aby sa tok financií v zdravotníctve sprehľadnil? Ľudia hovoria, že ja som ten, ktorý pustil Pentu na trh. Štát však dáva jednu tretinu verejných financií, dve tretiny dávame ešte my, ekonomicky aktívni.",1
"""Bojím sa, mamička,"" kričalo malé dievča. Blogerka zverejnila ďalšie video násilného odobratia dieťaťa","V stredu poslankyne Erika Jurinová (OĽaNO), Martina Šimkovičová (Sme rodina), Natália Blahová (SaS) zvolali výbor pre ľudské práva, kde žiadali vysvetlenie a objasnenie situácie od ministerky spravodlivosti Lucie Žitňanskej a ministra práce, sociálnych vecí a rodiny Jána Richtera.",0
"Matka Natálie z kauzy Galanta podáva trestné oznámenie na Ficovho poradcu: Nemal povolenie, toto je vrchol","Tomáš zverejnil list na tlačovej konferencii konanej v piatok 23. septembra 2016 údajný list Natálie, ktorý mala napísať šéfredaktorovi televízie JOJ s tým, že Tomáš má na jeho zverejnenie súhlas zamestnancov Čistého dňa.",0
Jána (†39) stáli sexuálne praktiky život: Spútaného v latexe ho našla anglická priateľka,"Ján za prácou často dochádzal do Londýna. Po tom, čo spolu začali chodiť, rozhodli sa presťahovať sa z hlavného mesta a usadiť sa v Bridgwater, kde Katie získala prácu ako učiteľka.",0
Scania zvoláva tisícky medvedíkov. Môžu spôsobiť udusenie,"Hračku môžu zákazníci vrátiť ktorémukoľvek predajcovi Scania, kde im bude v plnej výške preplatená cena produktu. Plyšový medvedík bol dostupný v oficiálnych predajniach vozidiel Scania, v stánkoch a obchodoch s výrobkami pod firemnou značkou, na rôznych podujatiach a výstavách.",0
"Psychologička o prípade Evky a Robky, ktorých mama zomrela brutálnou smrťou: Liek na boľavé srdce!","Smútková práca alebo poradenstvo u detí trvá približne ako u dospelých, čiže zhruba 2 roky.",0
"Ukrajina stopne štátne vlaky do Ruska, tvrdia ruské médiá",Cena lístka je až štyrikrát vyššia ako v prípade vnútroštátneho cestovného.,0
Bývalý šéf KDH bojuje so zvláštnym typom rakoviny: Figeľ hľadá pomoc v zahraničí!,"Funguje ako továreň na výrobu buniek, ktoré dozrievajú v dreni a potom putujú do krvného obehu. Za jeho éry významne klesli súťažené ceny za dopravné megazákazky.",0
"Partizán Viktor Chmura: Videl som toľko smrti, že som stratil cit",Často chodiť kilometre peši na prácu.,0
GM Korea sa na poslednú chvíľu vyhla bankrotu vďaka dohode s odbormi o mzdách,"Americká automobilka General Motors (GM) zrušila plánované hlasovanie o vyhlásení konkurzu svojej juhokórejskej divízie po tom, ako v pondelok dosiahla predbežnú dohodu o mzdách s tamojšou odborovou organizáciou. GM Korea sa na poslednú chvíľu vyhla bankrotu vďaka dohode s odbormi o mzdách GM Kórea však ešte potrebuje rokovať s KDB o podmienkach finančnej podpory, a zároveň sa snaží zabezpečiť si daňové a iné stimuly od ministerstva priemyslu. GM získa vďaka dohode úľavy na mzdách, bonusoch a iných výhodách. GM šokovala Južnú Kóreu vo februári, keď predstavila rozsiahly plán reštrukturalizácie pre tamojšiu stratovú divíziu, ktorá zahŕňa aj zatvorenie jedného zo štyroch závodov v krajine a prepustenie 2600 zamestnancov. Výrobca automobilov sa snažil dohodnúť s odbormi na úľavách na mzdách a s vládou v Soule na poskytnutí podpory, aby zachránil zvyšné tri juhokórejské továrne.",0
Takmer legendárny spor z Malaciek sa skončil: Problémových susedov vyhnali a dom zbúrajú,"Mestu sa s vlastníkmi pozemku podarilo dosiahnuť dohodu o jeho predaji, pričom zo získanej sumy sa vysporiadali ich dlhy voči mestu a ďalším subjektom. Voči mestu nesmú mať dlhy, musia pracovať a ich deti musia riadne chodiť do školy. Ďalšia časť obyvateľov Družstevnej je súčasťou projektu sociálnej inklúzie, čo znamená, že má v nájme pozemok a mesto ich pravidelne kontroluje formou terénnej sociálnej práce. „Dve rodiny dostali nájomné bývanie nižšieho štandardu, na ktoré získalo mesto dotáciu z ministerstva vnútra.",0
Takýto krok zo strany automobilky neočakával: Kia dala šéfovi odborov okamžitú výpoveď,"8. mali nastúpiť späť do zamestnania a požiadať o voľno na výkon odborárskej činnosti na základe Zákonníka práce. Automobilka tvrdí, že keby nastúpili do práce, mohli ďalej vyvíjať odborársku činnosť a dostávali by mzdu. Chládek podľa vlastných slov poberá od odborov minimálnu mzdu a bude sa so zamestnávateľom súdiť o neplatnosť výpovede. Do práce však nenastúpili, a tak im na základe lehoty určenej Zákonníkom práce bolo po viac ako 6 týždňoch doručené okamžité skončenie pracovného pomeru. Dodatok však Kia jednostranne vypovedala a vyzvala zamestnancov, aby nastúpili na pôvodné pozície. Dostávali by svoju mzdu a mohli vykonávať svoju činnosť. Kia trvá na tom, že je to vina troch zamestnancov a že všetky záväzky z kolektívnej zmluvy si firma plní a pripravuje aj návrh novej kolektívnej zmluvy na zvýšenie miezd. Na konci júla sa dohoda skončila, a tak mali 3 odborári nastúpiť do práce a mohli okamžite požiadať o pracovné voľno na odborársku činnosť. Otvoriť galériu Kia dala výpoveď šéfovi Zdroj: roj Otvoriť galériu Zamestnávateľ sa bráni Kia hodnotí situáciu ako rozhodnutie troch zamestnancov: „Kia akceptovala dodatok k zmluve počas trvania dohody o uvoľnení podľa Zákonníka práce. Prepustení odborári si však myslia, že Kia pristúpila k takémuto kroku po tom, ako odbory zavolali do automobilky kontroly z inšpektorátu bezpečnosti práce alebo životného prostredia a myslia si, že padáka dostali ako pomstu. Šéf odborov Miroslav Chládek (49) zostal bez práce v automobilke po siedmich rokoch, a hoci je pripravený brániť sa, súčasná situácia ho poriadne zobrala. „Ľudsky je mi to veľmi ľúto, že to takto dopadlo, azda to zvládneme,“ poznamenal odborový predák, ktorý, podľa vlastných slov, chcel vždy iba bojovať za lepšie podmienky pre zamestnancov.",1
Zlá správa pre tenis: Jeden z najprestížnejších turnajov sa hrať nebude!,"""Sme veľmi sklamaní, že turnaj sa neuskutoční, no zdravie a bezpečnosť miestnych obyvateľov, fanúšikov, hráčov, dobrovoľníkov, sponzorov, zamestnancov, predajcov a všetkých zainteresovaných sú na prvom mieste,"" povedal riaditeľ turnaja Tommy Haas pre agentúru AFP.",0
"Minúta po minúte: Deti podľa Matoviča zostanú doma až do konca júna, počas Veľkej noci chce výraznejšie obmedziť pohyb ľudí","(tasr) Automobilky odstavili výrobu v mnohých svojich závodoch, keďže vlády po celom svete prijali reštriktívne opatrenia na zastavenie šírenia nového koronavírusu. (tasr) PKS pripomína, že Slovensko nie je potravinovo sebestačná krajina a je závislé od dovozu potravín zo zahraničia. (čtk, n) V prvej polovici tohto roka by nemecké hospodárstvo mohlo v niektorých mesiacoch zaznamenať aj viac než 8-percentný prepad, povedal podľa Reuters Altmaier. Aliancia zároveň poznamenala, že niektoré krajiny reagovali na nedostatok liekov na trhu zákazom ich vývozu do zahraničia, čo môže spôsobiť, že sa nedostanú práve do nemocníc, kde je ich nedostatok. Doplnil, že minister práce „dokonca pracuje na návrhu Smeru, aby sa predĺžilo obdobie poberania rodičovského príspevku“. Existuje zhoda, že opätovné naštartovanie produkcie bude vyžadovať celoúniový prístup. Javorčík ocenil aj iniciatívu EK zriadiť nástroj solidarity (SURE) vo výške 100 miliárd eur, ktorý pomôže pracovníkom v členských krajinách EÚ udržať si príjmy a podnikom zostať pri živote. Komora dnes požiadala ministra pôdohospodárstva Jána Mičovského, aby z ďalšej diskusie vlády týkajúcej sa tohto scenára bola vyňatá potravinárska výroba a voľný pohyb potravín v rámci krajín EÚ a aby boli ďalšie kroky prediskutované so všetkými zástupcami potravinárskeho dodávateľsko-odberateľského reťazca. Koncom marca opäť navštívil nemocnicu – urgentný príjem. Konkrétny odhad vývoja HDP za tento rok neuviedol, súčasnú krízu označil za najhoršiu v dejinách Nemecka. Koronavírusové opatrenia a z nich plynúci nárast práce z domu vyvolali boom využívania online hier, streamingu a komunikácie, čo tlačí na stabilitu a rýchlosť internetu. Lufthansa už pre koronavírusovú krízu odstavila väčšinu lietadiel. My to vítame, a ak tieto naše podmienky budú prijaté, my za novelu Zákonníka práce zahlasujeme. Najdôležitejšie zmeny: Odklad daňového priznania a platenia dane z príjmov na celé obdobie pandémie. Najnovšia štatistika podľa ekonómov ukazuje, že problémy na trhu práce sa stupňujú. Obce, mestá a samosprávne kraje budú môcť až do konca roka 2021 používať na bežné výdavky aj financie z rezervných fondov, kapitálových príjmov a úverov. Ocenil, že sa predĺži obdobie poberania dávky v nezamestnanosti. Odklad ročných zúčtovaní za zamestnancov, účtovných závierok, výročných správ a správ audítora. Oslobodenie od dovozného cla a DPH pri dovoze zdravotníckeho materiálu z tretích krajín. Pandémia koronavírusu zasiahla americký trh práce podstatne tvrdšie než recesia v období svetovej finančnej krízy. Parlament už novelu Zákonníka práce prerokoval v druhom čítaní, má už len rozhodnúť o jej schválení. Personál, ktorý sa o pacienta odo dňa príjmu na internom oddelení staral, bol vybavený ochrannými pracovnými prostriedkami a pristupoval k nemu ako k osobe podozrivej. Podľa zdroja rozhovory dospeli k dohode, že sa vytvorí pracovná skupina, ktorej súčasťou budú predstavitelia vlády, výrobcov a Ústavu Roberta Kocha a ktorá stanoví štandardy ochrany zamestnancov, ktoré sa budú musieť dodržovať po obnove výroby. Poslanci boli napríklad proti tomu, aby zamestnávateľ počas mimoriadneho stavu mohol nariadiť zamestnancovi odpracovanie času, za ktorý mu patrila náhrada mzdy, ak bola výroba zastavená. Posunutie termínov pri 2 % dane z príjmu. Preto treba všetky kroky dôkladne zvážiť a najmä v rámci akéhokoľvek scenára zachovať potravinársku výrobu a voľný pohyb potravín v rámci EÚ,“ tvrdí Poturnay. Pripomína, že na Slovensku fungujú aj veľké potravinárske podniky, ktoré produkciou zásobujú ostatné krajiny a prípadné zastavenie výroby by mohlo znamenať presun tejto výroby do iných krajín. Prostredníctvom neho by eurokomisia poskytovala členským štátom pôžičky na udržiavanie zamestnanosti a mohla by tak pomôcť firmám a podnikateľom prekonávať ťažké obdobie, aby nemuseli prepúšťať a aby sa podarilo zachovať čo najväčší počet pracovných miest,“ opísal situáciu Javorčík. Tento Zákonník práce tiež potvrdzuje, že nevedia, s čím majú prísť,“ adresoval na účet vládnej koalície Fico. V izolácii sa teda aktuálne nachádzajú všetci zamestnanci FNsP, ktorí sa s pacientom dostali do kontaktu. V rokoch 2007 až 2009 týždenný počet žiadostí o podporu dosiahol maximálne 665-tisíc, celkovo prišlo v tom období o prácu 8,7 milióna ľudí. V stredu oznámila, že sa chystá skrátiť pracovný čas takmer dvom tretinám zamestnancov. Vedúci predstavitelia najväčších amerických aeroliniek American Airlines v pondelok oznámili zamestnancom, že chcú požiadať vládu Spojených štátov o pomoc v hodnote až 12 miliárd dolárov. Vo februári miera evidovanej nezamestnanosti dosiahla 5,05 %. Vrchol krízy minister očakáva v apríli a máji, v druhej polovici roka by sa situácia mohla stabilizovať. Výhrady, ktoré mali k novele Zákonníka práce, sa podľa Fica po ich upozorneniach odstránili, rovnako si minister práce Milan Krajniak (Sme rodina) konečne našiel čas na rokovania s odborármi. Z pohľadu dlhodobejších dôsledkov tohto kroku by došlo k ďalšiemu poklesu slovenských potravín na pultoch obchodov a zvýšenému dovozu potravín, pretože výroba by sa už nemusela na Slovensko vrátiť“, upozornil Daniel Poturnay, prezident PKS. Za dobrú správu považuje, že bolo podaných na ústredie práce iba 10 oznamov o hromadnom prepúšťaní. Za nesplnenie povinnosti evidovať tržbu v eKase hrozí obchodníkovi pokuta vo výške od 330 do 3300 eur. Zdroj z Volkswagenu povedal pre agentúru Reuters, že výrobcovia diskutovali o situácii v odvetví a o tom, ako by mohli obnoviť výrobu po koronakríze. Zákonom chce vláda prinútiť prenajímateľov obchodov znížiť nájom počas karantény o 30 až 40 %. Zástupcovia vlády a Lufthansy podľa zdrojov rokujú o úveroch aj o možnej kapitálovej investícii. „Mnohé z veľkých potravinárskych podnikov na Slovensku nepatria medzi subjekty hospodárskej mobilizácie, ale presun výroby do zahraničia by mal na slovenský potravinársky priemysel a poľnohospodárstvo devastačné účinky, pretože mnohé suroviny odoberajú práve od slovenských poľnohospodárov. „Nemôžeme rešpektovať odpracovanie 400 hodín, zrazu zisťujeme, že to nebude iba jeden mesiac navyše, pokiaľ ide o podporu v nezamestnanosti, ale že to bude na celú dĺžku trvania obdobia, ktoré je pre Slovensko mimoriadne negatívne,“ uviedol Fico. „Ohlásenie blackoutu a možného zásobovania obyvateľov potravinami za spolupráce armády by mohlo vyvolať nekontrolovateľné nákupy potravín, vykupovanie zásob, čo by mohlo vyústiť do skolabovania dodávateľsko-odberateľského reťazca s potravinami. „Podstatný je aj návrh úplne nového nástroja na zmiernenie rizík nezamestnanosti, takzvaný SURE. „Rovnako nie sme sebestační v určitých kľúčových surovinách pre potravinársku výrobu, a preto by úplné zatvorenie hraníc mohlo znamenať, že by nemohli vyrábať kľúčové potravinárske odvetvia, pričom pri niektorých surovinách nie je možné z kapacitného hľadiska predzásobenie,“ tvrdí komora. „Vláda, najmä ministerstvo hospodárstva v súčinnosti so mnou, sa snažíme riešiť aj problém Decodomu, aby to malo čo najúspešnejší koniec a aby sme väčšinu tých miest mohli zachovať,“ avizoval Krajniak. „Za celý mesiac marec nedošlo takmer k žiadnemu poklesu zamestnanosti, zostalo to na rovnakej úrovni ako za mesiac február.",1
"Air France musí výrazne zredukovať lety, aby získala pomoc štátu","Vláda ponúkla leteckej spoločnosti, ktorú poškodila pandémia nového koronavírusu, balík v hodnote 7 miliárd eur vo forme štátnych záruk za úvery a priamych pôžičiek. Výmenou za úverové garancie letecká spoločnosť prisľúbila, že do konca roku 2024 zníži produkciu emisií CO2 vo Francúzsku o 50 %, dodala Bornová.",0
"Krištúfková zvolala tlačovku, na ktorej sa vzdala postu splnomocnenkyne","Nový post mal vzniknúť na návrh ministra práce Milana Krajniaka (Sme rodina). P. Krištúfková zdôraznila, že naďalej bude pokračovať v práci a riešiť rôzne formy pomoci ľuďom. Priblížil, že inštitút zanikne, nikto P. Krištúfkovú nenahradí a sama bude pokračovať vo svojej práci a riešiť problémy ľudí v sociálnej oblasti. „Nestojí mi za to, aby cez moju osobu útočili na vládu, útočili na ministra, na naše hnutie a už vôbec nie na moje deti,“ uviedla na nedeľňajšej tlačovej konferencii s tým, že naďalej bude robiť svoju prácu",0
Matúš Bero s vážením problém nebude mať: Skončil s mäsom a dal sa na box!,V auguste sa chystá online obhajovať diplomovú prácu.,0
Manažér reštaurácie Andrej († 32) sa udusil v záhradnej chatke s otcom: Milovanú dcérku už neuvidí vyrastať,"Je to veľká tragédia pre jeho rodinu a strata pre nás všetkých,“ iba ťažko hľadal slová Vladimír, ktorý dodal, že Andrej bol všestranný a z pozície barmana sa vypracoval až na brand manažéra reštaurácie. Manažér reštaurácie Andrej († 32) sa udusil v záhradnej chatke s otcom: Milovanú dcérku už neuvidí vyrastať",0
Zahraničné firmy vystrašil nový zákon Číny. Opúšťajú Hongkong,"Gordon Lam, ktorý prevádzkuje sieť barov a reštaurácií, pre CNN uviedol, že zákon je najzávažnejším útokom na slobody mesta.",0
Rusko je na nohách: Zahraničie chce zdiskreditovať našu vakcínu Sputnik V!,"""Je spoľahlivá, je dobrá, je po nej dopyt,"" dodal, pričom uviedol, že niektoré krajiny a ich obrovské farmaceutické spoločnosti, aby zabránili dovozu Sputnika V do iných krajín, sa niekedy ""skutočne uchyľujú k nie najprijateľnejším metódam"". Aj Kremeľ zaznamenáva pokusy iných krajín o diskreditáciu ruskej vakcíny Sputnik V. Zároveň sa domnieva, že na trhu s vakcínami by vôbec nemala existovať konkurencia.",0
Pre zhoršujúcu sa pandemickú situáciu budú pošty nasledujúce 2 víkendy zatvorené,"15:14 Svojim zamestnancom chcú tak aj umožniť otestovať sa Dôvodom je nepriaznivý vývoj pandemickej situácie na Slovensku a neustále rastúci počet obmedzení prevádzok pôšt, keďže mnoho zamestnancov je v povinnej karanténe, na PN či OČR. Pošta tak chce zároveň umožniť svojim zamestnancom, aby sa dali otestovať.",0
Olympiáda bez KĽDR! Športovci z tejto krajiny sa v Tokiu nepredstavia,"""Kórejská ľudovodemokratická republika sa rozhodla nezúčastniť sa na 32. olympijských hrách, aby ochránila svojich športovcov pred globálnou zdravotnou krízou spojenou s koronavírusom,"" oznámilo vedenie KĽDR.",0
Zaťala do živého?! Poslanci nevzali na vedomie správu komisárky pre deti Tomanovej,"Medzi najčastejšie problémy rodičia podľa komisárky uvádzali nedostatok financií na zakúpenie počítača pre každé dieťa, na zabezpečenie pripojenia na internet a takisto napríklad nedostatočné vysvetlenie učebnej látky.",0
"Mohli ešte žiť? Výpadok v sieti spôsobil obrovské problémy, zomrelo aj 2-ročné dieťa","Vážna porucha v systémoch francúzskej telekomunikačnej spoločnosti Orange spôsobila prerušenie práce záchranných služieb po celom Francúzsku, napísala v piatok tlačová agentúra DPA.",0
Obec na východe smúti za babkou Annou († 79): Bakuľou vyhnala ropnú spoločnosť!,"Anna Morozová († 79) bola jednou z hlavných aktérok, ktorá sa pričinila o zastavenie prieskumu a následnej ťažby ropy na severovýchode krajiny. Keď do Ruskej Poruby v roku 2015 prišli predstavitelia ropnej spoločnosti a domácim predstavili plán vykonať prieskumné vrty so zámerom ťažiť ropu, väčšina obyvateľov sa proti ich zámeru ostro postavila. Vodu a prírodu chcela zachrániť za každú cenu.",0
Smrť bieloruského aktivistu Šyšova vyvolala rozruch: Chladné vyhlásenie Lukašenka,"Ide o subjekt, ktorý občanom Bieloruska pomáhal s hľadaním bývania, vybavovaním dokladov a zamestnaním.",0
Vláda zmenila pravidlá zákazu vychádzania: Povolili cesty za rodinami na Vianoce!,"Spravili tak po tom, čo sa spustila vlna kritiky, že kompetentní otvorili všetky obchody aj vleky, ale podľa platných pravidiel nebolo možné navštíviť blízkych.",1
Vo veku 90 rokov zomrela kráľovná talianskej kinematografie Monica Vittiová,"Počas svojej kariéry získala päť talianskych ""Oscarov"" - cien Donatellov David - pre najlepšiu herečku, sedem ocenení Taliansky Zlatý Glóbus a v roku 2005 bola na filmovom festivale v Benátkach ocenená Zlatým levom za prínos svetovej kinematografii.",0
Google pritvrdzuje. V Rusku si už platené aplikácie nestiahnu,"Od tohto dátumu nie je možné v Rusku sťahovať ani aktualizovať platené aplikácie z obchodu Google Play. Ruskí občania, si od 5. mája 2022 nemôžu kupovať ani aktualizovať platené aplikácie v obchode Google Play.",0
Blíži sa pád premiéra Borisa Johnsona? Britské médiá poznajú odpoveď,Johnsona na demisiu vyzval aj novovymenovaný minister financií Nadhim Zahawi či minister obrany Ben Wallace.,0
Chaos na krajskom zastupiteľstve Nitry: Centrum pre obete domáceho násilia zostáva bez vlastných priestorov!,"Centrum pre obete domáceho násilia Slniečko zostáva bez vlastnej nehnuteľnosti. To od poslancov vyžadovalo na schválenie zámeru na predaj nehnuteľnosti pre Slniečko trojpätinovú väčšinu, a to napriek tomu, že stačila nadpolovičná väčšina poslancov.",0
Mamička porodila syna len pár hodín pred smrťou manžela († 33): Ich posledné okamihy vás rozplačú,S manželom sa preto rozhodli pre vyvolanie pôrodu a tím lekárov sa okamžite pustil do práce.,0
KDH chce štipendiá aj študentom zahraničných škôl,"Rezort financií s tým však spokojný nie je a členov snemovne žiada, aby uviedli návrhy na úhradu týchto nových výdavkov.",0
"Vysoké školy by sa mali prebudiť zo sna, odkazuje Kažimír","Kľúčovým problémom nezamestnanosti mladých na Slovensku je, že absolventi s vysokoškolským diplomom vo vrecku sa so svojimi znalosťami nevedia uplatniť na trhu práce. ""Tú netarifnú zložku sa nepodarilo doručiť všetkým zamestnancom vo februárových výplatách. ""Vysoké školstvo sa musí zobudiť zo svojho sna, musí jednak súperiť o svojich študentov a podvoliť sa tomu, že ich výstupy sú mladí ľudia, ktorí majú mať možnosť relatívne bez problémov sa uchádzať o pracovné miesto na trhu práce,"" povedal minister. Minister školstva Dušan Čaplovič (Smer-SD) nedávno povedal, že sa podarilo zabezpečiť asi 15 miliónov eur na vyrovnanie tohto deficitu. Podľa Kažimíra však na zvýšenie platov vysokoškolských zamestnancov bolo vyčlenených vyše 10 miliónov eur v štátnom rozpočte a tieto peniaze školy nemôžu používať na iné účely. V diskusnej relácii RTVS O päť minút 12 to vyhlásil minister financií Peter Kažimír (Smer-SD). Všetci zamestnanci vysokých škôl si mali od nového roka prilepšiť o 16 eur mesačne. Šéf rezortu financií tiež povedal, že podľa informácií od školských odborárov nie všetky vysoké školy zvyšujú platy svojim pedagógom tak, ako boli vlani vyrokované.",1
Firmy by motivovali daňové úľavy za žiakov,"Zamestnávatelia a školy málo propagujú odbory, kde chýbajú zamestnanci, tvrdí pre HN Ján Žačko. Možno by mladých prilákali vyššie mzdy. Musí sa nastaviť školský systém tak, aby bolo jasne zadefinované, aká je potreba trhu práce. Okrem toho, že z neho vyjdú použiteľní absolventi pripravení okamžite pre trh práce. Pedagogickí poradcovia majú málo informácií, čo je potrebné na trhu práce. Zamestnávatelia a školy málo propagujú odbory, kde chýbajú zamestnanci. Čo musí spraviť štát, aby bolo na trhu dosť ľudí, ktorých potrebuje?",0
Ľuďom sa u nás nepáči. Odišlo by trištvrte milióna Slovákov,"Populácia v najväčšej ekonomike únie, v Nemecku, by vzrástla takmer o štvrtinu,"" dodali analytici banky.",0
"Úrady práce nútili nezamestnaných, aby sa odpísali z evidencie, tvrdí Mihál","Pozitívny vývoj miery nezamestnanosti na Slovensku je výsledkom komplexu legislatívnych opatrení vlády a schopnosti jej členov vyjednávať so sociálnymi partnermi. ""Aktuálnu potrebu väčšieho počtu pracovníkov riešia tieto firmy agentúrnymi zamestnancami,"" uviedol s tým, že takýto zamestnanec je oproti kmeňovému značne znevýhodnený. ""Napríklad tým, že časť svojej mzdy dostáva cez cestovné náhrady, jeho mzda nie je porovnateľná so mzdou kmeňového zamestnanca, ale najmä tou neistotou, pretože môže skončiť doslova z hodiny na hodinu bez nároku na odstupné,"" zdôraznil. ""Ústredie práce nezapočítava do počtu disponibilných nezamestnaných ľudí, ktorí sú na krátkodobých aktivačných obecných prácach, alebo vykonávajú dobrovoľnícke služby,"" upozornil Mihál. Bývalý šéf rezortu práce poukázal na rozdielnu metodiku Ústredia práce, sociálnych vecí a rodiny (ÚPSVR) a štatistického úradu Európskej únie Eurostat, podľa ktorej je miera evidovanej nezamestnanosti v SR dlhodobo na úrovni okolo 14 %. Exminister doplnil, že dopyt po pracovnej sile zvýšili najmä veľké automobilky a ich subdodávatelia či elektrotechnický priemysel, a to vďaka celkovému oživeniu ekonomiky v Európe. Ide nám o to, aby zamestnanci neboli zneužívaní, aby to malo aj efekt pre konkrétne firmy, ale zároveň, aby to zamestnancom prinieslo stabilitu v súvislosti so sociálnym zabezpečením,"" avizoval Nezamestnanosť mierne klesá už štvrtý mesiac po sebe. Richter hovorí o tvrdých opatreniach, ktoré rezort práce v tejto súvislosti pripravuje. Uviedol to minister práce, sociálnych vecí a rodiny Ján Richter (Smer-SD) v dnešnej diskusnej relácii TA3 V politike. V máji dosiahla hranicu 12,8 %, bez práce tak bolo 345.000 ľudí. Úrady práce nútili nezamestnaných, aby sa odpísali z evidencie, tvrdí Mihál Úrady práce podľa neho zároveň vyvíjali nátlak na nezamestnaných, aby sa z evidencie dali odpísať, čím by sa nezamestnanosť umelo znížila.",1
Česká zbrojovka nám dá prácu i vývoj,"Ak by sa tak stalo, o prácu by v ťažko skúšanom regióne prišlo skoro 200 Slovákov. Zbrojársky priemysel Česká zbrojovka nám dá prácu i vývoj „V spoločnom podniku MSM Martin a Českej zbrojovky si nájde prácu 200 Nováčanov.",1
"Štát ukáže, po akej škole majú mladí šancu na prácu","Ak chce zistiť, aké šance má po jej absolvovaní zohnať si prácu, má smolu. Chcem umožniť rodičom a žiakom vybrať si školu podľa toho, aká úspešnosť na trhu práce ich potom čaká – vyhlásil Pellegrini. Štát ukáže, po akej škole majú mladí šancu na prácu",1
"Vedci pochodovali Bratislavou, žiadali dôstojné financovanie vedy","Dnešný protest sa začal pre budovou predsedníctva SAV na Štefánikovej ulici, odkiaľ pokračoval popred ministerstvo financií, Úrad vlády SR, Prezidentský palác až pred parlament, kde sa približne 500 vedcov a podporovateľov rozišlo.",0
Fico na Ukrajine: Zbrane zo Slovenska by konflikt len prehĺbili,"""Existujú len dva varianty vývoja, a to je prehĺbenie krízy, ktorá bude spojená s prehlbovaním sankcií a prehlbovaním vojenského konfliktu, alebo je druhý variant prímeria. Okrem poskytovania humanitárnej pomoci Slovensko bude podľa Fica pokračovať v reverznom toku plynu, ktorý sme spustili ešte vlani v septembri.",0
"Nástupné platy v školstve sú absurdné, tvrdia učitelia","Výrazne menej zarábajú vysokoškoláci, ktorí ukončili sociálnu prácu či humanitné vedy.",0
Unesené deti sú po štyroch rokoch doma na Slovensku,"Následne začalo Ministerstvo práce, sociálnych vecí a rodiny SR prostredníctvom Centra pre medzinárodnoprávnu ochranu detí a mládeže v úzkej súčinnosti s rezortmi vnútra a zahraničných vecí podnikať kroky, aby sa deti v čo najkratšom čase mohli vrátiť do rodnej krajiny. Pani Gajdárová sa prišla osobne poďakovať ministrovi práce Jánovi Richterovi. Riaditeľka Centra pre medzinárodnoprávnu ochranu detí a mládeže Andrea Císarová spolu s ďalšími kolegami z ministerstva práce vycestovala do Panamy, kde absolvovala rad rokovaní s miestnymi úradmi s jediným cieľom - priviezť súrodencov domov. Rovnako minister práce Ján Richter netajil veľkú radosť z toho, že deťom a ich mame sa splnil niekoľkoročný sen a sú opäť spolu. „To sú nesmierne silné a povzbudzujúce chvíle, ktoré nás len utvrdzujú v tom, že práca, ktorú robíme, padá na úrodnú pôdu,“ zdôraznil.",0
"Žiaci vyhrali robotickú súťaž, na majstrovstvá v Číne však nemajú peniaze","""Predpokladané výdavky na štartovné, cestovné, ubytovanie a stravu presahujú 1500 eur na osobu.",0
"Figeľ: Fico za posledné roky viac ľuďom vzal, ako dal","""Ak by sme mali viac práce a vyššiu životnú úroveň, tak nepotrebujeme žiadne balíčky. Jeho súčasťou je napríklad zníženie DPH na 10 percent na vybrané základné potraviny, zvýšenie minimálnej mzdy, zvýšenie materskej dávky, lacný bankový účet pre každého, obnova spoločenských priestorov nemocníc či zvýšenie príspevku na starostlivosť o dieťa. Kresťanskí demokrati podľa jeho slov navrhujú opatrenia na podporu rodín s deťmi a rastu zamestnanosti. Predseda vlády upozornil, že na financovanie prvého a druhého balíka neboli použité žiadne peniaze z predaja štátneho majetku a financovanie nemalo negatívny vplyv na dlh a deficit verejných financií.",1
Bez vzdelania = bez šance. Niekedy sa stačí “zle” narodiť,"Dôvodmi, prečo sa u nás tento prístup nepresadil, je jeho cena, čas neprispôsobený dospelým záujemcom o ďalšie vzdelávanie - učiť sa nemusia len nezamestnaní - a obmedzená akceptácia tohto typu vzdelávania zamestnávateľmi. Medzi základné praktické prekážky, brániace školám vzdelávať inkluzívne, radí Hapalová napríklad chýbajúci podporný a poradenský systém pre školy, súčasný spôsob hodnotenia škôl naviazaný na výsledky externého testovania žiakov, nedostatok financií, ale najmä spôsob ich distribúcie, ktorý priamo podporuje pro-segregačné tendencie a v neposlednom rade nedostatočné personálne a odborné kapacity škôl. Na dosiahnutie tohto predsavzatia sú podľa Jakuba Šimeka z Nadácie Pontis potrebné veľké investície, a preto ho dokážu naplniť najmä krajiny s vyšším alebo stredným príjmom, ako sú napríklad Kanada, Francúzsko, Maďarsko či Slovensko. Okrem špecifických zručností pre svoje povolanie musí pracujúci v 21. storočí ovládať aj celý rad iných zručností vrátane medziľudskej komunikácie, sebariadenia a schopnosti učiť sa, ktoré mu pomôžu čeliť neistotám na rýchlo sa meniacom trhu práce. Podporiť udržateľný ekonomický rast, zamestnanosť a dôstojnú prácu_x000D_
	9. V oblasti vzdelávania sa sústredí najmä na odborné vzdelávanie so zameraním na vstup na trh práce a vlastné podnikanie, vzdelávanie učiteľov a vybavenie školských zariadení v menej rozvinutých krajinách. Zabezpečiť udržateľnú spotrebu a výrobu_x000D_
	13.",0
"Na lepšie obedy dotácie netreba, cenu okolo eura by zvládli aj šéfkuchári","Bývalý šéfkuchár a súčasný vedúci odbytových stredísk hotela NH Gate One v Bratislave Rastislav Krampl hovorí, že výrobná cena tekvicovo-mrkvovej polievky a ryby s bylinkovo-orechovou kôrkou so zeleninou by mohla byť aj na úrovni okolo 1,20 eura. Do ceny sa zmestia Podľa hovorkyne Dupaľovej Ksenzsighovej sa cena za suroviny na výrobu dvojchodového obeda v školskej jedálni pohybuje medzi deväťdesiatimi centami až 1,20 eura. Na lepšie obedy dotácie netreba, cenu okolo eura by zvládli aj šéfkuchári O niečo vyššiu sumu tipol šéfkuchár reštaurácie Ebrietas Michal Šiška. Oslovili sme teda šéfkuchárov, aby odhadli výrobnú cenu jedla, poskladaného podľa nových receptov od Draxlera. Pri lacnejšej rybe by tá cena bola okolo 80 centov až euro,“ hovorí Krampl na margo ceny školského menu. „Myslím, že všetky jedlá by sa mali zmestiť do dvoch eur nákupnej ceny,“ hovorí Šiška. „Nové receptúry nebudú mať finančný vplyv na rozpočet zariadení školského stravovania,“ povedala na margo zvyšovania ceny jedla hovorkyňa rezortu školstva Beáta Dupaľová Ksenszighová. „Výrobná cena polievky sa pohybuje okolo 18 až 20 centov.",1
Slováci kupujú zbrane vo veľkom. Lebo sa boja utečencov a vojny,"A nakupujú zbrane Inštruktori sa pritom zhodujú na tom, že za zvýšeným záujmom sú vojna na východe Ukrajiny a aktuálna utečenecká kríza. Obavy Slovákov je pritom cítiť aj v obchodoch so zbraňami a strelivom.",0
Skúšanie a nešťastné deti v školách,"Deje sa tak napriek tomu, že monologické ústne skúšanie je vo svojej podstate určené výhradne na overovanie úrovne namemorovaných vedomostí, a nie na zhodnotenie úrovne vyšších zručností a kompetencií, ako napríklad schopnosti vyhľadať si informácie, kriticky zhodnotiť dôveryhodnosť informácií, vynájsť sa a vyriešiť problém, vychádzať s ostatnými ľuďmi v rámci tímovej práce, či vytvoriť si a obhájiť si svoje názory pri rešpektovaní rozmanitosti odlišných názorov. Nahradenie praxe ústneho skúšania pred tabuľou napríklad hodnotením písomných testov a prác, hodnotením aktívnej participácie na hodinách či ústnej prezentácie projektov je však zmenou, ktorá si nevyžaduje takmer žiadnu finančnú investíciu zo strany štátu.",0
"Marečku, techniku študuj!","Kde končí sociálny pracovník  Vysoký previs medzi ponukou práce nad dopytom v humanitných odboroch identifikovali aj naše dva ministerské analytické tímy. Tam fungujú motivácie, ktoré tento cieľ spochybňujú: napríklad udeľovanie normatívov – „peniaze idú za žiakom“ – školy motivujú, aby vyrábali tituly typu „sociálna práca“ či „environmentálna ochrana“ – keďže tu sa ponúka veľká odmena za málo roboty. V prepojení vzdelávania a pracovného trhu u nás identifikovala problém aj Európska komisia. Vzdelávanie má zásadný vplyv na výkonnosť hospodárstva.",1
"Poliačik vysvetľoval, prečo  odchádzajú učitelia zo škôl. Nie iba kvôli peniazom, tvrdí","""Ak hovoríme, že za posledných desať - 20 rokov, kedy nám odchádzajú najschopnejší ľudia, ktorí mali empatiu, mali schopnosť vzdelávať, ktorí mali cit pre prácu s deťmi, tak nemôžeme povedať, že len naliatie financií do platov zmení celkovú situáciu,"" konštatoval Petrák. ""Nám neodchádzali doteraz učitelia len preto, lebo si nemohli dovoliť žiť z tých platov, ale aj pre to, že necítili slobodu pre svoju prácu robiť ju najlepšie ako vedia. Plošné zvyšovanie pre všetkých má byť podľa neho záchranným kolesom pre školstvo, ktoré má znížiť výrazný rozdiel medzi tým, čo dostávajú učitelia a iní vysokoškolsky vzdelaní ľudia na trhu práce.",1
Šanca pre startupy? Už za jedno euro,"„Medzi osobitné práva spojené s akciami patrí napríklad určenie počtu hlasov akcionára inak ako pomerom menovitej hodnoty akcií k výške základného imania alebo určenie rozsahu nároku akcionára na podiel zo zisku inak ako pomerom menovitej hodnoty akcií k menovitej hodnote akcií všetkých akcionárov,“ tvrdí Zahradník. „Tento druh spoločnosti taktiež v jednoduchej forme nemotivuje zamestnancov prostredníctvom podielu v spoločnosti, keďže minimálny vklad spoločníka do základného imania spoločnosti je 750 eur,“ vysvetľuje advokát Tomáš Zahradník.",0
Študenti utekajú zo slovenských škôl. Odchádzajú do Česka,"Analytik Inštitútu zamestnanosti Michal Páleník upozorňuje na to, že Slováci študujúci v Česku nemusia platiť školné a sú v krajine, kde ich nezväzuje jazyková bariéra. Tvrdí, že vzhľadom na demografický vývoj je na Slovensku množstvo fakúlt zbytočných a najmä z pohľadu pracovného trhu neaktuálnych.",0
Danko: Učitelia chcú nereálne zvýšenie platu,"Protestujúci, ktorí žiadajú zvýšiť mzdy pedagógov o viac ako sto eur v tomto roku, nemajú tušenie, o čom hovoria.",0
Na webe ministerstva financií analyzujú zlyhanie žiakov. S titulkom v štúrovskej slovenčine,Na webe ministerstva financií analyzujú zlyhanie žiakov.,0
"Systém odmeňovania učiteľov – problémy, východiská a riešenia","A to jednak z dôvodu veľkých regionálnych disparít či už v oblasti zamestnanosti, ako aj v oblasti zastúpenia marginalizovaných skupín, predovšetkým Rómov. Ak by napríklad VÚC registroval dlhodobo neobsadené miesto učiteľa informatiky na konkrétnej škole, mohol by ponúkať novému pedagogickému pracovníkovi k štandardnému platu jednorázový príspevok 5000 eur na bývanie, ktorý by sa mohol postupne navyšovať, ak by sa pozíciu nedarilo dlhodobo obsadiť. Ako alternatíva k finančnému príspevku by mohla poslúžiť eventuálne aj ponuka nájomného bývania. Hodnotenie podľa odpracovaných rokov – čiastočne akceptovateľné Dôvod: Aj napriek možným výhradám, že počet rokov praxe neznamená automaticky vyššiu kvalitu je nutné pripomenúť, že vo všetkých sférach pracovného trhu sa z určitého dôvodu zohľadňuje dlhoročná prax. Isté veci totiž človek získa výlučne praxou – v pedagogickom procese to môže byť napríklad prirodzený rešpekt, skúsenosti so zvládaním záťažových situácií, či efektivita práce. Na strane druhej musí byť v spoločnosti všeobecná akceptácia pre mzdy učiteľov (keďže tieto mzdy sú financované aj z daní ostatných pracujúcich a ovplyvnené možnosťami rozpočtu), čo má brzdiť neohraničený rast pedagogických platov (tlak zhora). Navyše diferenciácia podľa regiónov sa môže robiť len dvomi spôsobmi: znížením platov zamestnancov v chudobnejších regiónoch – neakceptovateľné už zo samotnej podstaty súčasného podfinancovania pedagógov zvýšením platov zamestnancov v bohatších regiónoch – to by výrazne zvýšilo výdavky verejných financií najmä ak vezmeme do úvahy vysokú pravdepodobnosť, že by si na takýto spôsob hodnotenia nárokovali aj desiatky tisíc zamestnancov z iných profesií vo verejnej správe (policajti, hasiči, úradníci). Navyše pri pravidelnom a garantovanom zvyšovaní platu (aj keď len o malú sumu) slabne motivácia zamestnanca hľadať si iné zamestnanie.",1
V areáli funparku postavia jedinečný raj pre drobcov: V Donovalkove budú šéfovať deti,"Pre deti a ich rodičov bude v Donovalkove na ploche 4-tisíc štvorcových metrov k dispozícii areál so zmenšeninami obchodov, prevádzok a inštitúcií, v ktorých sa deti stanú lekármi, bankármi, opravármi či predavačmi. „Celkovo 17 domčekov bude pozostávať napríklad z autoopravovne, čerpacej stanice, pošty a ďalších, ktoré budú zariadené miniatúrnym nábytkom s predmetmi, bežne sa nachádzajúcimi v ozajstnom obchode, či prevádzke.",0
Premrhané peniaze treba pýtať späť,"Ministerka potvrdila, že sa „ukončila sa práca na diele, na ktoré boli kontrahovaní“. Prístup Hodnota za peniaze, ktorý presadzuje pri koncepčných materiáloch Inštitút finančnej politiky pri ministerstve financií, je im úplne neznámy.",0
"Smutný príbeh páru ťažko skúšaného životom: Šťastie mali na dosah, no prišli o všetko","""Generálna prokuratúra Slovenskej republiky zabezpečí preskúmanie predmetnej veci prostredníctvom Krajskej prokuratúry Bratislavy a na základe podanej informácie rozhodne o ďalšom zákonnom postupe,"" napísala Andrea Predajňová, hovorkyňa Generálnej prokuratúry SR. ""Centrála siete RE/MAX víta záujem orgánov činných v trestnom konaní opätovne vyšetriť situáciu mladého páru, ktorý nezískal bývanie napriek zaplateniu zálohy 80-tisíc eur na účet developera projektu,"" píše vo svojom stanovisku spoločnosť. ""V čase, kedy od nás zinkasovali zálohu viac ako polovicu celej kúpnej ceny, nebola už spoločnosť COLONIA – STAV s.r.o. Byty v tomto projekte boli ešte voľné a za prijateľnú cenu, preto sme sa rozhodli kontaktovať realitnú maklérku Henrietu Lukovicsovú, riaditeľku realitnej kancelárie RE/MAX Gold,"" uviedla s tým, že kancelária maklérky sídlila priamo v bytovom komplexe. Chcela nám pomôcť zrealizovať náš sen o vysnívanom spoločnom bývaní. Do pôdorysu sme preto s Martinom zaznačili všetky bezbariérové úpravy a dohodli sme si výšku kúpnej ceny vrátane prestavby,"" napísala Natália. Natália s Martinom na to prišli, keď si chceli vziať na byt úver, no banka im ho nedala. Natália s Martinom si chceli na doplatenie zvyšku vziať úver z banky, no v banke ich upozornili, že úver nemôžu poskytnúť: ""Znenie zmluvy o budúcej kúpnej zmluve nesúhlasí s údajmi zapísanými v katastri nehnuteľností."" Po dlhom hľadaní natrafili na vhodný byt. Po niekoľkých rokoch sa rozhodli nájsť si spoločné bezbariérové bývanie. Po niekoľkých rokoch sa rozhodli pre spoločné bývanie, no počiatočná radosť sa zmenila len na kopu problémov. Potrebovali sme byt s bezbariérovým vstupom, kúpeľňou, širokými dverami a pevnými, nie sadrokartonovými stropmi tak, aby sme mohli uchytiť nad posteľ stropný zdvihák, pomocou ktorého sa presúvame,"" vymenovala Natália nutné požiadavky na ich bývanie. uzatvorila ZoBZ, ktorú pripravila a sprostredkovala pani Lukovicsová a ktorú sme priamo v jej realitnej kancelárii RE/MAX GOLD podpísali, už spoločnosť nebola vlastníkom nehnuteľnosti, nakoľko na liste vlastníctva figuroval iný vlastník!"" v takej zlej finančnej situácii, že niekoľkostotisícové dlhy nebola schopná splatiť,"" pokračovala Natália.",0
"V hrozivom prípade páru, ktorý prišiel o životné úspory, sa veci pohli: Ide o podvod","Keď si ale v banke chceli vziať na byt úver, nastalo nemilé prekvapenie. Konečne sa im podarilo nájsť si vhodný byt na pohodlné bývanie. Splatili zálohu, no nemajú ani peniaze, ani nehnuteľnosť.",0
"Šéfka ústavu, ktorý testuje žiakov: Tretina piatakov v chudobných regiónoch v testovaní len tipovala","Aj oni majú právo uchádzať sa o prácu a očakávame, že raz, keď vyrastú, tak sa budú chcieť zamestnať.",0
Štát dá v septembri na školské pomôcky päť miliónov,"Sociálne slabým už pomáhame Rezort práce sto eur na pomôcky obhajuje tým, že by sa mal znížiť výrazný tlak na peňaženky",1
Zamestnanci zvolenského Continentalu prijali návrh vedenia na zvýšenie miezd,"""Popri tom chceme aj naďalej intenzívne komunikovať so zamestnávateľom a hľadať riešenia aj v ďalších problémových oblastiach, ktoré ťažia zamestnancov,"" doplnil Tuhársky. ""Výbor našej základnej organizácie toto rozhodnutie zamestnancov rešpektuje a dňom 11. marca zároveň ukončil štrajkovú pohotovosť,“ konštatoval. Ako dodal, návrh zamestnávateľa je prijateľný aj pre odborárov, nakoľko ich návrh bol rovnaký, akurát nanovo stanovené tarifné mzdy mali byť vyplácané od januára tohto roku, teda ešte o mesiac skôr, ako navrhoval zamestnávateľ. Ako pre TASR uviedol predseda Základnej organizácie OZ KOVO Continental Zvolen Marián Tuhársky, do hlasovania sa zapojilo viac ako 60 percent z takmer 1300 zamestnancov spoločnosti. Po niekoľkomesačnom kolektívnom vyjednávaní, ktorého sa vo februári zúčastnil aj sprostredkovateľ pridelený Ministerstvom práce, sociálnych vecí a rodiny SR, sú tak zástupcovia odborov pripravení uzavrieť celý proces podpisom novej kolektívnej zmluvy. Rozhodli o tom v uplynulých dňoch hlasovaním zamestnanci firmy. Takto upravené mzdy majú byť doplatené aj spätne od 1. februára tohto roku. Vo zvolenskej spoločnosti Continental Automotive Systems Slovakia, špecializujúcej sa na výrobu brzdových strmeňov, sa štrajkovať nebude. Zamestnanci hlasovali o návrhu zamestnávateľa navýšiť tarifnú mzdu výrobných zamestnancov o 54 eur a vyplácať im k tomu individuálnu zložku mzdy v priemere 22 eur na zamestnanca a nevýrobným zamestnancom zvýšiť tarifné mzdy o 78 eur. Zamestnanci zvolenského Continentalu prijali návrh vedenia na zvýšenie miezd",1
"Fotka otca s dcérou obletela svet: Keď uvidíte celý záber, puknete od smiechu","""Dobrá práca, otec. Navrhol jej, aby si kúpila dlhšie, no ona sa vrátila z obchodu s kraťasmi rovnakej dĺžky.",0
Firmám ostáva len týždeň na registráciu do súťaže Technology Fast 50,"Prihlásené technologické spoločností zo Slovenska sa môžu uchádzať o ocenenie v hlavnej kategórií Fast 50 alebo v jednej zo štyroch vedľajších kategórií, a to Vychádzajúce hviezdy (najmladšie spoločnosti), Veľká päťka (najväčšie spoločnosti), Cena za najväčšiu inováciu a Cena za sociálnu inováciu.",0
Irma je pre moldavských Rómov anjelom: Jediná osadníčka s vysokou školou,"Irma (47) sa v zrelom veku rozhodla pre Vysokú školu zdravotníctva a sociálnej práce sv. V osade sa podľa nej nájdu rôzni ľudia, no výsledky tvrdej práce vidno.",0
Marketing je fialová krava,"Následná panika a paralýza ekonomiky obnažila finančnú kondíciu slovenských domácností. Založený na trhu a zákazníkovi samotnom (je poctivejší, predtým než predávaš, zisťuješ čo ľudia skutočne potrebujú, v popredí je riešenie klientovho problému a samotný vzťah medzi tebou a klientom) Na Marketing priamo nadväzuje Predaj (Sales).",0
"Pracovný trh sa prebúdza,firmy hľadajú ľudí v oblasti obchodu a výroby","Firmy potrebujú nových ľudí najmä v oblasti obchodu a výroby. Naopak, uchádzači najčastejšie reagovali na ponuky v oblasti administratívy, vrcholového manažmentu, obchodu, marketingu, personalistiky či žurnalistiky. Neprehliadnite Google predlžuje prácu svojich zamestnancov z domu na najbližší rok Zamestnávatelia hľadali počas leta najčastejšie operátorov výroby, predavačov či administratívnych pracovníkov. Pracovný trh sa prebúdza,firmy hľadajú ľudí v oblasti obchodu a výroby Trh práce hlási pozitívne správy. V oboch prípadoch zareagovalo na jednu ponuku práce v priemere viac ako 120 ľudí.",1
"Vedomosti nemusia ľudia získať len v škole, štát ich potvrdí dokladom","""Každá kríza urýchľuje zmeny a platí to aj pre trh práce. Bratislava 13. júla (TASR) - Jedným z predpokladov kvalitného uplatnenia na trhu práce je získavanie nových vedomostí, zručností a kompetencií počas celého profesijného života v dospelosti. Cieľovú skupinu podľa ŠIOV tvoria ľudia v produktívnom veku, zamestnanci, ktorí chcú získať lepšie uplatnenie, ľudia bez alebo s nízkou kvalifikáciou, ale aj uchádzači o zamestnanie či samostatne zárobkovo činné osoby. Mnohí ľudia prišli o zamestnanie, sú sektory, kde, naopak, zamestnanci chýbajú. Potreby zamestnávateľov a ponuka zamestnancov na trhu práce, vplyv pandémie ochorenia COVID-19, ale aj otvárajúce sa možnosti celoživotného vzdelávania vytvorili požiadavku na flexibilnejšie získavanie kvalifikácií, a to na základe neformálneho vzdelávania sa či informálneho (mimoškolského) učenia sa. Trh práce zažíva revolúciu, ktorú bez aktívnych opatrení nezvládneme. Vítame, že aj ministerstvo školstva konečne začína načúvať potrebám trhu práce a prichádza s projektom, ktorý má potenciál zvýšiť dostupnosť a kvalitu kvalifikovanej pracovnej sily, ako aj flexibilitu reagovať na nové potreby trhu práce,"" zhodnotil projekt 1. viceprezident Republikovej únie zamestnávateľov Mário Lelovský.",1
Tablet pod stromček? Nokia T20 alebo Lenovo Yoga Tab 13?,"Dnes už však toho dokážu oveľa viac a aj pod pojmom „tablet“ sa už dnes vlastne ukrýva široké spektrum zariadení pripravených na tvorbu kvalitného umenia, plnohodnotné štúdium či prácu, ktorú by ešte donedávna zvládali iba počítače a notebooky. Ktorý je ten správny, ak hľadáte spoločný tablet do rodiny, pre deti či serióznu prácu? TECHBOX.sk môže za predaj produktu v článku získať províziu formou affiliate programov slovenských e-shopov a porovnávačov cien. Tak znie nedávne vyhlásenie spoločnosti Lenovo, ktorej sa podarilo získať neuveriteľný, až 54,9 % podiel na trhu v tomto segmente. Tá týmto spôsobom získala príležitosť na reparát, v minulosti ešte pod hlavičkou Microsoftu s tabletmi neuspela, to však prakticky celý trh patril Apple a Samsungu.",0
Slovenská obchodná komora: Každý konflikt je rizikom pre podnikanie,"Bratislava 24. februára (TASR) – Ukrajina aj Rusko patria medzi dôležitých obchodných partnerov a slovenskí podnikatelia majú záujem rozvíjať vzťahy aj s jednou, aj s druhou krajinou, tak z hľadiska nášho dovozu, ako aj vývozu slovenských výrobkov.",1
Štát pochoval legendárnu vakcináreň,K takémuto osudu má nakročené známa malacká továreň na výrobu vakcíny proti pandemickej chrípke.,1
Dlh nemocníc znova narástol. O takmer dvadsať miliónov,"Dlh nemocníc znova narástol. Dlhy transformovaných zdravotníckych zariadení predstavovali viac ako 35,2 milióna eur.",1
"Nerušte poplatky u lekára, odkázal Kiskovi šéf lekárskej komory","""Poplatky za prednostné vyšetrenie tvoria v priemere 20 až 30 percent príjmov ambulancie, ktoré sa nedajú vykompenzovať ani zvýšeným počtom preventívnych prehliadok, lebo pacienta k nim nemožno donútiť,""  argumentoval šéf komory Marián Kollár.",0
Po nákupe kardioústavu ostal otáznik,"Ich kolegovia vo východoslovenskom ústave ich kúpili od tej istej firmy za polovičnú cenu. Riaditeľ národného ústavu Mongi Msolly sa však bráni dodatkom, v ktorom vraj cenu znížili. Srdcovo-cievny ústav mal nakupovať za dvojnásobné ceny.",1
Naše nemocnice majú sporiť. Lekárom hrozí prepúšťanie,"Kto si čo zaslúži Ak sa nemocnice chcú vyhrabať zo svojho 600-miliónového dlhu, budú si musieť vziať k srdcu zistenia analýzy Hodnoty za peniaze. Lekárom hrozí prepúšťanie Preto má aj najväčšie výdavky a s tým súvisiace dlhy. „Zvyšok bude oddlžovať len tie nemocnice, ktoré nám a ministerstvu financií dokážu, že nemocnica je udržateľná,“ povedal Smatana.",1
Drucker od centrálnych nákupov liekov očakáva úspory: Ide o poriadny balík peňazí,"""Chceme získať dodatočné zľavy pre náš trh a región,"" avizoval s tým, že realizácia tohto kroku si na Slovensku vyžiada úpravu legislatívy. Možnosť ďalších úspor v nákladoch za lieky vidí Drucker aj v spoločných rokovaniach Slovenska, Poľska, Maďarska, Slovinska a pobaltských krajín o spoločných dodatočných zľavách z oficiálnych cien pri ich nákupe. Predpokladá, že dôjde k lepšej cene.",1
Očný chirurg Radovan Piovarči: Laser vás zbaví dioptrií za 8 minút,"Hoci za posledné roky sa to o niečo zlepšilo, pretože zamestnancov vysielajú na očné prehliadky firmy, pre väčšinu ľudí sú preventívky nezaujímavé. Mimo práce relaxujem pri dobrej hudbe, športujem a veľmi rád mám aj turistiku. Určite nevyberajte na zľavových portáloch, pretože operácia má svoju cenu a vyžaduje si určitú sumu, zaujímajte sa aj o názory pacientov a tiež o výbavu kliniky. Určite, pri práci s počítačom sa presne niečo také odporúča.",0
"Vláda opakovane dotuje tie isté firmy a potom to vyzerá tak, že iní tu nemajú miesto","Aj keď ministerstvo hospodárstva hodnotí každú žiadosť zvlášť, zvonku to na podnikateľov pôsobí demotivujúco. Analytik Vlachynský by tiež privítal plošnejšie opatrenia – ako regionálne odpočítateľné položky, regionalizáciu minimálnej mzdy alebo pridať v slabších regiónoch vo výstavbe infraštruktúry. Inými slovami, štát berie od šikovných, ktorí sa vedia udržať na trhu a dáva peniaze tým, ktorí to nedokážu. Ministerstvo hospodárstva prízvukuje, že pomoc nerozdáva cyklicky, ale že sa na každú žiadosť o peniaze pozerá individuálne. Ministri jej v stredu schválili 4-miliónové daňové prázdniny, ktoré firme navrhol minister hospodárstva Peter Žiga. Na posudzovaní participuje aj Slovenská inovačná a energetická agentúra vypracovaním odborného posudku investičného zámeru, z dôvodu zabezpečenia čo možno najväčšej miery objektivity, aby sa nestalo, že investičná pomoc nebude pre daný región prínosná,“ vraví hovorca ministerstva hospodárstva Maroš Stano. Podnikatelia: Dotujte len úbytky z úradov práce No celkom spravodlivú podporu si vo všeobecnosti podnikatelia predstavujú inak. Podľa zoznamu ministerstva hospodárstva sa často v rozhodnutiach opakujú tie isté firmy. Viac než 700 ľudí tam pracuje vo výrobe inkontinenčných pomôcok. Vláda by nemala podporovať podniky, ktoré sa dlhodobo nevedia udržať na trhu. Výmenou za to má investor postaviť novú halu, rozšíriť produkciu a zamestnať ďalších 70 ľudí. „Opakované čerpanie investičnej pomoci umožňuje európska aj slovenská právna úprava,“ píše ministerstvo hospodárstva.",0
"Obrovská reforma zdravotníctva je tu! Veľký prehľad TOP zmien, ktoré nás čakajú už čoskoro","Má sa tak zamedziť ""špekulatívnemu"" vstupu do systému verejného zdravotného poistenia osobám z iných štátov, ktorých deklarované príjmy na Slovensku majú byť často len niekoľko desiatok eur. Nové pravidlo sa má týkať aj zdravotníckych pomôcok a dietetických potravín. Po novom budú dva typy urgentných príjmov: - Prvý typ Pri prvom type pôjde o minimálne jednu ambulanciu s lekárom, triediacou sestrou a ďalšou sestrou či záchranárom. Rezort navrhol, aby osoba, ktorá získa nárok pre vstup do systému, mala mesačný príjem minimálne na úrovni minimálnej mzdy.",0
Poľnohospodárstvo nutne potrebuje zmenu: Splnomocnenec Marcinčin predložil premiérovi návrhy,"Slovensko je na základe súčasného modelu podľa Macinčina paradoxne závislé na dovoze potravín od zahraničných malých fariem, namiesto toho, aby využívalo svoj potenciál a umožnilo vlastným občanom podnikať v poľnohospodárstve a konzumovať zdravé domáce potraviny. eur ročne, ale zamestnáva len štvrtinu zamestnancov v poľnohospodárstve. navrhuje, aby vláda podporila rodinné farmy, ktoré majú komparatívnu výhodu v činnostiach náročných na prácu ako je produkcia ovocia, zeleniny a živočíšna výroba, či presun zdrojov z priamych platieb späť do Programu rozvoja vidieka a obmedzenie platieb pre obrovské farmy. „K hlavným dôvodom, prečo poľnohospodárstvo nedostatočne pomáha rozvoju regiónov, patrí nevhodná veľkostná štruktúra podnikov, zlá aplikácia spoločnej poľnohospodárskej politiky, neefektívne fungujúci trh s pôdou a slabo rozvinutý spracovateľský priemysel,“ uviedol Anton Marcinčin vo svojej analýze.",0
Úrad verejného zdravotníctva varuje pred nebezpečnou kozmetikou: Tieto výrobky radšej vyhoďte!,"""Vzhľadom na svoj tvar, ale aj vzhľad, farbu a vôňu si ich môžu spotrebitelia, najmä deti, zameniť s potravinou a v dôsledku toho ich môžu vkladať do úst, cmúľať alebo prehĺtať, čo by mohlo zapríčiniť napríklad dusenie, otravu alebo perforáciu, či zablokovanie tráviaceho ústrojenstva,"" informoval Mikas.",0
Potravinové reťazce sú otvorené diskusii: Dočkáme sa zálohovania PET fliaš?,"""Financie by sa týkali najmä výrobcov a predajní. Diskusii o zálohovaní PET fliaš sú otvorené aj potravinové reťazce združené v Slovenskej aliancii moderného obchodu. Súčasný systém podľa neho umožňuje vyzbierať zhruba 70 percent plastových fliaš, ktoré sa dostanú na slovenský trh.",0
"Hotel pri Steel aréne evakuovali, problém trval iba 15 minút",Po 15-tich minútach sa situácia vyriešila a novinári a pracovníci organizačného výboru MS mohli pokračovať v práci.,0
"Financovanie zdravotníctva má prejsť zmenami, OĽANO má návrh","""MZ SR intenzívne a cielene pracuje na systematických krokoch pre efektívne nakladanie s verejnými financiami, avšak tak, aby to nemalo v žiadnom prípade negatívny dopad na pacienta. Ministerstvo zdravotníctva reagovalo ""Robíme všetko pre to, aby v systéme bolo toľko peňazí, koľko reálne potrebuje, aby sa podmienky zdravotníkov na ich prácu postupne zlepšovali a pacienti dostávali kvalitnú zdravotnú starostlivosť,"" reagovalo ministerstvo zdravotníctva na predloženie legislatívnej úpravy. Neraz sa pritom stanovená sadzba počas roka mení. Sadzba poistného pre štát pritom kolíše v rozmedzí od 3,2 percenta až po 5,85 percenta z vymeriavacieho základu. Usporené financie sa tak môžu využívať v systéme,"" dodalo MZ. Čo sa týka celkového objemu financií, do sektora išlo podľa MZ z rozpočtu tento rok 5,2 mld.",1
"Štátne nemocnice nechcú, aby sa opakoval prípad 15-ročného chlapca","Už v súčasnosti existuje zmluva o vzájomnej spolupráci a robím všetko pre to, aby aj lekári UNB mali adekvátne a špičkové podmienky na svoju prácu,"" skonštatovala riaditeľka UNB Renáta Vandriaková.",0
Národný onkologický ústav už 25 rokov realizuje klinické skúšania,"Uviedli to odborníci z NOÚ v stredu na workshope pri príležitosti osláv 25. výročia založenia oddelenia, ktoré vykonáva vlastný výskum, realizuje medzinárodné akademické skúšania aj farmaceutickým priemyslom podporované skúšania.",0
"Koronavírus, firmy a zákony. Odborník vysvetľuje, na čo máte právo","Môžete sa v tomto kritickom období svojvoľne rozhodnúť pre prácu z domu? Nie, zamestnávateľ nemôže zamestnancovi určiť neplatené voľno z dôvodu, že bol na služobnej ceste v rizikovej oblasti, neplatné voľno si však zamestnanec môže so zamestnávateľ dohodnúť. Okrem iného môže vyvolať otázky ohľadom vzťahov medzi zamestnávateľom a zamestnancom. V prípade, ak je zamestnancovi Predplaťte si TREND za najvýhodnejšiu cenu už od 1 € / týždeň Plný prístup k prémiovým článkom a archívu Prémiový prístup na weby Mediálne, TRENDreality a ENJOY Menej reklamy na TREND.sk Máte už predplatné? V článku sa dočítate: či musí zamestnávateľ platiť náklady zamestnanca, ak ostal v zahraničí v karanténe či si môže zamestnanec sám určiť domácu karanténu je zásahom do ľudských práv, ak sa nechcete stretnúť s človekom z Číny alebo Talianska je povinnosť hlásiť zamestnávateľovi pobyt v krajine s výskytom koronavírusu Môže zamestnávateľ poslať zamestnanca na neplatenú dovolenku, lebo bol na služobnej ceste v rizikovej oblasti?",0
Čo dobré si prečítať namiesto pozerania televízora? Máme 7 tipov,"Bol pevne rozhodnutý získať Orteigovu cenu v sume 25 000 $, ktorá bola sľúbená prvému pilotovi, ktorý bez medzipristátia uskutoční prelet medzi New Yorkom a Parížom. Kniha vás prevedie všetkými fázami spracovania fotografií, ich import/export, vytváranie kolekcií a slideshow, či ich najkvalitnejšiu tlač.",0
KORONAVÍRUS Premiér: O vládnych opatreniach k veľkonočným sviatkom sa rozhodne v nedeľu,"BRATISLAVA - O tom, aké opatrenia príjme vláda SR v súvislosti s novým koronavírusom k veľkonočným sviatkom, sa rozhodne v nedeľu (5.",0
"KORONAVÍRUS Hlavný hygienik Mikas: September bude špecifický, napovie nám o ďalšom vývoji pandémie","Poukázal pritom na návrat ľudí z dovoleniek, zamestnancov do zamestnania a detí či študentov do škôl.",0
"Epidemický stav v Bratislavé je vážny, na „covidovom"" semafore svieti červená",Aktuálnej fáze epidémie sa prispôsobí aj režim práce na magistráte. Mesto zároveň spúšťa prípravu karanténneho zariadenia pre ľudí bez domova i prípravu testovania kľúčových zamestnancov.,0
Sociálna poisťovňa informovala o oddlžovaní zdravotníckych zariadení,"""Ostatné krajiny V4 a, samozrejme, aj ďalšie okolité krajiny Európskej únie (EÚ) potvrdili nulovú toleranciu štátu k porušovaniu zákona vo sfére plnenia odvodových povinností,"" komentovala s tým, že je pravdepodobne jedinou slovenskou inštitúciou, ktorá sa neustále zaoberá dlhmi zdravotníckych zariadení. Riešenia podľa SP nezabezpečili, aby zdravotnícke zariadenia dodržiavali rozpočtovú disciplínu a opätovne nekumulovali dlhy, ktoré sa pre svoj objem stávajú nesplatiteľné.",1
5 top udalostí dňa: Proti covidu zaočkujú vyše tri milióny Slovákov a od soboty bude lockdown,"Je povolené cestovať do práce, zaobstarať si potraviny, lieky či potravu pre zvieratá. Povolené je taktiež ísť doplniť pohonné hmoty, ísť do banky, poisťovne či na poštu a výdajné miesto internetových a iných obchodov. Pri výbere vakcíny budú rozhodujúcimi kritériami jej bezpečnosť, účinnosť, dostupnosť a cena. Ten od júna 2018 pôsobil ako riaditeľ úseku ekonomiky v štátnom podniku Vodohospodárska Výstavba.",0
"Mobilita sa obmedzí, ruší sa výnimka na vychádzku do prírody mimo okres","21:07 Od 20.00 do 1.00 h bude zachovaný zákaz vychádzania len s výnimkou cesty na nevyhnutný výkon práce a na nevyhnutné lekárske ošetrenie Neprehliadnite Zákaz nočného vychádzania je kľúčové opatrenie, tvrdí Zemanová Platnosť všetkých výnimiek zo zákazu vychádzania sa obmedzí na čas od 5.00 do 20.00 h. Od 20.00 do 1.00 h bude zachovaný zákaz vychádzania len s výnimkou cesty na nevyhnutný výkon práce a na nevyhnutné lekárske ošetrenie.",0
Brusel zaostáva v zaočkovanosti za ostatnými regiónmi: Takto to chcú zmeniť,"Pri obchodoch bude k dispozícii očkovací autobus Spoločnej komisie komunít hlavného mesta (COCOM), ktorá poskytne vakcíny aj zdravotnícky personál.",0
Aj dnes zasadá vládny kabinet: Na rokovací stôl sa predkladá niekoľko dôležitých tém,"Ani jedna z nemocníc sa podľa predkladateľov nemá reformou zrušiť, ich prerozdelenie však má priniesť menej zbytočných úmrtí, viac zachránených životov či kvalitnejšie podmienky na prácu zdravotníkom a tým aj potrebnú stabilizáciu zdravotníckeho personálu. Cieľom novely Zákonníka práce je najmä transpozícia dvoch európskych smerníc, a to smernice o transparentných a predvídateľných pracovných podmienkach v Európskej únii (EÚ) a smernice o rovnováhe medzi pracovným a súkromným životom rodičov a osôb s opatrovateľskými povinnosťami. Ministerstvo práce, sociálnych vecí a rodiny (MPSVR) SR predkladá na rokovanie vlády okrem iného aj novelu Zákonníka práce a novelu zákona o sociálnych službách. Ministri by mali takisto schváliť návrh na predĺženie opatrení, ktoré majú zmierniť negatívny ekonomický efekt pandémie COVID-19 na aktérov v kultúre a kultúrno-kreatívnom priemysle.",0
"Onkologický ústav v Košiciach funguje napriek pandémii: Riaditeľ upozorňuje pacientov, aby nezabúdali na toto!","Aj nás sa však týka covid, ktorý zasiahol takisto našich zamestnancov, ale urobili sme všetky opatrenia, aby toto ochorenie do VOÚ nepreniklo.",0
Lekárka Kušíková bola v Afganistane či Iraku: Prihlásila som sa na Ukrajinu. Ísť do Mariupola by som zrejme nemala odvahu,Ako vyzerá práca lekára vo vojnovej zóne?,0
"Pred dovolenkou je užitočné zistiť si, čo všetko poisťovňa prepláca","Dôvodom na sťažnosť a požadovanie náhrady škody sú prípady, ak nie je zabezpečená čistota a hygiena ubytovania, ak je hmyz v hromadnom výskyte, posteľná bielizeň je špinavá alebo sú neupratané izby. Nespokojnosť s ubytovaním Odborník dodal, že na dovolenke sa môže vyskytnúť aj nespokojnosť s ubytovaním, ktorú treba riešiť s cestovnou kanceláriou (CK) alebo hotelom.",0
Nový premiér by mal dať ponuku na koalíciu,"Ale ak by si napríklad Ukrajina vzala úver z medzinárodného menového fondu, už tam by musela plniť veľmi prísne podmienky. Je tam návrh na redukciu 40 percent, to je obrovský tlak na priemysel. Je to ich práca. Je veľký omyl Ukrajiny, keď sa domnieva, že keď nie je schopná platiť Ruskej federácii za plyn alebo keď nie je schopná si urobiť poriadok vo financiách, že sa teraz priblíži k Európskej únii a únia to všetko zaplatí. Napríklad železiarsky a oceliarsky priemysel, U.S. Steel, Železiarne Podbrezová. Nechcem sa ho dotknúť, ale keď som mu postavil nejaké otázky k plynu, mal som pocit, že patrí k tej generácii politikov na Ukrajine, ktorí si myslia, že únia to zaplatí za nich. Pokiaľ ide o riziká ohľadne znižovanie emisií, ktorý priemysel na Slovensku by to konkrétne poškodilo? Pretože musíme teraz chrániť priemysel pred rastom cien elektrickej energie a jedna z ciest je, že sa na nejaký čas nebudú vydávať  nové licencie na obnoviteľné zdroje. Prečo Slovensko trvá na tom, že nepodporí žiadne znižovanie skleníkových plynov a žiadne čísla? Spochybnil jeden z dôkazov, ktorý som predložil o tom, ako klamali jeho firmy ľudí, ktorí si brali úvery na hranici úžery? Určite výroba hliníka v Žiari nad Hronom, výroba elektrickej energie z uhlia. Čiže ak zvýšime prudko záväzné ukazovatele pre obnoviteľné zdroje, vytvoríme veľký tlak na rast cien elektrickej energie. Ďalej obnoviteľné zdroje, napríklad z vetra veterné mlyny, neuveriteľne zdražujú cenu elektrickej energie.",1
Sulíkovci vyzvali Gašparoviča. „Nechajte závažné veci na Kisku“,"Vyzdvihla prácu straníckych kolegov Martina Poliačika a Lucie Nicholsonovej, ktorí sa zúčastnili na voľbách v okrskovej komisii v Jarovniciach, kde podľa Kiššovej upozornili na podozrenie z kupovania hlasov a podali pre to aj trestné oznámenie.",0
SDKÚ čaká kľúčové rozhodnutie. Či prežije,"„Akékoľvek programové ciele, či v ekonomike, v práve alebo v sociálnych veciach, musia na svojom konci zrozumiteľne riešiť dennodenné problémy ľudí,“ hlásal Pavol Frešo pred dvoma rokmi, keď kandidoval za šéfa strany.",0
"Strana SDKÚ je funkčná, tvrdí Frešo","Vždy mala ústa plné veľkej demokracie a toto je vnímanie vnútrostraníckej demokracie, ktoré momentálne prezentuje,"" reagoval na dianie v SDKÚ-DS minister práce Ján Richter (Smer-SD) v diskusnej relácii RTVS.",0
"Spartany sa dali kúpiť o milióny lacnejšie, varuje Galko","""Chcem spochybniť výhodnosť tejto ceny. ""Oproti obstaraným cenám lietadiel sa nám podarilo s partermi vyrokovať cenu 34,5 milióna eur za lietadlo,"" povedal Glváč s tým, že pôvodne sa počítalo so sumami od 37 do 42 mil. ""Situácia na trhu s lietadlami je priaznivá, hospodárska kríza predurčuje to, že by ceny mali zostať zachované oproti roku 2010, alebo by mali klesnúť,"" vysvetlil Galko.",1
Namiesto basy budú náramky,"Napriek tomu, že rozsudok si už vypočul, naďalej žije doma a dokonca aj chodí do práce.",0
Američania pýtajú za vrtuľníky pre našu armádu viac,"Základná cena za nákup deviatich amerických vojenských vrtuľníkov Sikorsky Black Hawk UH-60M nebude 450 miliónov dolárov, ako o tom v piatok 20. februára informovala americká Agentúra pre obrannú bezpečnosť a spoluprácu. Ministerstvo ešte v januári odhadlo cenu na približne 348 miliónov dolárov. Peniaze na takéto riešenie má Glváč podľa vlastných slov predrokované s ministrom financií aj s premiérom. Pre TASR to uviedla hovorkyňa ministerstva obrany Martina Balleková s tým, že cena základného kontraktu bude ešte predmetom rokovaní.",1
Osobnosti vyzvali Kisku: Zúčastnite sa v Moskve osláv konca vojny,"Humanitárna katastrofa a prerušený civilný život po zničení škôl, univerzít, nemocníc, mešít, tovární, inštitúcií, elektrární, obytných domov, obchodov, kanalizácie, atď.",0
"K Sulíkovi sa vracia Fořt. Poslanec, ktorý sa priznal k homosexualite","""Pripravili sme desatoro pre stredné a odborné školy, z čoho za najdôležitejšie považujem zjednotenie financovania v školstve, navýšenie financií do školstva a vyriešenie platov učiteľov a zatraktívnenie učiteľského statusu.“ Podľa Sulíka sa SaS vždy prezentovala ako strana odborníkov.",1
"Protiteroristický balík sa dotýka každého, tvrdí poslanec Gál","Kto kradne fľašu mlieka v obchode, nebude terorista,“ doplnil.",0
"Som nahraditeľný za minútu, ale mám ambíciu vyhrať aj ďalšie voľby, vyhlásil Fico","Chcem, aby sme zvládli dobre predsedníctvo, veci, ktoré sa týkajú hospodárskeho rastu, nezamestnanosti. Ja chcem robiť politiku, táto práca ma baví a myslím, že sa veľa podarilo.",0
Bohatý prístav,"Hoci ekonomika Portorika prevyšuje okolité latinskoamerické krajiny, problémom je vysoké percento nezamestnanosti a s ňou súvisiaca chudoba asi 45 % obyvateľstva a vysoký dlh – začiatkom tohto roka až okolo 70 miliárd dolárov pri počte obyvateľov okolo tri a pol milióna. Zisk zlatej medaily Moniky Puigovej na minuloročnej letnej olympiáde v Riu de Janeiru zvýšil záujem o tenis.",0
Opica a fotograf našli kompromis v spore o autorské práva na selfie,"Spor sa v pondelok skončil vydaním vyhlásenia, v ktorom Slater a PETA oznámili, že dosiahli kompromis: Slater súhlasil darovať 25 percent všetkých svojich príjmov za známu snímku dobročinným organizáciám, ktoré sa venujú ochrane vzácnych makakov chocholatých. Vyvolala však nielen záujem o Slaterovu prácu, ale aj spory o autorské práva, ktoré fotograf viedol s nadáciou Wikimedia, ktorá danú fotografiu použila vo svojej databáze a poskytuje ju ako voľne dostupné dielo.",0
Najlepšie zvieracie fotografie roka 2017: Víťaz si to odskákal!,"Hlavnú cenu získala fotka od Nanda Harmsena z Holandska, ktorému sa podarilo zachytiť vskutku elegantne vyzerajúci výskok koňa.",0
Vnímame svoju zodpovednosť za stav lesov: 23 signatárov podporilo dôležité memorandum,"""Je dôležité verejnosti priblížiť prácu lesníkov, ako pracujeme v lese, čo robíme, akým spôsobom. Ako tiež konštatovali, lesy zostanú jediným zdrojom dreva ako nenahraditeľnej, ekologickej a obnoviteľnej suroviny, ktorá je jedným z pilierov ľudskej civilizácie, pričom zdroje z jeho predaja zabezpečujú ekonomickú životaschopnosť lesného hospodárstva, čo je v zmysle dokumentov EÚ základom pre existenciu lesov. Chceme poukázať na to, že prácu v lese robíme tak, ako máme, rovnako ako v Rakúsku, Česku alebo v Poľsku. Liptovský Mikuláš) podpisom Memoranda o vzájomnej spolupráci 23 zástupcov vlastníkov a obhospodarovateľov lesov, združení fyzických a právnických osôb v lesnom hospodárstve, vedeckých, výskumných a vzdelávacích lesníckych inštitúcií na Slovensku. Medzi nimi Lesy SR, š. p., Vojenské lesy a majetky SR, š. p., Štátne lesy Tatranského národného parku, Národné lesnícke centrum, Technická univerzita vo Zvolene, Ústav ekológie lesa SAV, Zväz spracovateľov dreva SR, Slovenská lesnícka komora či Zväz celulózo-papierenského priemyslu SR. Signatári memoranda zdôraznili, že si uvedomujú svoju historickú zodpovednosť za stav lesov u nás a aj prudko meniace sa názory na poslanie lesov v modernej spoločnosti smerujúce k výraznejšiemu využívaniu ich celospoločenských úžitkov zameraných na rozvoj ochrany ovzdušia, pôdy, vody, biodiverzity a zmierňovania klimatických zmien. Memorandum je nástrojom, ako postupne zjednotiť všetku tú našu energiu na spravodlivé a pravdivé vysvetľovanie práce v lese,"" reagoval Staník. Momentálne je tá komunikácia voči práci lesníkov výrazne negatívna a vnímame ju ako nie spravodlivú a nie úplne pravdivú.",0
Mystika sexuality,"A po noci plnej vášne, sme schopní ráno plný života a sviežosti ísť do práce. Láska, ktorá si kladie podmienky, je v skutočnosti obchodom, výmenou darov, či skôr „tovarov“. Počas sexuálneho styku, stupne jeho produkcia na päťnásobok normálnej hodnoty. Vtedy mozog zníži produkciu fenyletylamínu a zvýši produkciu endorfínu, ktorý má rovnaký účinok ako morfín.",0
"Fanúšik zaplatil 3 milióny dolárov za obed s Warrenom Buffettom, vy si jeho najlepšie rady môžete prečítať zadarmo","Wall Street Journal konštatuje, že cena za tento druh stretnutia s miliardárskym investorom a filantropom sa od roku 2008 neustále pohybuje nad 1 miliónom USD.",0
"Kisku budem v pléne pozorne počúvať. Ak to bude potrebné, vyjadrím sa, vyhlásil Pellegrini","""Asi tri mesiace som predseda vlády, mám pred sebou obrovský kus práce, ak chcem pre túto krajinu ešte niečo spraviť a pokúsiť sa ju posúvať dopredu a k lepšiemu.",0
"Taliansko nezmení svoj rozpočet, uviedol minister hospodárstva G. Tria","Brusel/Rím 19. novembra (TASR) - Taliansko trvá na svojom rozpočtovom pláne na rok 2019 aj napriek kritike Európskej komisie (EK), povedal v pondelok po stretnutí ministrov financií eurozóny taliansky minister hospodárstva Giovanni Tria. EK návrh rozpočtu odmietla, pretože nezníži vysoký taliansky dlh, ako to vyžadujú fiškálne pravidlá Európskej únie (EÚ). EK rovnako ako Medzinárodný menový fond (MMF) považuje talianske rastové prognózy za príliš optimistické a ministri financií eurozóny podporujú tvrdý postoj EK, lebo sa obávajú, že Rím môže spustiť ďalšiu dlhovú krízu, podobnú tej z rokov 2011 a 2012. Samozrejme, že táto záležitosť sa netýka len Talianska, ale nás všetkých,"" povedal novinárom holandský minister financií Wopke Hoekstra. Taliansko nezmení svoj rozpočet, uviedol minister hospodárstva G. Tria",1
"Kažimír:Ak budem vymenovaný za guvernéra, budem brániť nezávislosť NBS","Bratislava 29. novembra (TASR) – Ak bude minister financií Peter Kažimír (Smer-SD) vymenovaný za guvernéra Národnej banky Slovenska (NBS), bude prvý, kto bude brániť nezávislosť tejto inštitúcie. Šéf rezortu financií ohlásil svoj záujem kandidovať na post guvernéra NBS v utorok (27. Šéf rezortu financií tak odpovedal na otázku opozičného poslanca Ondreja Dostála (SaS) v rámci tradičnej štvrtkovej Hodiny otázok v parlamente.",0
Obrovské šťastie: Silné zemetrasenie v Tichomorí nevyvolalo tsunami,"Spravodajca AFP v meste Kokopo uviedol, že po zemetrasení bola prerušená dodávka elektriny a ľudia vybiehali zo svojich domov.",0
Ideme na Tasmánsky polostrov,"Mestá boli preľudnené, pláca za prácu, ak práca bola, bola nízka, po krajine behali ľudia, ktorých hlad prinútil ukradnúť syr, slivkový koláč, ovcu, alebo jalovicu. Pár minút nato sme sa zastavili na Eaglehawk Neck, Krku orla, sto metrov dlhom úseku zeme, ktorý spája Tasmánsku pevninu a Tasmánsky polostrov. „Export“ ale zastavila americká nezávislosť.",0
Je spustenie stredných škôl chyba?,"Je to jedna z vecí ktoré, žiaľ, držia spustenie ekonomiky na uzde. Na jednu stranu je to veľmi dobrá a potešujúce správa – koniec koncov, rodičia sa musia starať o svoje deti a tým pádom je to bremeno ktoré ich drží ďalej od práce.",0
Tubapack získal za spoločenskú zodpovednosť ocenenie agentúry EcoVadis,"Akciová spoločnosť Tubapack, ktorá sídli v žiarskom priemyselnom parku, je na trhu nepretržite od roku 1973, aj keď v tých rokoch patrila výroba túb ešte pod Závod SNP. Akciová spoločnosť Tubapack, ktorá sídli v žiarskom priemyselnom parku, je na trhu nepretržite od roku 1973. Spoločnosť patrí medzi najväčších výrobcov túb v regióne strednej Európy a poskytuje služby zákazníkom kozmetického, chemického, potravinárskeho a farmaceutického priemyslu. V Tubapacku napríklad vo februári 2020 pridali do portfólia novú tubu, ktorá je vytvorená zo 100-percentného recyklovaného hliníka, čím zhodnocuje odpad vznikajúci pri výrobe.",0
Huawei údajne rokuje o predaji prémiových značiek smartfónov P a Mate,"Ani jeden zo zdrojov, ktoré nechceli byť menované, pretože rokovania sú dôverné, však nepozná cenu za značky P a Mate.",0
"ABBA sa vrátila, alebo čo je to vlastne digitálne turné?","Pozrite si8 top albumov, ktoré sa oplatí počúvať v auguste 2021 Organizátori od takýchto hi-tech koncertov sľubujú (okrem solídnych ziskov) zážitok, ktorý vraj bude porovnateľný s klasickým koncertom.",0
Zopár poznámok k slobode prejavu prokurátora,"Európsky súd pre ľudské práva vo svojej judikatúre uznal aplikáciu článku 10 Dohovoru na štátnych zamestnancov vo všeobecnosti (Vogt proti Nemecku, odsek 53 a Guja proti Moldavsku, odsek 52) a na zamestnancov justície (Wille proti Lichtenštajnsku, odseky 41-42, Brisc proti Rumunsku, odsek 89 týkajúci sa prokurátora).",0
Michal Šipoš prekvapuje: OĽaNO má napriek výhradám jasného najbližšieho partnera!,"Pripomenul, že vláda už avizovala predloženie návrhov na riešenie situácie s cenami energií ešte tento mesiac.",1
Za ministrami si stojím. Fico zmeny vo vláde odmieta,"Dodal, že mnoho oponentov KDH, z toho niektorí ""platení osočovatelia"", sa snažilo dohodu na ústavných zmenách prezentovať ako obchod medzi Smerom-SD a KDH.",0
Simon chce zakázať aj ťažbu zlata kyanidovou metódou,"Pripomenul, že to bol on, premiér Robert Fico (Smer-SD) a minister hospodárstva Tomáš Malatinský (nominant Smeru-SD), ktorí prijali baníkov a zástupcov obyvateľov Detvy.",0
Malatinský a Čaplovič končia. Fico ukázal nástupcov,"Mediálne známa je aj kauza okolo materiálu, ktorý ministerstvo hospodárstva pripravilo v súvislosti s odkúpením časti SPP. Noví ministri školstva a hospodárstva Rok 2014: Pokus s nestraníkom zrejme nevyšiel. Novým ministrom hospodárstva sa má stať Pavol Pavlis, šéfom školstva má byť Peter Pellegrini. Novým šéfom rezortu by sa mal stať súčasný štátny tajomník ministerstva financií Peter Pellegrini. Novým šéfom rezortu hospodárstva sa má stať bývalý štátny tajomník tohto ministerstva Pavol Pavlis. O tom, že premiér Fico nebol spokojný s jeho prácou, sa hovorilo už dlho. Peter Pellegrini nahradí Dušana Čaploviča na poste šéfa rezortu školstva a Pavol Pavlis nastúpi na ministerstvo hospodárstva namiesto Tomáša Malatinského. Pred nástupom do vlády Malatinský pracoval napríklad pre spoločnosť Elektrovod Holding, ktorá poskytuje služby štátnej akciovke Slovenská elektronizačná prenosová sústava, ktorá spadá práve pod hospodárstvo.",0
"Prezidentská kancelária nie je spokojná s návrhom rozpočtu, dostane menej","""Keďže je to návrh rozpočtu, Kancelária prezidenta SR ešte bude komunikovať s rezortom financií,"" uviedol pre TASR Petrus. zverejnilo ministerstvo financií.",0
"Rusko vníma úniu ako konkurujúce impérium, vyhlásil Lipšic","Dosiahnuť chce zriadenie environmentálneho ombudsmana, zníženie DPH na niektoré potraviny, zmeny pri určovaní otcovstva, ako aj zamedzenie nevýhodným predajom či prenájmom majetku vyšších územných celkov a obcí.",0
Zlá architektúra? Katalógové domy či vydláždené námestia,"Odborníkov sme sa pri udeľovaní Ceny za architektúru pýtali, aké stavby sú podľa nich najhoršie.",0
"Vedci vypli štátny slovník, kvôli Kažimírovmu rozpočtu","""Aby podporoval vedu tak, aby veda mohla existovať, aby nárast štátneho rozpočtu minimálne vykrýval infláciu, čiže my nechceme, aby nám dali to, čo nám dali minulý rok. AÚ SAV na starolesnianskych lúkach by mali skrátiť rozpočet o takmer 17 percent globálne a vyše 10 percent na mzdách. Chceme, aby vznikla určitá politika štátu, ktorá bude prejudikovať to, akým spôsobom sa bude vyvíjať rozpočet vo vzťahu k inflácii a toho, čo sa dáva do vedy,"" vysvetlil Breier. Každý, kto sa snaží dostať na stránku Slovníka slovenského jazyka si miesto preverenia gramatiky môže iba prečítať informáciu, že ""slovníky sa pridávajú k akcii zamestnancov SAV. Prepúšťanie by sa podľa jeho slov dostalo na úroveň niekde medzi 17 až 20 percent. Priemerná mzda vedcov sa tam pritom pohybuje na úrovni 900 eur v hrubom. Vedci zároveň súhlasia aj s tým, aby sa zmenila štruktúra financií, ktoré prúdia do vedy.",1
Ďalšia rošáda v školstve. Kiska vymenoval nového ministra,"3. júla 2014_x000D_
	Prezident Andrej Kiska prijal demisie ministra hospodárstva Tomáša Malatinského a šéfa rezortu školstva Dušana Čaploviča, ktorí ho o to požiadali 2. júla. Ministrom hospodárstva sa stal Tomáš Malatinský. Ministrom obrany sa stal Martin Glváč, ministrom vnútra Robert Kaliňák, ministrom financií Peter Kažimír, ministrom zahraničných vecí Miroslav Lajčák, ministrom spravodlivosti Tomáš Borec, ministrom dopravy, výstavby a regionálneho rozvoja Ján Počiatek, ministrom práce, sociálnych vecí a rodiny Ján Richter, ministrom školstva, vedy, výskumu a športu Dušan Čaplovič a šéfkou rezortu zdravotníctva Zuzana Zvolenská. Novým ministrom školstva sa stal Peter Pellegrini, ktorý bol štátnym tajomníkom rezortu financií. Pellegrini bol vtedy štátnym tajomníkom na ministerstve financií. Za nového ministra hospodárstva Kiska vymenoval doterajšieho štátneho tajomníka tohto rezortu Pavla Pavlisa.",0
Slovensko neuspelo v spore s vlastníkom Unionu. Odškodné musíme zaplatiť,"Slovensko neuspelo s návrhom na zrušenie rozsudku, podľa ktorého má zaplatiť miliónové odškodné súkromnému akcionárovi Union zdravotnej poisťovne spoločnosti Achmea za zákaz zisku počas prvej vlády Roberta Fica (na snímke). zákazu zisku pre zdravotné poisťovne za prvej Ficovej vlády.",1
"Na sneme sme nepredstavili volebný program, bráni Fico balíček","""Ideme to robiť bez toho, aby sme zvyšovali deficit a zadlžovanie. ""Slovensko z hľadiska zamestnanosti nemá lepšiu alternatívu a vy ste za tri roky nedokázali krajinu posunúť tak, aby mohla z hľadiska zamestnanosti konkurovať vyšehradskému priestoru,"" adresoval Ficovi, s tým, že Slovensko sa momentálne prikrýva deficitom. Najlepšiu sociálnu politiku však Figeľ vidí v udržateľnom raste a rozvoji zamestnanosti, prostredníctvom ktorej môže štát stavať ľudí na vlastné nohy.",0
"Fico: Nie som advokát Ruska, ale nečudujme sa, že majú svoj sankčný zoznam","Ale nepôjdem v mene ideologického súboja proti prúdu, ak ide o ekonomiku,"" deklaroval. Nás najviac trápi, ako sa vyvíja vzájomný obchod.",0
Kiska neútočil na Fica. Kritizoval ministrov (analýza prejavu),"„Nedá sa zdôvodniť, prečo štát nedokáže presadiť systém, takzvaný benchmarking, alebo, ak chcete, systém porovnávania cien, ktorý by vylučoval pochybnosti o nákupoch zdravotníckej techniky z verejných zdrojov,“ povedal prezident.",0
Teplári varujú pred anarchiou. Budovanie vlastných kotolní môže byť nebezpečné,"Ako povedal pre portál Webnoviny.sk predseda predstavenstva zväzu Miroslav Obšivaný, požadované zmeny v zákone by tiež priniesli vyššie ceny tepla s dopadom najmä na sociálne slabšie vrstvy obyvateľstva, ale aj zhoršené ovzdušie na sídliskách a neefektívnosť systémov centrálneho zásobovania teplom, ktorými sú dnes bezpečne zásobované skoro dva milióny obyvateľov Slovenska.",1
Poslanci sa zhodli. Odmietli kvóty na utečencov,"Parlament zároveň deklaruje ""pripravenosť SR pomáhať pri riešení tejto humanitárnej krízy"" s tým, že ""trvá na dobrovoľnosti príspevkov jednotlivých členských štátov v presídľovacích a premiestňovacích programoch v súlade s vyhlásením prijatým na mimoriadnom zasadnutí Európskej rady 23. apríla 2015 v rámci možností a kapacít jednotlivých členských štátov"".",0
Richard Sulík: Ficove balíčky? Ide o najväčšiu korupciu v histórii Slovenska,"Namiesto sociálnych balíčkov by SaS po úspechu vo voľbách zaviedla rovnú daň z príjmov vo výške 19 percent, ktorú by od roku 2019 znížila na 15 percent. Povedzte nám, koho by ste volili (anketa) Mihál: „Narušujú slobodnú súťaž“ Podpredseda liberálov Jozef Mihál vysvetlil, že opatrenia sociálneho balíčka môžu byť v rozpore s článkom ústavy, podľa ktorého hospodárstvo SR sa zakladá na princípoch sociálne a ekologicky orientovanej trhovej ekonomiky a SR chráni a podporuje hospodársku súťaž. Vratky za plyn podľa Mihála zasa zvýhodnia iba občanov, ktorí kúria plynom, naopak, znevýhodnia všetkých, ktorí plynom nekúria. „Trhová ekonomika znamená, že vláda nemôže presadzovať opatrenia, ktoré narušujú slobodnú súťaž,“ povedal Mihál.",1
"Parlament schválil nižšiu daň na potraviny. Je to cynické až obludné, odkazuje opozícia","Daň z pridanej hodnoty na vybrané potraviny sa zníži. ""A po vyrovnanom rozpočte budeme môcť tento zoznam rozšíriť,"" avizoval šéf rezortu financií. ""Ak ste sa tak rozhodli, mali ste to urobiť na všetky potraviny,"" apeloval na vládu Ivan Švejna (Most-Híd). ""Mrzí ma, že v zozname chýbajú potraviny typické pre slovenskú kuchyňu, ako sú zemiaky, cibuľa či kapusta,"" vymenoval poslanec OľaNO Igor Hraško. ""Ďakujem za celé dve minúty"" Opozícia pritom opäť aj dnes kritizovala postup, akým vládna strana Smer-SD predstavila zoznam potravín so zníženou daňou. Kažimírove obľúbené jedlo Je podľa neho škoda, že sa o takejto vážnej zmene nemohlo diskutovať vo výbore pre financie a rozpočet. Neúspešné pritom boli ďalšie podobné poslanecké návrhy opozície, ktoré smerovali predovšetkým k zníženiu dane na všetky potraviny. Opozícii chýbajú základné potraviny Zemiaky, cibuľa, bryndza či kapusta alebo ovocie. Parlament schválil nižšiu daň na potraviny. Rovnako faktickými poznámkami mohli reagovať aj dnes dopoludnia na prejav ministra financií Petra Kažimíra (Smer-SD). Rozpočtový dopad zníženia sadzby dane z pridanej hodnoty na vybrané potraviny sa bude v nasledujúcich rokoch pohybovať pri úrovni 80 mil. Sadzba dane z pridanej hodnoty na mäso, ryby, mlieko, maslo a chlieb tak od 1. januára 2016 klesne zo súčasných 20 percent na 10 percent. Sadzba dane z pridanej hodnoty na mäso, ryby, mlieko, maslo a chlieb tak od 1. januára budúceho roku klesne zo súčasných 20 % na 10 percent. To sú potraviny, ktoré chýbajú viacerým poslancom opozície v zozname tovarov s nižšou 10-% daňou z pridanej hodnoty (DPH). V roku 2017 by sa mal dopad zníženia sadzby dane na vybrané potraviny zvýšiť na 80,6 mil. V samotnom roku 2016 by sa mali vplyvom tohto opatrenia znížiť daňové príjmy o 76,9 mil. Verí však, že ak sa podarí presadiť, aby sa aktuálne znížená daň odzrkadlila v cenách potravín, vláda sa k tomuto opatreniu môže vrátiť. Vláda sa podľa neho akoby s ľuďmi hrá, časť potravín im zlacní teraz a zvyšné až po voľbách, ak opäť zvolia Smer-SD. Z mliečnych výrobkov sa do zoznamu vybraných potravín so zníženou sadzbou dostali iba samotné mlieko a maslo. Zoznam má vstúpiť do praxe od januára 2016 a na vybrané potraviny má znížiť daň zo súčasných 20 %. Zoznam potravín Konkrétne sa podľa schváleného návrhu znižuje sadzba dane na čerstvé a chladené hovädzie mäso, čerstvé a chladené bravčové mäso, čerstvé a chladené mäso z oviec a kôz, hydinové mäso čerstvé alebo chladené a taktiež čerstvé alebo chladené králičie mäso. Ďalší poslanci z KDH by pritom do zoznamu zaradili zdravé potraviny ako ovocie a zeleninu a niektorí zákonodarcovia by najradšej znížili daň na všetky potraviny.",1
"Fico nepovažuje Sieť za štandardnú stranu. Smeru hovoríme definitívne nie, odkázal Procházka","Dodal, že učitelia nie sú jediní na svete, poukázal na ďalších zamestnancov štátnej správy.",0
"Ak to pôjde takto ďalej, nakoniec predáme aj parlament, vyhlásil Danko","Vlastníctvo strategických podnikov je podľa SNS dôležité preto, aby štát mohol prostredníctvom nich realizovať svoju politiku a z ich ziskov hradiť sociálne programy. „Ktokoľvek podiel v strategickom podniku kúpi, nastaví ekonomiku tak, že sa mu to vráti a potom zarába.",0
"Procházka vylúčil rokovania s Ficom, ako premiéra si vie predstaviť Sulíka","„Osobitný dôraz budeme klásť na očistu verejného priestoru vrátane výluky schránkových firiem, na systémovú obnovu školstva zdravotníctva, na praktickú pomoc rodinám, na podporu malých a stredných zamestnávateľov a ich zamestnancov,“ skonštatoval Procházka.",0
"Ficova vláda zverejnila dlhočakávanú koaličnú dohodu. Pozrite sa, na čom sa zhodli","Aj o tomto hovorí koaličná zmluva, ktorú po neštandardne dlhom čase čakania napokon včera rozoslal médiám úrad vlády. Neviem si predstaviť iný dôvod na odkladanie než negatívne emócie,“ myslí si o dlhom čase čakania na zverejnenie koaličnej dohody politológ Tomáš Koziak.",0
"Drucker o bývalom kľúčovom mužovi zdravotníctva: Neexistuje spôsob, ako ho prepustiť","""Zákonník práce je v tomto prípade dosť striktný.""",0
"Nesúhlasím so zákazom extrémistických strán. Ak by vyhrali voľby, tak nás zrušia, tvrdí Lipšic","""Ale keď postavím mimo legálnu existenciu stranu, lebo tá ohrozuje demokratický poriadok, je to iné, ako zakázať ju za iný názor na minimálnu mzdu či registrované partnerstvá.",0
Predsedom Siete môže byť minister dopravy,"Kríza v najmenšej koaličnej strane pokračuje. Mojím cieľom je naplniť programové vyhlásenie vlády a naplno sa venovať práci v rezorte,“ odkázal Brecely.",0
"Čím horšie pre Smer, tým lepšie pre SNS. Politológovia hodnotia aktuálny prieskum","Kotleba – Ľudová strana Naše Slovensko by skončila so ziskom 8,4 percenta hlasov a v Národnej rade SR by obsadila 15 kresiel. – 20. júna preukázal, že ak by sa parlamentné voľby konali v polovici tohto mesiaca, vyhral by ich Smer-SD so ziskom 26,4 percenta hlasov.",0
"Máte veľký problém. Kaliňák by mal skončiť ako minister, odkazuje francúzska europoslankyňa","Prokuratúra predsa nepracuje sama, prokurátori väčšinou sedia v úrade a sú závislí od práce polície.",0
"Žitňanská: Protischránkovým zákonom odkrývame, s kým obchoduje štát","Protischránkový zákon by mal zaviesť väčšiu transparentnosť do obchodov medzi štátom a firmami zo súkromného sektora. V registri nebudú musieť figurovať ani banky, ktorým štát či obec spláca pôžičku, a tiež subjekty, ktoré dodávajú pre zastupiteľské úrady v zahraničí.",1
Poslanci rozhodli. Koncesionárske poplatky sa rušiť nebudú,"""Takéto ukotvenie koeficientu na ukazovateľ hrubého domáceho produktu odkazuje na navyšovanie príspevku v závislosti od výkonu slovenskej ekonomiky,"" doplnil Viskupič. Návrh neprešiel Koncesionárske poplatky dnes musí platiť každý odberateľ elektriny bez ohľadu na to, či sleduje alebo počúva vysielanie RTVS.",1
"Schôdza je zbytočná, vyhlásil Fico. A vyzval koalíciu, aby opustila rokovanie o jeho odvolaní","Nehovoríte o zamestnanosti, lebo je historicky najvyššia. Opozícia zbytočne vyrušuje vládu pri práci,"" povedal. Prečo nekričíte o nezamestnanosti?",1
Opozícia má problém s posúvaním rozpočtu,"Opoziční poslanci nechcú, aby sa zrušila lehota na predkladanie rozpočtu verejnej správy na rokovania vlády, tak ako to aktuálne navrhuje ministerstvo financií. Opoziční poslanci chcú, aby tak musel rezort financií robiť do 15. septembra.",0
"Vzniká strana, chce poraziť oligarchov a zostaviť vládu sama. Je za ňou hokejista aj gynekológ","Hovorí aj o zvýšení mzdy pedagogickým a nepedagogickým zamestnancom, o snahe vrátiť na Slovensko lekárov, ktorí odišli do zahraničia. Plánuje podporiť nájomné bývanie a zabezpečiť, aby nikto na Slovensku nezarábal menej ako 550 eur. Strana avizuje radikálnu daňovú reformu spočívajúcu v zrušení daní, deklaruje zníženie cien energií, odstránenie finančných skupín zo zdravotníctva.",0
"Newsfilter: Cudzím našu pôdu zakážeme, ale Viktor Stromček môže stavať vo vašej záhrade","Ešte zaujímavejšia je cena obchodu: 7,5 milióna eur. Teda o 2,7 milióna viac, než cena, za ktorú sa budovy vzdal minister. Ten rozdiel nie sú žiadne drobné, je to takmer polovica Kaliňákovej ceny.",0
Prezident nepodpísal spornú novelu o vyvlastňovaní pozemkov pod diaľnice,"Vyvlastňovaniu pozemkov pre diaľnice má podľa ministerstva dopravy a výstavby pomôcť zavedenie nového právneho inštitútu predbežnej držby, ktorý pred ukončením vyvlastňovacieho procesu umožní vykonávať vopred vymedzené a odstrániteľné práce v nevyhnutnom rozsahu. Zostáva vykúpiť 0,5 percenta pozemkov, ktoré chce desiatka majiteľov podľa rezortu dopravy predať za neprimeranú cenu, čo by znamenalo pre štát navyše výdavky za niekoľko desiatok miliónov eur.",1
"Fico odmieta mediálne hry, ktorých cieľom je destabilizovať vládnu koalíciu","BRATISLAVA – Predseda vlády SR Robert Fico (Smer-SD) dôrazne odmieta mediálne hry týkajúce sa uznesenia o nesúhlase s návrhom opozície na odvolanie ministra práce Jána Richtera (Smer-SD), ktorých cieľom je destabilizovať vládnu koalíciu. Smer-SD v stanovisku, ktoré zaslali k návrhu na odvolanie ministra práce, minulý týždeň zdôraznil, že premiér a líder najsilnejšej koaličnej strany Smer-SD Robert Fico ako aj vedenie strany berú na vedomie návrh na vyslovenie nedôvery ministrovi práce, sociálnych vecí a rodiny Jánovi Richterovi ako i stupňujúce sa iné útoky voči jeho osobe. V dnes schválenom stanovisku vláda konštatuje, že návrh opozície na vyslovenie nedôvery ministrovi práce je neodôvodnený. „Ján Richter má plnú podporu predsedu strany, vedenia a ostatných štruktúr politickej strany Smer-SD, dosahuje historické výsledky pri riadení ministerstva práce a preto je principiálnym záujmom strany jeho pokračovanie vo výkone funkcie ministra práce,"" zdôraznili vo vyhlásení.",0
"Na obrnené vozidlá treba vypísať transparentnú medzinárodnú súťaž, povedal Galko","""A navyše ozbrojené sily musia dnes na úkor inej modernizácie nakupovať náhradné dielce, ktoré sú niekoľkonásobne drahšie ako cena jedného kusa, ktorú zobchodoval pán Galko,"" dodala. BRATISLAVA - Strana Sloboda a solidarita (SaS) a hnutie OĽaNO-NOVA žiadajú okamžité zastavenie obchodu na dodávky obrnených vozidiel typu 4x4 aj 8x8 pre slovenskú armádu a vypísanie transparentnej medzinárodnej súťaže, kde jednou z podmienok bude aj účasť slovenských firiem. Poslanec Ľubomír Galko (SaS) tiež žiada úplné odtajnenie celého obchodu tak, ako je to v iných krajinách, kde sa dajú zistiť podrobnosti o výzbroji armád. Richard Vašečka (OĽaNO-NOVA) informoval, že opozícia chce na parlamentnom výbore pre obranu a bezpečnosť v utorok na budúci týždeň od ministra obrany Petra Gajdoša presné informácie o tomto obchode, v opačnom prípade požiada o zvolanie mimoriadneho zasadnutia výboru na túto tému. SaS i OĽaNO chcú, aby sa do výroby obrnených vozidiel zapojili aj slovenské firmy. V prípade vozidiel 8x8 už MO podpísalo dohodu s fínskym rezortom obrany, na základe čoho slovenský podnik Konštrukta-Defence a fínsky štátny podnik Patria už vyvíjajú požadované časti týchto vozidiel, do výroby ktorých sa má zapojiť aj slovenský obranný priemysel. „Musia to byť však reálne výrobné firmy a nie konštrukčné kancelárie, ktoré o výrobu ani nezavadili a vezmú si podstatnú časť zisku,“ vyhlásil Galko. „Na utajovanie nie je ani najmenší dôvod, okrem toho, že sa tu niekto chce opätovne a beztrestne nabaliť na pokútnych obchodoch,“ vyhlásil pred novinármi.",0
Druhý mýtus o liberálnej demokracii,"Obe z týchto pôrodných zločinov, spolu s monopolným obchodom a úžerníctvom, vytvorili potrebný kapitál pre vznik meštianstva ako najdôležitejšej skupiny vo vtedajšej ešte feudálnej spoločnosti. Predchádzajúca časť Prvý mýtus o liberálnej demokracii Druhý mýtus o liberálnej demokracii ju zobrazuje ako mierumilovnú spoločnosť, ktorá prišla na svet len rozumom a spravodlivým obchodom, ktorá ako jediná spoločnosť prišla na svet mierumilovne a ktorá aj dnes všade rozširuje len demokraciu, ľudské práva a mier. V rôznych podobách bolo nutné zvrhnutie starých feudálnych štátnych a hospodárskych štruktúr – nielen štát v rukách aristokracie, brániaci pokrok a kontrolu nad ním meštianstvu, ale aj feudálne privilégiá a hospodárenie aristokracie, ktoré uvaľovali prílišné záťaže na spoločnosť, obmedzenie obchodu a cien a najrôznejšie iné prekážky sa v nejakom čase stali zbytočnými a brzdiacimi článkami vtedajšej spoločnosti. “Liberálna” spoločnosť, alebo lepšie povedané, predstieranie slobody, rovnosti a demokracie pod vedením meštianstva, prišla ako každá spoločnosť pred ňou na svet cez násilie, vykorisťovanie, útlak a podvody, nie voľný a spravodlivý trh.",0
"Najväčšia amnestia v modernej histórii: Exekúcie za stovky miliónov, nádej pre chudobných","""Ak vláda príde s takýmto nešťastným riešením, sme pripravení obrátiť sa aj na Ústavný súd,"" uviedol Baránik s tým, že populisticky poňatá exekučná amnestia môže byť v kolízii s princípmi trhovej ekonomiky a princípmi právneho štátu. ""Pokiaľ to pomôže pohnúť sa vpred aj na trhu práce, sme za. ""Problematika v Sociálnej poisťovni zamestnáva 36 exekútorov, ktorí by sa namiesto toho mohli venovať efektívnejšej práci,"" podotkol minister. Avizovaná exekučná amnestia má v rezorte práce a sociálnych vecí podľa slov jeho šéfa Jána Richtera (Smer-SD) dva rozmery. Dlhy podľa Richtera na druhej strane znemožňujú, aby sa množstvo ľudí uplatnilo na trhu práce, pretože ak sa zamestnajú, vezme im ich príjem exekútor. Dnes však nevezmú oficiálny pracovný pomer, pretože príde exekútor a mzdu im zoberie,"" doplnil Richter. Do exekučnej amnestie by mohli byť zahrnuté aj niektoré dlhy voči polícii, uviedol minister vnútra Robert Kaliňák. Na druhej strane to nesmie znížiť ich zodpovednosť, pretože aj podľa toho návrhu zákona dlh nezaniká, len rozviaže ruky, aby tí ľudia mohli začať aj pracovať, pretože doteraz sa tak vyhýbajú pracovnému pomeru, aby neboli exekvovaní,"" doplnil. Odkaz pre ľudí je podľa Žitňanskej jasný - nemali by sa spoliehať na to, že ich niekto zbaví dlhov. Podľa poslanca Národnej rady SR a tímlídra SaS pre spravodlivosť Alojza Baránika rozsah nesplácaných dlhov po lehote splatnosti zo strany občanov a vysoký počet exekúcií vypovedajú o tom, že problém nie je len na strane dlžníkov, ale aj veriteľov, ktorí nedostatočne zohľadňujú solventnosť svojich klientov. V SaS sú presvedčení, že väčší potenciál na riešenie dlhov má inštitút osobného bankrotu. Vysvetlil, že aj doteraz sa likvidovali dlhy, ktoré už neboli vymožiteľné.",1
"Britská premiérka varuje svoju stranu: Ak nebudú robiť toto, brexit vôbec nemusí byť","""Moje posolstvo pre našu krajinu tento víkend je jednoduché: musíme upierať zrak na cenu,"" May uviedla pre britský týždenník Mail on Sunday.",0
Ústavný súd má plán B. Jeho bývalý podpredseda však vidí negatívny scenár,"""Pokiaľ som informovaný, boli urobené isté zmeny v rozvrhu práce Ústavného súdu, kým existuje plénum. Lebo len plénum môže vykonať zmeny rozvrhu práce, ktoré by zaručili, že štvorica sudcov, ktorá tam ostala, bude môcť rozhodovať niektoré absolútne najsúrnejšie veci, ako vydávacia väzba a podobné,” hovorí Barány.",0
"Navrhnite nového ministra, vyzval Danko. Vidí porušenie dohody","Dankovi prekáža aj fakt, že pri zostavovaní vlády SR bolo dohodnuté, že v prípade dobrej kondícii štátnych financií budú znižované dane. Dohoda však bola, že každý rok dôjde k zníženiu dane z príjmov o jedno percento, k čomu zatiaľ nedošlo,” povedal Danko. Informovala o tom Zuzana Škopcová z kancelárie predsedu NR SR. „Slovenská národná strana vyzýva predsedu vlády SR, aby čo najskôr navrhol v mene Smeru nového ministra financií a aby súčasný minister Peter Kažimír zaujal post guvernéra Národnej banky Slovenska. Koaličný partner Smer-SD musí dodržať dohodu a čo najskôr navrhnúť nového ministra financií. Národniari navyše požadujú znižovanie daní z príjmu právnických osôb, zníženie DPH pre tlačené médiá, zníženie DPH na potraviny na 10 percent či zrušenie koncesionárskych poplatkov pre seniorov. Poslednými príkladmi je zastropovanie veku odchodu do dôchodku, či nárast minimálnej mzdy na 600 eur. Strana tiež vyzýva premiéra Petra Pellegriniho, aby čo najskôr navrhol nového šéfa rezortu financií. „SNS sa už podarilo s maximálnym vypätím síl znížiť DPH na ubytovacie služby na desať percent, zvýšiť paušálne výdavky pre živnostníkov, zrušiť daňové licencie, zabezpečiť vyplácanie odmeny pre zamestnancov formou 13., 14. platu oslobodeného do výšky 500 eur od odvodov a daní.",1
Mark Carney: Clá sú v prípade brexitu bez dohody nevyhnutné,"Carney uviedol v rozhovore pre BBC, že je potrebné jasne povedať, čo znamená odchod z EÚ bez dohody pre britskú ekonomiku. Dokonca aj firmy, ktoré nahromadili zásoby importovaných tovarov, v prípade veľkého narušenia dodávateľských reťazcov pre prudkú zmenu colného režimu v priebehu týždňov vyprázdnia sklady, čo spôsobí veľké problémy v niektorých odvetviach, ako je napríklad automobilový priemysel. Guvernér britskej centrálnej banky Carney uviedol v rozhovore pre BBC, že je potrebné jasne povedať, čo znamená odchod z EÚ bez dohody pre britskú ekonomiku. Johnson, ktorý je favoritom v súboji o premiérsky post, povedal, že súčasťou pravidiel svetového obchodu je aj klauzula známa ako Článok 24 Všeobecnej dohody o obchode (GATT), ktorý umožňuje, aby obchod medzi dvomi stranami pokračoval podľa nezmenených pravidiel, ak sa tak rozhodnú.",0
"Kongres dohodu s Londýnom neschváli, ak poškodí predošlú Veľkopiatkovú","Podľa Pelosiovej to bola práve Veľkopiatková dohoda, ktorá po dlhom období konfliktov a krviprelievania umožnila zmierenie a pokrok v oblasti.",0
"Turkov prímerie ani americké sankcie netrápia, hrozia im nové","Informovala o tom v stredu agentúra AFP s odvolaním sa na vyhlásenie amerického ministerstva financií. Pompea a Penceho neplánuje prijať ""Ak neuzavrú prímerie, budú nasledovať ďalšie sankcie,"" povedal na tlačovej konferencii americký minister financií Steven Mnuchin.",0
Ako spraviť z parlamentu normálnejšie miesto,"Naopak, jedná sa o zmenu zopár pravidiel a poctivú, systematickú prácu.",0
Eurokomisia zvažuje vyradenie 1- a 2-eurocentových mincí,"Aby sme, po prvé, zosúladili pravidlá zaokrúhľovania súm v obchodoch vždy smerom k najbližšej päťcentovej hranici, a po druhé, aby sme po hĺbkových konzultáciách vyhodnotili ekonomickú efektívnosť využívania týchto mincí,"" vysvetlil Šefčovič. Komisia v tejto súvislosti zohľadňuje aj prieskum Eurobarometra z roku 2019, podľa ktorého až 65 % občanov EÚ sa vyslovilo za odstránenie jedno- a dvojcentových euromincí a za jednotný systém zaokrúhľovania cien. „V obchodoch ich nemôžu odmietnuť, ale už nepromujú, aby sa tieto mince používali.",1
Raši označil nečinnosť vlády za smrť občanov SR: Strana Hlas-SD kritikou na Matoviča nešetrí,"""To znamená, že ľudia budú naďalej čakať, či bude táto pandemická OČR, prípadne pandemická PN zvýšená na takú úroveň, akú sľubovala vláda a či vôbec táto kríza dovolí ešte nejaký takýto krok vlády,"" dodal Tomáš. Erik Tomáš (nezaradený) zas kritizoval presunutie viacerých sociálnych návrhov z dielne rezortu práce až na záver 25. schôdze NR SR. Koaličná kríza má podľa neho hlboký dosah na život ľudí aj sociálnu oblasť. Odchádzajúci minister práce Milan Krajniak (Sme rodina) podľa Tomáša tvrdil, že sa tieto opatrenia prijmú v parlamente, pretože poslanci môžu predložiť pozmeňujúci návrh k ""otvorenému"" zákonu o sociálnom poistení. Okrem aktuálnej koaličnej krízy namietal aj postup pri nákupe vakcín. Poukázal tiež na to, že body ministerstva práce sa presúvajú až na záver aktuálnej schôdze. Tomáš vyhlásil, že vládna kríza sa dotkla aj sociálnej oblasti a praktického života ľudí.",0
"SaS trvá na daňovej brzde, OĽANO verí, že sa koalícia dohodne","Zároveň sa navrhuje naviazať horný limit dlhu verejnej správy na čistý dlh verejnej správy, a z toho dôvodu sa navrhuje tiež upraviť sankčné pásma dlhovej brzdy a opatrenia, ktoré sa majú prijať pri dosiahnutí konkrétneho sankčného pásma.",1
Americké vojenské základne sú nezmysel,"Oslobodenia pri dovoze palív, tabakových výrobkov a alkoholických nápojov sa obmedzia množstevnými limitmi podľa vzájomnej dohody.“ A keďže tu nebudú mať Američania základne, v zmluve sa dohodlo: „Ozbrojené sily USA môžu na území Slovenskej republiky na vzájomne dohodnutých miestach zriadiť vojenské služobné predajne, predajne potravín a iné predajne, otvoriť stravovacie zariadenia, spoločenské a vzdelávacie centrá a služobné rekreačné priestory na využívanie príslušníkmi ozbrojených síl USA, závislými osobami a iným oprávneným personálom podľa vzájomnej dohody.“ Možno chcú Američania premeniť dve vojenské letiská na zábavné a nákupné centrá, aquaparky a fitká. Všetky tieto budovy, stavby a sústavy postavené ozbrojenými silami USA sa stanú vlastníctvom Slovenska bezprostredne po ich postavení, no budú používané ozbrojenými silami USA, pokým ich tie budú potrebovať.“ Stavby, montované stavby, vojenská technika, zásoby, materiál, vojaci, ich rodinní príslušníci a iní civilní zamestnanci, určite nie sú vojenskou základňou, tak ako ju ponímajú všade na svete. „Pri plnom rešpektovaní suverenity a zákonov Slovenskej republiky sú ozbrojené sily USA oprávnené operačne riadiť dohodnuté zariadenia a priestory na účely prístupu a používania ozbrojenými silami USA, dodávateľmi USA, závislými osobami a inými podľa vzájomnej dohody na návštevy, výcvik, cvičenia, manévre, tranzit, podporné a súvisiace činnosti, dopĺňanie paliva do lietadiel, tankovanie plavidiel, pristátie a predletovú prípravu lietadiel, dočasnú údržbu vozidiel, plavidiel a lietadiel, ubytovanie personálu, spojenie, rozmiestňovanie síl a materiálu, predsunuté rozmiestňovanie zariadení, zásob a materiálu, činnosti v oblasti bezpečnostnej pomoci a spolupráce, spoločné a kombinované výcvikové činnosti, humanitárne činnosti a činnosti súvisiace s odstraňovaním následkov katastrof, operácie krízového manažmentu, výstavbu na podporu vzájomne dohodnutých činností a na iné účely, na ktorých sa Strany alebo ich výkonní zástupcovia môžu dohodnúť, vrátane tých, ktoré sa vykonávajú v rámci Severoatlantickej zmluvy.",0
"Návrh riešiť vládnu krízu odchodom Matoviča aj Sulíka nepadol, uviedol Gröhling","11:00 Ďalšie koaličné rokovanie o riešení vládnej krízy bude v sobotu dopoludnia. Návrh na prípadné riešenie vládnej krízy odchodom lídrov OĽANO Igora Matoviča a SaS Richarda Sulíka z vlády nepadol. Návrh riešiť vládnu krízu odchodom Matoviča aj Sulíka nepadol, uviedol Gröhling Pokračovanie rokovaní Ďalšie koaličné rokovanie o riešení vládnej krízy bude v sobotu dopoludnia vo vládnom hoteli Bôrik. Riešiť by sa mala energetická kríza, nie Matovič Na požiadavku šéfky Za ľudí Veroniky Remišovej, aby SaS ostala vo vláde do konca zimy a energetickej krízy, aby minister hospodárstva neutekal pred zodpovednosťou, reagoval Gröhling tým, že strana Za ľudí sa mesiace nedokáže postaviť Matovičovi. „Celá Európa rieši energetickú krízu a my opäť riešime ministra Matoviča,"" podotkol.",0
SaS podporí zdanenie ruskej ropy. Zároveň chce predložiť návrh na zníženie DPH na palivá,"Daň by sa mala vyrátať ako súčin množstva ropy s pôvodom v Ruskej federácii v bareloch obstaranej daňovníkom v príslušnom zdaňovacom období a rozdielu medzi referenčnou cenou ropy Brent a priemernou cenou obstarania zníženého o päť USD (4,999 eura). Na utorkovej tlačovej konferencii to povedal predseda SaS a minister hospodárstva Richard Sulík. Návrh z dielne ministerstva financií parlament už dvakrát odložil práve pre požiadavku SaS na recipročné zníženie inej dane. Návrh zákona o dani z výhody získanej v dôsledku osobitnej situácie na trhu s ropou schválila vláde ešte v polovici mája. SaS podporí zdanenie ruskej ropy. Strana SaS podporí na septembrovej schôdzi Národnej rady SR návrh na zdanenie spracovania ruskej ropy. Zdaňovacím obdobím bude kalendárny mesiac a sadzba dane bude vo výške 30 %.",1
"Vyhlásenie, na ktoré všetci čakali: Tvrdé slová Čaputovej po stretnutí s Hegerom a Kollárom","V posledný deň ultimáta prišlo nové ultimátum,"" povedala na margo ponuky ministra financií Igora Matoviča (OĽaNO), že odstúpi z funkcie, pokiaľ strana SaS podporí v parlamente jeho návrhy.",0
Poisťovne si od dlžníkov vymáhajú milióny,"Ako vyplýva z „blacklistov“ poisťovní, práve spoločnosti v konkurze alebo likvidácii majú najvyššie dlhy. Dlh si ľudia podľa nej zbytočne navyšujú aj tým, že nenahlasujú, kto je ich platiteľom poistného. Dlhy v zdravotnej poisťovni znamenajú okrem nepríjemnosti s exekútormi aj ďalší problém. Ide o najvyšší dlh, ktorý poisťovňa uvádza vo svojom zozname neplatičov. Rekordné dlhy Problémy s neplatičmi má však aj najväčšia poisťovňa na trhu Všeobecná zdravotná. VšZPmala ku koncu vlaňajška277359 neplatičovs dlhmi vyše191,1 milióna eur -začali 85,7-tisíc nových exekúcií za68,8 milióna eur Dôveramá100-tisíc dlžníkov, ktorí jej nezaplatili100 miliónov eur -podali 114-tisíc exekúcií v sume51 milióna eur Unionu ZPdlhuje61-tisíc poistencovvyše45 milióna eur -podali takmer 27-tisíc návrhov na exekúciu za34,5 milióna eur „Najviac dlžníkov evidujeme medzi živnostníkmi, no ak sa pozrieme na čísla cez výšku dlhu, viac nám dlhujú zamestnávatelia,“ priblížila hovorkyňa Dana Gašparíková. „To znamená, že od vymáhania dlhu neupúšťame.“ Bez ošetrenia Skôr ako poisťovne začnú exekvovať, posielajú dlžníkovi upomienku a potom výkaz. „Toto sa netýka zamestnancov, za ktorých nezaplatil poistné zamestnávateľ,“ dodáva Gašparíková.",0
"Stav Centroomu v Piešťanoch je veľmi nebezpečný, tvrdí krízový tím","Zatiaľ vydal 8. októbra rozhodnutie, ktorým nariadil okamžité vypratanie stavby a následne na to 14. októbra aj rozhodnutie, ktorým nariadil vykonanie neodkladných zabezpečovacích prác.",0
"Politici spôsobili za päť rokov škody za vyše tri milióny eur, vyhlásil Beblavý","Najväčšou uhradenou sumou za sledované obdobie je úhrada škody vzniknutej nesprávnym úradným postupom rezortu práce, sociálnych vecí a rodiny vo výške 850 349,19 eura, menoval Beblavý. Žiada od nich informáciu, či si ich inštitúcia uplatnila nárok voči zamestnancom zodpovedným za škody a pokuty.",0
"Vláda v stredu schváli pôžičku pre košickú univerzitu. Škody sú devastačné, vyhlásil Fico","""Vyčleníme takú sumu, na akej sa dohodneme s univerzitou, ministerstvom financií a Úradom vlády SR. Išlo by o bezúročnú pôžičku do obdobia, pokiaľ nebude nahradená škoda z poistenia, pretože tento majetok je poistený,"" uviedol dnes v Košiciach premiér Robert Fico. Podľa ministra financií Petra Kažímíra, by mohla mať škola peniaze na účte už najbližší piatok (16. Predseda vlády si spolu s ministrom hospodárstva Petrom Žigom prezrel poškodenú budovu, pričom sa stretol s rektorom univerzity Pavlom Sovákom. Vláda v stredu schváli pôžičku pre košickú univerzitu. Vo veci aktuálnej výučby došlo podľa neho k dohode na prerozdelení zamestnancov.",0
Taliansko zasiahli štyri silné zemetrasenia: Ničivé otrasy si vyžiadali prvú obeť!,Viaceré menšie mestá a dediny už pred zemetrasením zostali v dôsledku hustého sneženia odrezané od sveta a bez dodávok elektriny.,0
Davos zlyhal a celebrity by si to mali priznať,"Skutočnosť je taká, že pred pár dňami nová premiérka Theresa Mayová načrtla, že ostrovy nadobro opúšťajú EÚ a jej minister financií Philip Hammond sa vyhráža, že z Británie urobí nový daňový raj, keď bude EÚ robiť prieky. Už vtedy sa ako profesor na univerzite v Ženeve pýtal kolegov z Európy, či by vedeli vytvoriť hodnotnú diskusiu ohľadom toho, ako sa presadiť na globálnom trhu a ako zlepšiť svet okolo seba.",0
Uskutočneniu absolútneho zla predchádza demagógia prezlečená za národnú bezpečnosť,"Napríklad aj právo na prácu, čím tak dávam do pozornosti článok 23 z vyššie zmienenej VDĽP s ohľadom na tento článok diskutujúci o tomto práve.",0
Donald Trump prezradil detaily zo súkromného života: Americký prezident sa veľmi nevyspí!,"Prezident však doplnil, že ""človek sa s tým musí vyrovnať, lebo treba urobiť veľa práce"".",0
Takéto niečo v histórii USA ani nebolo: Trump pokoril svoj vlastný rekord,"""Tento historický precedens naznačuje, že miera spokojnosti s Trumpovou prácou môže ďalej klesať - ale môže sa aj pozviechať. Dobrým príkladom je podľa Gallupu Bill Clinton, ktorého prácu schvaľovalo v júni 1993 len 37 percent, ale už v septembri toho istého roka to bolo 56 percent. Minulý týždeň schvaľovalo prácu šéfa Bieleho domu 41 percent Američanov. Prácu amerického prezidenta Donalda Trumpa schvaľuje len 36 percent občanov, vyplýva z najnovšieho prieskumu Gallupovho inštitútu. V lete 1993 bolo s jeho prácou spokojných 37 percent občanov.",0
"Počasie v Maďarsku spôsobuje problémy: 90 obcí je bez elektriny, hasičov volali 360-krát!","Počasie v Maďarsku spôsobuje problémy: 90 obcí je bez elektriny, hasičov volali 360-krát! V obciach, kde nie je elektrina, zabezpečili pre obyvateľov vyhrievané ubytovne.",0
Nepokojné prvomájové pochody: Viacero policajtov utrpelo zranenia pri útoku demonštrantov,Po útoku demonštrantov policajti použili proti davu slzotvorný plyn. Policajti na útok zareagovali použitím slzotvorného plynu proti rozzúrenému davu.,0
"Obrovská tragédia v Žiline: Syn († 40) vyskočil z okna, v byte našli dobodanú dôchodkyňu Ľudmilu († 80)!","""Ktohovie, čo je v pozadí tej hrôzy... Vieme len toľko, že byt je podľa katastra nehnuteľností od minulej jari vo vlastníctve dvoch mladých mužov (32, 31) zo Žiliny, ktorí majú rovnaké priezviská.",0
Chudoba na úrovni 1415 dolárov mesačne: Kanadské Ontário spúšťa najväčší test základného príjmu,"Ak si k tomu zarobí ďalších 1415 dolárov, základný príjem sa mu zníži o polovicu. Celý projekt sa od toho, ako je bežne základný príjem vnímaný, v niektorých veciach líši. Chudoba na úrovni 1415 dolárov mesačne: Kanadské Ontário spúšťa najväčší test základného príjmu Do jesene sa projekt nepodmienečného príjmu rozbehne naplno a peniaze budú dostávať štyri tisícky vybraných Kanaďanov. Experiment so základným príjmom zatiaľ v Kanade spúšťa len provincia Ontario, záujem už prejavil aj Quebec a Ostrov princa Edwarda. Kanadská provincia Ontário vyskúša takzvaný nepodmienečný základný príjem pre štyritisíc ľudí. Kanadský pokus je doposiaľ najväčším v krajinách OECD zameraným na otestovanie základného príjmu, pravidelnej dávky, na ktorú má nárok každý bez ohľadu na vek, výšku príjmov alebo ochotu pracovať. Napriek všetkým obmedzeniam ide o výrazne rozsiahlejší projekt ako je ten fínsky, v ktorom vláda dvom tisíckam ľudí vypláca 560 eur mesačne, čo zodpovedá približne 17 percentám priemernej hrubej fínskej mzdy. Navyše pri základnom príjme neprídu, aspoň v tomto pilotnom programe, o všetky sociálne dávky. Samostatne žijúci človek dostane mesačne základný príjem vo výške 1415 kanadských dolárov, čo v krajine zodpovedá približne 34 percentám priemernej mzdy a považuje sa za hranicu chudoby. Túto sumu mu vyplatia iba v prípade, ak nemá žiadne iné príjmy. Za každý dolár z platu mu zníži základný príjem o 50 centov. Základný príjem má vo svojej rýdzej podobe nahradiť všetky sociálne príjmy a pomôcť tak okrem iného znížiť byrokraciu. Zároveň výška základného príjmu závisí od toho, koľko si daný človek peňazí zarobí.",0
"Daniela dala cestovke 2 500 eur netušiac, že berie rodinu do pekla: All inclusive HOROR v Tunise!","Miesto: Tunis Hotel: Marabout Ai *** Cena: 2500 €/4 osoby Ubytovanie: 1/5 Strava: 1/5 Služby: 1/5 Pláž: 1/5 Celkové hodnotenie: 1/5 {{ question.text }} {{ answer.text }} {{ answer.text }} {{ answer.text }} Pochváľte sa výsledkom na Facebooku! Na ďalší deň žiadali iné ubytovanie, no na recepcii od nich podľa Daniely žiadali navyše 110 eur, hoci za All inclusive pobyt už dali 2 500 eur.",0
Florida a Karibik sa spamätávajú z hurikánu Irma: Počet obetí stúpol na 56,"""Najdôležitejšou vecou, ​​ktorú teraz musíme urobiť pre ľudí, je vrátiť im elektrinu,"" povedal guvernér Floridy Rick Scott. Milióny ľudí na Floride zostávajú tretí deň po ničivom prechode hurikánu Irma bez elektriny, zatiaľ čo úrady nachádzajú telá obetí ničivého živlu. Práca na obnovenie zničených oblastí sa začína aj na karibských ostrovoch, ktoré pocítili ešte silnejšiu búrku ako juhovýchod Spojených štátov. Tisíce obyvateľov ostrovov Svätý Martin, Barbuda, Anguilla či Panenských ostrovov prišli o svoje domovy, niektorým sa nedostávajú potraviny či pitná voda, mnohí sa sťažujú na raketový rast cien nedostatkového základných tovarov. Traja ľudia v Orlande a jedna v Miami sa otrávili oxidom uhoľnatým po tom, čo sa nadýchali splodín produkovaných generátorom elektriny, ktoré si zapli vo svojich domoch.",0
"Neonacisti, alkoholici a základňa panoptika","Keďže mám teraz dostatok voľného času (paradoxne píšem aj záverečnú prácu) založil som si tento blog s malým očakávaním, že to niekto prečíta a niečo z toho ho aj osloví.",0
Návštevníkov hotela vyplašila správa o bombe: Opitý Jaroslav to poriadne prepískol,Evakuovali desiatky ľudí ubytovaných v hoteli vrátane zamestnancov.,0
"Tesla vykázala ďalšiu rekordnú stratu, ale zvýšila výrobu aj tržby","Firma miliardára Elona Muska ale podľa svojho stredajšieho oznámenia zvýšila výrobu i tržby. Spoločnosť totiž na trh dodala viac ako 40-tisíc áut, vrátane 18-tisíc vozidiel Model 3, ktoré sú určené pre masový trh. Tesla vykázala ďalšiu rekordnú stratu, ale zvýšila výrobu aj tržby Tržby Tesly sa v období od apríla do júna zvýšili o 43 percent na štyri miliardy dolárov. V budúcom štvrťroku ich chce na trh dodať 50 až 55-tisíc kusov. V Ázii a Európe sa vizionársky podnikateľ chystá postaviť ďalšie obrie továrne na výrobu áut a batérií. Výdavky Tesly síce aj naďalej výrazne prevyšujú jej príjmy, odtok hotovosti však nebol tak silný, ako sa obávali analytici.",1
Rumunsko zažíva najhoršiu epidémiu moru ošípaných od 2. svetovej vojny: Počet utratených zvierat desí,Podľa rumunských úradov epidémiu podnietil nelegálny dovoz mäsa zo zahraničia.,0
Hladné soby a požiare spôsobili rekordné škody vo švédskych lesoch,"A aby toho nebolo málo, menej vyťaženého dreva zase dostalo do problémov drevársky a papierenský priemysel, ktorý sa podieľa desiatimi percentami na exporte z krajiny. Tento rok bol výzvou pre švédsky lesnícky priemysel.",0
Vysoké dlhy a nevypočítateľné USA: začína sa hovoriť o riziku druhej veľkej depresie,"2018 19:03 Svetová ekonomika je zrejme na konci desať rokov trvajúceho obdobia vysokého rastu. Ak bude musieť americká centrálna banka (Fed) ešte rýchlejšie zvyšovať úrokové sadzby, pretože Trumpova hospodárska politika spôsobí krátkodobé prehriatie, môže to mať výrazný negatívny vplyv predovšetkým na rozvojové a rozvíjajúce sa ekonomiky, kde sú dlhy firiem často denominované v dolároch. Americký prezident D. Trump aktuálne uvoľňuje regulácie, ktorých sprísnenie po finančnej kríze zrealizovala administratíva jeho predchodcu Baracka Obamu. Boom globálnej ekonomiky je na konci. Dlhy súkromného a verejného sektora sa dostali na rekordnú úroveň a podľa MMF ich celkový objem predstavuje 182 biliónov dolárov (158,18 bilióna eur), čo je približne o 60 percent viac v porovnaní s rokom 2007, teda pred vypuknutím finančnej krízy. Hlavný ekonóm MMF Maurice Obstfeld v utorok predloží správu o vyhliadkach svetovej ekonomiky. MMF musel už krajine poskytnúť záchranný úver vo výške 50 miliárd dolírov. Ohrozujú ju vysoké dlhy a nevypočítateľné Spojené štáty. Predstavitelia MMF sa obávajú napríklad obchodnej politiky amerického prezidenta Donalda Trumpa, ktorý sa svojou procyklickou hospodárskou politikou prostredníctvom znižovania daní a protekcionistickými opatreniami snaží v najväčšej svetovej ekonomike udržať umelý boom. Toto nahromadenie dlhov podľa nej zvyšuje zraniteľnosť vlád a firiem, ktoré budú ťažšie zvládať sprísňovanie menových politík. Už sa dokonca začína hovoriť o riziku „druhej veľkej depresie“, keďže vlády a regulačné úrady nedokázali dostatočne sprísniť pravidlá pre trhy. Vysoké dlhy a nevypočítateľné USA: začína sa hovoriť o riziku druhej veľkej depresie Štátne stimuly sú totiž financované z veľkej časti prostredníctvom dlhu rovnako ako rast v rozvojových a rozvíjajúcich sa krajinách.",1
Hurikán Michael má prvú obeť. Živel stihol napáchať rozsiahle škody,"Elektrické vedenie totiž potrhali popadané stromy a bez prúdu sa tak ocitlo vyše 311-tisíc nehnuteľností - domácností či firiem, informoval denník The Guardian. Vôbec najsilnejší hurikán, aký na severozápade Floridy zažili, priniesol podľa stanice BBC na toto územie silné zrážky, vyvracal stromy, zaplavil prístavy a tisíce ľudí odrezal od elektriny.",0
Šéf OSN varoval pred obrovským hladomorom v Jemene,"Šéf OSN novinárom povedal, že „naliehavosť blížiacej sa humanitárnej krízy nenecháva žiaden priestor pre pocit vlastnej spokojnosti“ a že „zrýchľujúci sa spád udalostí“ treba využiť na dosiahnutie mieru.",0
"Zažili sme najlepšiu dekádu v histórii a čo s vianočnými darčekmi, ktoré nechceme","Predplaťte si TREND za najvýhodnejšiu cenu už od 1 € / týždeň Plný prístup k prémiovým článkom a archívu Prémiový prístup na weby Mediálne, TRENDreality a ENJOY Menej reklamy na TREND.sk Máte už predplatné?",0
Ekologická katastrofa v Rusku: Z elektrárne uniklo viac ako 20 000 ton paliva,"Knižnikov tiež povedal, že motorová nafta je ľahšia ako ropa, takže je pravdepodobné, že sa skôr vyparí než klesne, ale jej odstraňovanie bude náročnejšie. Objem uniknutých látok je oveľa väčší ako pri ekologickej havárii z roku 2007, keď v Kerčskom prielive pri Čiernom mori uniklo 5 000 ton ropy. Putin v rámci videokonferencie uviedol, že dal súhlas, aby bol v Krasnojarskom kraji vyhlásený stav núdze federálneho významu, čo umožní vyčleniť viac financií na odstránenie následkov ekologickej havárie. Vyšetrovací výbor Ruskej federácie (Sledkom), ktorý sa zaoberá závažnými trestnými činmi, medzičasom oznámil, že začal tri trestné vyšetrovania a zadržal zamestnanca elektrárne. (TASR) 17:56 - AUTOMOBILKY: Automobilový priemysel zrejme pribrzdí zotavovanie ekonomík v strednej Európe. (TASR) 18:22 - MASTERCARD: Zisk Mastercard v 2. kvartáli prekonal očakávania trhu. (TASR) 8:01 - BRITÁNIA: Produkcia áut v Británii klesla minulý mesiac takmer o polovicu, pod čo sa najväčšou mierou podpísali pokračujúce opatrenia na zmiernenie šírenia nového koronavírusu. 12:46 - POISTNÉ: Sociálna poisťovňa (SP) upozornila v júli tohto roka prostredníctvom SMS správ a e-mailov 6352 zamestnávateľov na neodovzdané povinné mesačné výkazy za zamestnancov. Celkové príjmy dosiahli približne 217 miliónov eur a výdavky 214 miliónov eur. Ide tak o 91-percentné plnenie príjmov a 90-percentné plnenie výdavkov. Negatívny vplyv na náladu investorov mal napríklad rekordný pokles ekonomiky USA v 2. kvartáli. Povedal to vo štvrtok na tlačovej konferencii minister hospodárstva Richard Sulík (SaS). Sumu 577.000 eur, ktorá po ich odpočítaní zostane, pridelili do rezervného fondu mesta a vratku vo výške 54.000 eur do fondu rozvoja bývania. Tržby medziročne klesli o 18,7 % na 3,34 miliardy USD. Upravený zisk dosiahol 1,37 miliardy USD, alebo 1,36 USD na akciu, pričom analytici počítali s 1,16 USD na akciu. Zostatok dlhu mesta ku koncu minulého roka predstavoval 32 miliónov eur, čo je 18,3 percenta. Zľava z nájomného sa týka nájomcov nehnuteľností, najmä nebytových priestorov, v správe ŽSR, ktorým právo užívať predmet nájmu vzniklo pred 1. februárom a zároveň im bolo v dôsledku opatrení zamedzujúcich šíreniu pandémie ochorenia COVID-19 znemožnené nehnuteľnosť užívať. Čistý zisk sa za tri mesiace od apríla do júna znížil na 1,42 miliardy USD (1,21 miliardy eur) alebo 1,41 USD na akciu z 2,05 miliardy USD, alebo 2 USD na akciu v rovnakom období vlani. Šéfovia zväzov automobilového priemyslu z krajín V4 v apríli uviedli, že automobilový priemysel v ich krajinách priamo alebo nepriamo zamestnáva celkovo 1,3 milióna ľudí a vyrába takmer pätinu z celkovej produkcie áut Európskej únie (EÚ).",0
Obvinený muž v prípade prepadnutia na Štrbskom plese: Lúpil v kolibe syn hudobníka  z Drišľaku?!,"Jednému zamestnancovi vzal retiazku zo žltého kovu a druhému vzal hodinky. Prešiel späť do reštaurácie a zo zásuvky pod pokladnicou vzal finančnú hotovosť vo výške 1 016,50 € a knihy objednávok.",0
Hromadné testovanie na Covid-19 sa v Rakúsku začne prvý decembrový víkend,"2020 16:57 Absolvujú ho učitelia i zamestnanci materských škôl Absolvujú ho učitelia i zamestnanci materských škôl, informovala v piatok agentúra APA. Od 17. novembra do 6. decembra môžu obyvatelia Rakúska svoje bydlisko opustiť len z dôvodu zaobstarania si základných životných potrieb, neodkladných ciest do práce či nevyhnutných návštev príbuzných. Uzavreté sú školy, škôlky, reštaurácie a obchodné prevádzky s výnimkou potravín, lekární, drogérií či čerpacích staníc.",0
Kvôli pandémii prišli o milióny: Škriniarov Inter čelí finančným stratám,"""Od marca 2020 sa pod obrat podpisuje šíriaca sa pandémia a s tým súvisiace opatrenia, týkajúce sa napríklad zápasov bez divákov, čo spôsobilo stratu príjmov plynúcich z predaja vstupeniek a služieb pre divákov, rovnako tak refundáciu časti peňazí za permanentky,“ ozrejmil klub. Mestský konkurent AC potvrdil deficit vo výške 195 miliónov, AS Rím vyše 200 miliónov. Taliansky futbalový klub Inter Miláno zaregistroval stratu na príjmoch vo výške 102,4 milióna eur.",0
Zástupcovia gastra sfúkli nové opatrenia: Zobrali nám jedinú šancu prežiť! Výzva Matovičovi,"""Je nevyhnutné, aby vláda vyčlenila nášmu sektoru okamžitú finančnú pomoc a pomohla mu aj ďalšími podpornými riešeniami, ako sú napríklad zvýšenie kompenzácií vypočítaných z minuloročných tržieb, vouchery so zľavou na konzumné v reštauráciách či úprava podpory nájomného, ale aj ďalšie,"" uzavrela. Fungovanie terás v reštauráciách sa od piatka (11. Nemôže ďalej nečinne sledovať krachujúce podniky, musí zastaviť proces masívneho prepúšťania, ktorý poznačí tisícky rodín a detí,"" poznamenala. Podľa Koreny je jasné, že podnikatelia v gastrobiznise budú mať nasledujúci mesiac minimálne, ak vôbec nejaké tržby z výdaja jedál cez okienko, čo im absolútne nebude stačiť na výdavky v podobe nájomného, energií, odvodov či platov zamestnancov.",1
"Kým iní sedia doma, tisícky mladých si povedali dosť: Ilegálna párty v Marseille vyvolala hnev","Francúzska vláda zaviedla v sobotu určitý lockdown, týkajúci sa približne tretiny obyvateľstva: zatvorené sú obchody predávajúce iný ako nevyhnutný tovar a v týchto zónach je zakázané aj cestovanie, ale školy sú otvorené a ľudia môžu odísť z domu podľa vlastného želania.",0
Ceny domov v USA rástli vo februári najrýchlejšie takmer za 7 rokov,"Ceny domov tlačí nahor pandémia nového koronavírusu. Ceny domov v USA rástli vo februári najrýchlejšie takmer za 7 rokov Ceny domov výrazne rástli aj v januári, medziročne sa zvýšili o 11,1 %. Ceny vzrástli vo všetkých metropolitných oblastiach, najvýraznejšie však vo Phoenixe, kde rast dosiahol medziročne 17,4 %. Dôvodom je vysoký dopyt po nehnuteľnostiach a zároveň nedostatok voľných domov na trhu. Index cien domov S&P CoreLogic Case-Shiller pre 20 metropolitných oblastí vzrástol vo februári medziročne o 11,9 %, uviedla agentúra AP. Najslabší rast cien zaznamenali nehnuteľnosti v Las Vegas a Chicagu. Nasledovalo San Diego, kde sa ceny nehnuteľností zvýšili o 17 % a Seattle, kde rast dosiahol 15,4 %. Okrem toho dopyt nahor posúvajú nízke úrokové sadzby hypoték. To znižuje počet voľných nehnuteľností na trhu. Veľký počet Američanov začal po jej nástupe v minulom roku pracovať z domu, čo zvýšilo dopyt po väčších nehnuteľnostiach. Washington 27. apríla (TASR) - Ceny domov v Spojených štátoch zaznamenali vo februári ďalšie zrýchlenie rastu, pričom jeho tempo bolo najvyššie takmer za sedem rokov.",0
"Európske akcie rastú, index STOXX Europe 600 sa dostal na nový rekord","Akcie po celom svete podporili predovšetkým pozitívne údaje z ekonomiky USA. Frankfurt nad Mohanom/Paríž/Miláno 28. mája (TASR) - Európske akciové trhy pokračujú na konci týždňa v raste a paneurópsky index STOXX Europe 600 sa dostal na nové rekordné maximum. Kľúčový nemecký index Dax sa o 10.32 h SELČ nachádzal so ziskom 0,49 % na 15.482,43 bodu. To je ďalší signál, že najväčšia svetová ekonomika pokračuje v zotavovaní sa z koronakrízy. zverejnená správa amerického ministerstva práce ukázala, že počet nových žiadostí o podporu v USA v minulom týždni klesol na nové pandemické minimum.",1
"Variant delta straší Francúzsko. Vláda si myslí, že štvrtá vlna príde ešte v júli","Francúzsky premiér Jean Castex chce tento týždeň v parlamente rokovať o požiadavkách na očkovanie proti koronavírusu u pracovníkov zdravotníctva, ako aj zamestnancov zariadení určených na starostlivosť o dôchodcov.",0
Vrtochy počasia vyhnali hasičov do terénu: Pri desiatkach výjazdov boli potrební profesionáli i dobrovoľníci,"Najviac práce mali príslušníci HaZZ v regióne Dunajskej Stredy, počas soboty a nedele evidujú 32 výjazdov.",0
Ceny bitcoinu a etherea sa dostali na najvyššiu úroveň od mája,"""Stále je to primárne NFT boom, ktorý nepriamo ženie trhy,"" dodal Edwards. (1 EUR = 1,1872 USD) New York 4. septembra (TASR) - Ceny dvoch najväčších kryptomien, bitcoinu a etherea, v piatok (3. Cena bitcoinu sa v piatok dostala až na 51.026,24 USD, čo bolo najviac od 14. mája. Cena bitcoinu sa v piatok podľa Coin Metrics dostala až na 51.026,24 USD, čo bolo najviac od 14. mája. Cena etherea vzrástla až na 4025,75 USD, čo bolo najviac od 15. mája. Ceny bitcoinu a etherea sa dostali na najvyššiu úroveň od mája New York 4. septembra (TASR) - Ceny dvoch najväčších kryptomien, bitcoinu a etherea, v piatok (3. Obe kryptomeny neskôr prišli o časť ziskov a bitcoin sa v sobotu okolo 14.00 h SELČ predával so stratou 0,40 % (v priebehu 24 hodín) po 49.997,63 USD a ethereum s 1,12 % mínusom po 3904,21 USD.",1
Británia pre nedostatok zamestnancov zvyšuje nástupné platy. Rastú rekordným tempom,"""Vidíme ako nedostatok zamestnancov zasahuje do nášho každodenného života, či sú to čerpacie stanice bez pohonných látok alebo menej tovaru v obchodoch,"" povedal Carberry. Ako dodal, REC vyzvala vládu, aby zmiernila postbrexitové imigračné pravidlá, nevytvárala bariéry pre medzinárodný obchod a zlepšila podmienky v oblasti zaškoľovania. Ako povedal šéf REC Neil Carberry, boj o nových ľudí medzi firmami je obrovský a týka sa prakticky všetkých odvetví, od logistiky cez spracovanie potravín až po administratívne pozície. Britská Konfederácia personálnych a zamestnávateľských agentúr (REC) tento týždeň informovala, že spoločnosti majú stále väčší problém zohnať dostatok zamestnancov. Británia pre nedostatok zamestnancov zvyšuje nástupné platy. Nedostatok zamestnancov v Británii núti firmy zvyšovať nástupné platy. Tempo ich rastu pre dočasných aj trvalých zamestnancov dosiahlo v poslednom období najvyššiu úroveň od začatia evidovania príslušných údajov pred 24 rokmi.",0
OSN varuje pred kolapsom afganského bankového systému,"Afganistan vlani doviezol tovar a služby v hodnote zhruba sedem miliárd dolárov, prevažne potraviny. Banky tiež zastavili poskytovanie nových úverov a podiel nesplácaných úverov na celkovom objeme úverov sa od konca roku 2020 do septembra takmer zdvojnásobil na 57 percent. Banky zamedzili hromadný výber vkladov Náhle stiahnutie väčšiny zahraničnej rozvojovej pomoci z Afganistanu po tom, čo Taliban 15. augusta prevzal moc od vlády podporovanej Západom, poslalo ekonomiku do voľného pádu a značne zaťažilo bankový systém. Bez bankového systému sa tieto obchody nebudú môcť uskutočniť. Návrhy OSN Návrhy UNDP na záchranu bankového systému zahŕňajú program ochrany vkladov, opatrenia na zabezpečenie zodpovedajúcej likvidity pre krátkodobé i strednodobé potreby, záruky za úvery a možnosti odloženia splátok úverov. OSN od prevzatia moci Talibanom opakovane varovala, že afganská ekonomika je na pokraji kolapsu, ktorý by pravdepodobne urýchlil utečeneckú krízu. Organizácia Spojených národov vyzvala na urýchlenie prijatia opatrení na podporu bánk v Afganistane a varovala, že nárast počtu ľudí, ktorí nie sú schopní splácať pôžičky, nižšie vklady a nedostatok hotovosti môže spôsobiť v najbližších niekoľkých mesiacoch kolaps finančného systému. Problémom sú nesplácané úvery a likvidita Pri súčasnom vývoji a obmedzení výberu vkladov prídu afganské banky do konca tohto roka o 40 percent vkladovej základne, uvádza správa UNDP. V prípade miestnej meny je podľa Dardarího v obehu len mena za zhruba 500 000 dolárov, celkom je pritom v ekonomike afganská mena v hodnote asi štyroch miliárd dolárov. Vzhľadom na to, že OSN sa snaží zabrániť hladomoru v krajine, Dardarí tiež varoval pred dôsledkami bankového kolapsu na financovanie obchodu. „Ak toto tempo nesplácaných úverov bude pokračovať, banky nebudú mať šancu v nasledujúcich šiestich mesiacoch prežiť.",0
Najbizarnejšie správy roku 2021: Od rozprávajúcej kačky po strašidelný croissant,"Príliš veľký liberál Dosť veľké problémy s privyknutím si na prácu z domu mal kanadský poslanec Wiliam Amos, ktorý sa najprv objavil na kamerách konferenčného hovoru dolnej komory parlamentu nahý ako batoľa - a o šesť týždňov neskôr boli jeho kolegovia a kolegyne svedkami toho, ako v priebehu virtuálneho zasadania poslaneckého výboru močí do kelímku od kávy.",0
Francúzi si zobrali príklad od Kanaďanov: Zablokovali hlavnú ulicu v Paríži na protest proti opatreniam,"Demonštranti následne približne 100 vozidlami dočasne zablokovali kruhový objazd Champs-Élysées, kým ich policajti rozohnali slzotvorným plynom, priblížila agentúra AFP. Francúzska polícia vystrelila v sobotu kanistre so slzotvorným plynom na demonštrantov blokujúcich dopravu na bulvári Champs-Élysées v hlavnom meste Paríž. Medzi demonštrantami sú odporcovia vakcinácie proti covidu žiadajúci zrušenie očkovacieho preukazu, ktorý je vyžadovaný pri vstupe do mnohých verejných miest, ale aj Francúzi nahnevaní na čoraz vyššie ceny energií, ktoré sú podľa nich ranou pre rodiny s nízkymi príjmami, komentuje AFP. Viac o vojne Neprehliadnite Čo urobí vojna s cenami potravín na Slovensku?",0
"IT experti analyzovali kyberútoky na Ukrajinu, prvý prišiel hodiny pred inváziou",Ďalšie dôležité správy Neprehliadnite Ukrajinský konflikt naživo: Situácia na finančnom trhu stabilná.,0
Prezidentský úrad Volodymyra Zelenského nahlásil silný výbuch v Kyjeve,Ropa rastie nad 110 dolárov,1
"Putin využíva stroj na klamstvá, no nevynašiel ho on. Britská história je tiež plná neprávd","20:56 Naša vlastná kríza pravdy je zodpovedná za niektoré zo svetovo najväčších problémov Aj vtedy by sme sa mali vyhnúť kompromitovaniu ziskov zabehnutých odvetví. Koloniálne orgány využili infláciu na to, aby „znížili spotrebu chudobných“ s cieľom extrahovať bohatstvo a podporiť tým vojnu. Kríza pravdy Podľa autora sa zdá, že takmer každý, kto sa objaví v médiách, naprieč takmer celým politickým spektrom prijíma fakt, že hospodársky rast môže a mal by na obmedzenej planéte pokračovať neobmedzene. Možno je najväčším klamstvom zo všetkých to, že táto kríza sa obmedzuje len na nepravdy Kremľa a konšpiračné teórie krajnej pravice. Naopak, kríza je systémová a takmer univerzálna, uzavrel autor. Nejde o novinku Súčasný ruský dezinformačný stroj je vo veľkej miere obviňovaný z toho, čo dnes vidíme ako „epistemickú krízu“ – kolaps zdieľaného prijatia spôsobov, ktorými rozpoznávame pravdu. No aj tu zmenila vládna politika krízu na katastrofu. Po celé generácie v krajinách, akým je Spojené kráľovstvo, neexistovala žiadna epistemická kríza, no nie preto, že sme zdieľali záväzok k pravde. Skutočne, máme krízu pravdy. Z výskumu indického ekonóma Utsu Patnaika vyplynulo, že inflácia, ktorá vytlačila potraviny mimo dosah chudobných, bola úmyselne vytvorená podľa politiky, ktorej autorom bol hrdina britského liberalizmu, John Maynard Keynes. Zdá sa, že títo ľudia veria, že niečo, čo nazývajú „hospodárstvo“, má prednosť pred systémami podpory života.",0
"Zelenskyj je presvedčený o tom, že Afrika je rukojemníkom ruskej invázie na Ukrajinu","18:50 Svetová potravinová kríza potrvá podľa ukrajinského prezidenta tak dlho ako ruská „koloniálna vojna"" Rusko, ktoré 24. februára začalo inváziu na Ukrajinu, však blokuje vývoz obilia z ukrajinských prístavov. Svetová potravinová kríza potrvá podľa jeho slov tak dlho ako ruská „koloniálna vojna"". Ukrajinský prezident Volodymyr Zelenskyj predstaviteľom Africkej únie (AÚ) povedal, že africký kontinent je rukojemníkom ruskej invázie na Ukrajinu, ktorá spôsobuje nedostatok potravín a vyvoláva obavy z potravinovej krízy.",0
KDH chce zabrániť poslancom brať plat za iné funkcie,"Ak by kresťanskí demokrati s návrhom uspeli, poslancovi by okrem poslaneckého platu nepatrili mzda či odmena napríklad za výkon funkcie starostu či predsedu kraja. ""Dnes majú minister či predseda vlády nižší príjem ako neznámi poslanci NRSR, ktorí sedia na viacerých dobre platených stoličkách. Prijatie novely bude mať podľa KDH priaznivý vplyv na štátny rozpočet aj na verejné financie. Práci poslanca sa musí venovať naplno,"" uviedol Přidal.",1
Prezidentský kandidát Behýl: Rómsky problém vyriešim do piatich rokov,"""Som presvedčený, že úrady práce im tú prácu nájdu,"" doplnil prezidentský kandidát. Podľa jeho koncepcie by nezamestnaní Rómovia museli povinne pracovať a byť zamestnaní na prácach, ktoré nevyžadujú špecializáciu alebo kvalifikáciu.",0
NATO nestačí. Podľa Gašparoviča potrebujeme mať lepšiu armádu,"""Ukrajinská kríza jednoznačne ukazuje, že aj keď sme členmi aliancie, kde máme zabezpečenú kolektívnu ochranu, nemôžeme sedieť a čakať, že nám niekto pomôže. Poukázal tiež na svoje predchádzajúce úsilie o to, aby sa financie z tohto predaja vrátili cez štátny rozpočet späť armáde. Pripomenul, že vzhľadom na ekonomickú krízu sa SR správala racionálne tak, aby úplne neznížila sociálne postavenie svojich občanov.",0
Frešo: Éra Dzurindu a Mikloša sa skončila,"Mikuláš Dzurinda a Ivan Mikloš urobili pre Slovensko a SDKÚ-DS veľa práce, ale ich éra sa skončila a teraz má šancu nová generácia.",0
"Gašparovič vymenoval svoje úspechy. Paška dúfa, že Kiska bude ako on","55 Ústavy SR zakladá na princípoch sociálne a ekologicky orientovanej trhovej ekonomiky. A občanovi aj prenechávam komplexné hodnotenie mojej práce. Ako vysvetliť robotníkovi, že napriek poctivej práci nedokáže z platu uživiť svoju rodinu? Analýza jej príčin ukazuje, že ide predovšetkým o krízu morálnu. Bez zvýšenia jeho konkurencieschopnosti nie je možné zvýšiť ani konkurenciu ekonomiky a spoločnosti ako takej. Dnes je už zjavné, že liberálny model spravovania ekonomických vzťahov, založený na neviditeľnej ruke trhu, zlyhal a dosiahol svoj limit. Do pozadia bol potlačený celospoločenský záujem, potreby trhu práce i perspektíva jednotlivcov. Dopady starnutia obyvateľstva na ekonomiku, zdravotníctvo a sociálne zabezpečenie budú nepochybne patriť k najzávažnejším spoločenským výzvam 21. storočia, ktoré si vynútia reformovať dôchodkové systémy, poskytovanie zdravotnej starostlivosti a dlhodobej sociálnej starostlivosti. Dostali sme sa do situácie, keď je ohrozená sebestačnosť Slovenska v ich výrobe. Dostatočne sme nevyužili širšiu paletu metód ekonomickej demokracie, rôznorodých foriem vlastníctva, vrátane družstevníctva a predovšetkým štátnej tvorby prostredia pre existenciu slovenského národného hospodárstva – národohospodárskeho komplexu, ktorý zabezpečí zmysel samostatnosti a suverenity Slovenskej republiky. Ekonomika Slovenska je založená na aktivitách s nižšou mierou pridanej hodnoty a nízkymi nákladmi na prácu, čo je však vzhľadom na vysokú otvorenosť ekonomiky dlhodobo neudržateľné. Euro bolo a zostáva veľkou výzvou pre slovenskú ekonomiku a akceleráciu jej rastu. Ich významnou súčasťou je aj férové a spravodlivé prerozdeľovanie vyprodukovaných statkov a celková humanizácia práce. Jeho povesť ešte viac poškodila globálna hospodárska a finančná kríza. Konečne sme si uvedomili zlé nastavenie priorít školstva v spojitosti s trhom práce. Kultivovaná forma spolupráce a komunikácie, ktorú pri riešení dôsledkov svetovej hospodárskej a finančnej krízy dosiahla vláda so sociálnymi partnermi, sú dobrým príkladom aj predpokladom do budúcna. Kľúčovým problémom sociálno-ekonomického vývoja Slovenskej republiky je dlhodobo vysoká miera nezamestnanosti jej obyvateľov. Kľúčovým problémom spoločnosti sa stala pretrvávajúca vysoká nezamestnanosť a najmä polarizácia spoločnosti, ktorá sa prejavuje tak v oblasti bohatstva a chudoby, pracovných príjmov, ale aj prístupu ku vzdelaniu, zamestnaniu a k informáciám. Mal som česť byť na čele štátu v období, ktoré, aj napriek svetovej finančnej a hospodárskej kríze, považujeme za najúspešnejšie v novodobej histórii Slovenska. Mám nádej, že po strastiplných rokoch sanácie dôsledkov svetovej hospodárskej a finančnej krízy nás čakajú lepšie časy. Naopak, nezamestnanosť sa stáva problémom globálnym, dlhodobým, ktorý sa už neviaže priamo na konjunkturálny vývoj globálnej ekonomiky. Osobitne tému sociálnej zodpovednosti firiem alebo v širšom zmysle tému humanizácie ekonomiky. Po ťažkých rokoch nie vždy transparentnej zmeny vlastníckych vzťahov a s nimi súvisiacich a neuzavretých káuz a radikálnych reforiem, ktoré v súčasnosti pritvrdzuje aj kríza, je v ohrození predovšetkým ľudský kapitál. Pod vplyvom politiky glorifikujúcej úlohu trhu v spoločnosti, ale najmä v dôsledku úbytku pracovných príležitostí sa početne oslabujú najmä stredné vrstvy. Popri rastúcej ekonomike je pre ďalší rozvoj našej krajiny životne dôležité zabezpečiť dôstojný a spravodlivý život občana. Poškodzuje zároveň hospodárstvo a pripravuje štát o príjmy. Principiálne najdôležitejšou otázkou pri riešení sociálnej situácie na Slovensku bude politika zamestnanosti s osobitným zameraním na zamestnanosť mladých ľudí. Pripomeniem slová konzervatívneho luxemburského politika Junckera, podľa ktorého s následkami krízy by mali bojovať predovšetkým bohatšie a nie chudobné vrstvy obyvateľstva. Pritom sú to práve ony, ktoré predstavujú hlavný zdroj príjmov štátu na plnenie jeho verejných funkcií. Problematika zamestnanosti u nás aj v Európskej únii je spoločensky tak závažná, že neznesie krátkodobé a zjednodušené riešenia. S poľutovaním konštatujem, že sa nám z dlhodobého hľadiska nedarí udržiavať produkciu potravín na dostatočnej úrovni. Takej, ktorá podporí rozvoj aj priemyslu aj sféry služieb. Toto ustanovenie zvýrazňuje základnú hodnotovú orientáciu hospodárskeho systému SR spočívajúceho na fungovaní slobodného trhu na strane jednej a poskytovaní ústavnej ochrany iba takému trhovému hospodárstvu, ktoré plne rešpektuje sociálne a ekologické záujmy občanov. Ukazuje sa stále výraznejšie, že napriek prognózam o oživení nedochádza k poklesu nezamestnanosti. V minulosti sme dlho prehliadali skutočnosť, že hospodárstvo Slovenskej republiky sa v zmysle čl. V tejto súvislosti pripomínam dôležitú skutočnosť - Slovensko v čase realizácie nevyhnutných ekonomických reforiem sprevádzaných negatívnymi dopadmi najmä v oblasti nezamestnanosti a strate reálnych príjmov nezasiahli masové nepokoje. V zmýšľaní mladšej generácie sa udomácňuje ideologický stereotyp, že získané bohatstvo, neregulované hospodárstvo a globalizácia trhov vyrieši problémy ľudstva. Veď ako vysvetľovať občanom, že tempo rastu produktivity práce na Slovensku je jedno z najvyšších v Európe, ale rast miezd za týmto tempom výrazne zaostáva? Vážené panie poslankyne a páni poslanci, možnosť významne ovplyvniť formujúce sa vonkajšie prostredie zo strany štátov s otvorenou ekonomikou, akým je aj Slovensko, je obmedzená. Výrazný vplyv na budúci vývoj slovenskej ekonomiky budú mať i vonkajšie faktory, najmä hospodársky rast krajín eurozóny. Z odborného i politického hľadiska zostáva nezodpovedané vysvetlenie faktu, že na Slovensku – aj v prípadoch vysokého ekonomického rastu zostáva nezamestnanosť vysoká. Zdá sa však, že hektika transformačnej doby nám nedávala dosť priestoru cieľavedome sa venovať otázkam sociálnej zodpovednosti firiem a jej vzťahu k inovatívnosti, k zvyšovaniu produktivity a konkurencieschopnosti podnikov. Znalostná ekonomika, ktorej vybudovanie považujeme za základný predpoklad pre intenzívnejší sociálny rozvoj, predpokladá vyššie vklady predovšetkým do základného kapitálu, ktorým Slovensko disponuje – do ľudského kapitálu. Zo stretnutí s občanmi som čerpal pozitívnu energiu pre svoju prácu. Želám môjmu nástupcovi, všetkým občanom Slovenskej republiky i Vám vo Vašej práci i osobnom živote veľa zdravia a dobrých rozhodnutí v prospech Slovenska.",0
Slovensko prepadlo v testoch NATO. Sme kyberneticky zraniteľní,"Na cvičení sa podieľali technické tímy Ministerstva obrany SR, Ministerstva financií SR a Slovenskej informačnej služby. Prípravy a priebehu cvičenia sa zúčastnil aj Úrad vlády SR, NASES, Ministerstvo hospodárstva SR a po prvý raz aj NBAC.",0
"Figeľ sa bojí odhalenia svojej neschopnosti, vyhlásila Flašíková Beňová","Zdôraznil, že prácu europoslancov treba ľuďom približovať.",0
Europoslanci poslali list Paškovi. Žiadajú ho o priestor,Vidí v tom šancu viac priblížiť prácu europoslancov slovenskej verejnosti a tým možno prispieť aj k vyššej volebnej účasti v eurovoľbách.,0
"Ebola nemá na to, aby bola celosvetová pandémia, vyhlásil slovenský virológ","Neprenáša sa vzduchom, komármi, manipuláciou s peniazmi, potravinami či plávaním v bazéne.",0
"Prestaňte chrániť DSSky a začnite chrániť ľudí, vyzval Fico","Upozornil, že zákon im zakazuje myslieť na zisky a zabúdať na ľudí.",1
Pollák chce povinnú predškolskú prípravu pre rómske deti,"Pred ňou sa dnes ráno o 9:00 zišla skupinka Rómov, ktorí prišli vyjadriť svoj negatívny postoj k práci Petra Polláka, organizátorom bola Strana Rómskej únie na Slovensku na čele s jej predsedom Františkom Tankom. „Budeme navrhovať, aby štát zaviedol povinnosť detí chodiť do škôlok, aby sa dostali na základnú školu, ukončili vzdelávaciu púť, neukončili školu predčasne a mohli následne vstúpiť pripravené na trh práce,“ vysvetlil novinárom.",1
Česi si získali aj slovenského europoslanca. Podporí zrušenie zmeny času,"Niektoré analýzy podľa neho hovoria len o úspore 0,5 percenta elektrickej energie a súčasnom náraste spotreby pohonných hmôt.",0
Sulík sa sťažuje v Bruseli na Fica. Aby vedeli o jeho krokoch,"Dôvodom je podľa kabinetu ""dlhodobé tendenčné informovanie o práci kabinetu zo strany denníka, ktoré vyvrcholilo odštartovaním samolepkovej politickej antikampane.",0
"Matovič strpčil Ficovi život. Protestoval pred hotelom, kde bol snem Smeru","Balíček okrem iného obsahuje zvýšenie minimálnej mzdy tak, aby sa priblížila k hranici 400 eur, zníženie dane z pridanej hodnoty (DPH) od 1. januára 2016 na 10 % na vybrané základné potraviny, akými sú čerstvé mäso, mlieko, maslo a chlieb, zníženie doplatku na lieky pre deti a dôchodcov, či obnovu spoločných priestorov nemocníc.",1
Maďarskí radikáli: Vráťte nám naspäť Slovensko,V obchodoch so suvenírmi nechýbajú aj tričká s tou istou mapou.,0
"Pamiatky si môžete fotiť slobodne aj naďalej, europarlament odstránil absurdný návrh",Štefanec sa ako člen Výboru pre vnútorný trh a ochranu spotrebiteľa angažuje v oblasti digitalizácie a digitálnych práv.,0
"Chcem, aby na Slovensku nebola obava z vlády oligarchov, tvrdí exprezident Kováč","Michal Kováč hovorí, že v súčasnosti už nemá vo svojej kancelárii prácu a chystá sa na oslavu jubilea.",0
Nesrovnal kritizoval Dopravný podnik v Bratislave. Ten mu vracia úder,"Primátor podľa neho  prezentuje rôzne tvrdenia a  čísla vytrhnuté z kontextu účelovo v súvislosti s výberovým konaním, čím má znevážiť a spochybniť prácu súčasného vedenia.",0
Fico: Sýrii vieme vojensky pomôcť,Čítajte aj: Čo sa včera dialo v súvislosti s utečeneckou krízou Žiadny lacný špás Slovenská republika nie je v zahraničných vojenských misiách žiadnym nováčikom.,0
"Kaliňák oponoval Kiskovi: To, čo si myslí o kvótach, je škodlivé","""My nie sme súčasťou Sovietskeho zväzu, kde musíte za každú cenu súhlasiť. ""Pod hrozbou vlastnej bezpečnosti sme urobili reverzný tok plynu, ktorý Ukrajinu zachránil,"" pripomenul. Prezident dnes v prejave okrem iného povedal, že Slovenská republika si v súčasnej migračnej kríze zle zapla prvý gombík a stala sa objektom uťahovania a zosmiešňovania zo strany európskych a svetových médií. Vyhlásil to v reakcii na prejav hlavy štátu k téme utečeneckej krízy na pôde NR SR. ""On si myslí, že by sme kvóty mali rešpektovať, ja si myslím, že je to škodlivé. kvót riešením migračnej krízy. náš postoj ku kríze na Ukrajine.",0
"Viktor Orbán by si hranicu ustrážil aj sám, tvrdí známy slovenský publicista","Koordinácia krajín V4 v migračnej kríze je sama o sebe pozitívna, nie je však zosúladená s predstavami ostatných európskych krajín a špeciálne tých, ktoré sú migračnému tlaku vystavené najviac. Napriek tomu proti nim protestuje Aliancia za rodinu a KDH vyzýva na zastavenie prác na dokumente. Slovensko na základe požiadavky maďarskej strany pošle na maďarsko-srbskú hranicu 50 policajtov, naši vojaci pomôžu maďarským pri cvičení Balaton, ktoré je zamerané na zvládanie migračnej krízy.",0
"Fico: Opoziční poslanci by nás najradšej zaškrtili, v ich očiach bola závisť","""Očakávame od Land Roveru, že príde s platmi nad priemerom národného hospodárstva,"" dodal premiér Fico. Kde je väčšia nezamestnanosť, vieme ponúknuť investorovi väčšie stimuly.""",1
Nesrovnal Bratislavu „nezrovnal“,"Nesrovnal plánoval zvýšiť príjmy do mestského rozpočtu aj rušením alebo upravením nevýhodných zmlúv, ktoré chcel podrobiť analýze. Nesrovnalovým žolíkom pri zvyšovaní príjmov mestskej kasy bolo až 100-percentné zvýšenie dane z nehnuteľnosti. Odborníci však chvália aspoň otvorenie diskusie o výške dane z nehnuteľností. „Pozitívne vnímame snahu o riešenie problémov magistrátu posilnením vlastných príjmov z dane z nehnuteľnosti,“ zhodnotil Nesrovnalov pokus riaditeľ inštitútu INEKO Peter Goliaš. „So vzrastajúcim počtom odovzdaných bytov sa bude potrebná suma financií znižovať,“ povedala hovorkyňa magistrátu Ivana Skokanová.",1
"Matovič bojuje proti Ficovi, u Slovákov však úplne prehráva (+grafy)","Tretí skončil Kaliňák, za ním minister financií Peter Kažimír a šéf SaS Richard Sulík.",0
"Priznanie Procházku: Urobil som dve hlavné chyby, ľudia mi to zrátali","Procházka zároveň priznal, že jeho výsledok v prezidentských voľbách (v 1. kole skončil tretí so ziskom 403.548 hlasov, pozn.",0
Fico: Pri migrantoch nejde o diplomaciu. Tam musia ísť policajti,"Finančnú pomoc na migračnú krízu chce kabinet jasne orientovať najmä na ochranu vonkajšej schengenskej hranice, nie napr. Hovoril o klesajúcej nezamestnanosti, konsolidácii verejných financií či o investícii Jaguar Land Rover. Robert Fico (SMER-SD) tiež odmietol kritiku, že jeho rétorika ohľadom migračnej krízy je už za čiarou.",1
"Postoj vlády škodí Slovensku. Vytvárať strach je nebezpečné, vyhlásil Bugár","V súvislosti s migračnou krízou povedal, že postoj vlády SR škodí Slovensku.",0
"Môže sa stať niečo, čo sme v živote nezažili, varoval Fico","Pred dôsledkami migračnej krízy varoval dnes počas medzinárodnej konferencii v Bratislave predseda Smeru-SD Robert Fico. ""Európsky projekt sa ocitol v politickej kríze predovšetkým vďaka chýbajúcemu zmyslu pre realitu. ""Pre našu otvorenú ekonomiku sú zatvorené hranice merateľné národohospodárskymi stratami,"" uviedol s tým, že sú zároveň symbolickým varovaním pred politickými dôsledkami, pričom by mohli znamenať zničenie európskeho ekonomického projektu.",1
Sulík: Smer je izolovaný. Buď budeme v pravicovej vláde alebo v opozícii,"Chce tiež reformu Zákonníka práce, ktorá by mala zvýšiť zamestnanosť. Liberáli zároveň chcú, aby ľuďom zostával vyšší čistý príjem. Prvým je jednotný postoj k migračnej kríze. Štvrtým princípom je sociálny dialóg s partnermi ako zamestnanci či zamestnávatelia.",1
"SNS Mostu ""igen"" nepovie, ""áno"" sa vylúčiť nedá","Pučík zase tvrdí, že vládna zostava bez Smeru by bola v súčasnosti veľké riziko, no zároveň priznáva, že Smer nemôže zostavovať vládu za každú cenu.",0
Politika zhrubla. Prestrelka Sulíka s Ficom nie je normálny súboj,"Čo odkázal Richard Sulík premiérovi?– Predpokladám, že spomedzi mnohých otázok, nad ktorými sa človek ležiaci na nemocničnom lôžku a ktorý už mohol byť na druhom svete, zamýšľa, znie jedna takto nejako: „Sakra, načo sú mi všetky tie peniaze, keď budem mŕtvy?“– Neoficiálne vidíme byt v hodnote jeho celoživotných oficiálnych príjmov, luxusné auto, ešte luxusnejšie hodinky a všetky tie ďalšie insígnie, ktoré k správnemu sociálnemu demokratovi karpatského typu patria.",0
"Nemôžeme mať koalíciu ochotných prižmurovať oči, vyhlásil poslanec SaS","Práca v parlamente potrebuje kultiváciu permanentnú,"" doplnil.",0
"Nemôžeme byť predajňa s rozličným tovarom, tvrdí Hlina pred voľbou šéfa KDH","""Intenzita politickej práce v poslaneckom klube je niekoľkonásobne vyššia ako intenzita politickej práce v polohe radového člena hnutia. ""KDH je v kríze. Dosiahlo v nich volebný zisk 4,94 percenta a prvýkrát v histórii sa hnutie nedostalo do parlamentu. KDH je v kríze Ako mimoparlamentné sa KDH bude ťažšie presadzovať v médiách, preto bude podľa Hlinu dôležité komunikačne prieraznou formou prinášať ľudové témy. V časoch krízy sa zvyknú najímať 'krízoví manažéri' a odporúča sa, aby boli 'zvonku', teda nezaťažení väzbami. Zjednodušene môžeme povedať, že rok a pol práce v poslaneckom klube sa môže rovnať niekoľkým rokom členstva v KDH ako rádový člen.",0
"Estónsky premiér exkluzívne pre HN: Sankcie mali na našu ekonomiku dosah, rovnako ako na vašu","Jednou z klúčových tém bratislavského summitu bola migračná kríza. Estónsky premiér exkluzívne pre HN: Sankcie mali na našu ekonomiku dosah, rovnako ako na vašu Sankcie mali na našu ekonomiku dosah, rovnako ako aj na vašu. Sme presvedčení, že my všetci v Európskej únii musíme na riešení tejto krízy pracovať spoločne.",1
"Päť otázok a odpovedí, ako sa chce presadiť Rybníčkova strana","„Ak sa vyzbiera minimum peňazí, žiadne pôžičky si brať nebudem a nepôjdeme do toho, lebo sa ukáže, že ľudia asi podobnú aktivitu nechcú,“ vyjadril sa Rybníček.",0
"Beblavý: Fico a Lajčák sú už takí otupelí, že táto kauza je pre nich finančne zanedbateľná","Myslím si, že po takom dlhom čase sú už takí otupelí, že nerozumejú, ako môže niekoho hnevať to, o čom hovorí pani Hlávková a prečo to médiá tak zaujíma. Či to nepovažuje za prejav klientelizmu na základe výpovedí pani Hlávkovej a či necíti aj osobnú zodpovednosť za celú kauzu vzhľadom na to, že podľa jej svedectva minister povedal, že je to cena za realitu.",0
"Na našom trhu je problémová Milka. Výrobca odporúča ľuďom, aby ju nejedli","Výrobca cukroviniek firma Mondeléz Intenational sťahuje z českého a slovenského trhu stogramové balenie čokolády Milka s drvenými lieskovými orieškami. Na našom trhu je problémová Milka. Podľa správy výrobcu sa zistená látka vo výrobe nepoužíva. Vyrába rôzne druhy cukroviniek, na českom a slovenskom trhu patria medzi jej značky sušienky BeBe, Brumík, Fidorka či Zlaté oplátky. Zákazníci môžu čokoládu vrátiť v obchode, kde ju kúpili.",0
"Ako minister neskončím, nemám dôvod. Kaliňák obvinil novinárov, že sa spreneverili","Minister predstavil priority Pri rekonštrukcii chce ministerstvo využívať vlastné kapacity na výrobu plastových okien vo Svidníku. Plánuje rozbehnúť aj drevársku výrobu, nakoľko kapacity Zboru väzenskej a justičnej stráže, od ktorého odoberajú nábytok a vybavenie interiérov nepostačujú. Prevádzka by mala vzniknúť v časti Slovenska s najvyššou nezamestnanosťou a poskytnúť prácu niekoľkým desiatkam dlhodobo nezamestnaných. „Bolo viacero výhrad k stavu týchto budov, ktoré často majú mimoriadne nevyhovujúce podmienky, nielen pre prácu policajtov, ale aj pre občanov,“ vysvetlil šéf rezortu.",1
"Slovenské predsedníctvo? Premárnené šance a odcudzenie elít od ľudí, myslí si Klus","Priamo o neúspechu slovenskej diplomacie hovorí Klus pri našom postoji k utečeneckej kríze. Pridala sa len k nárekom, ktoré hovoria o celoeurópskej kríze dôvery, ale neartikulujú jej skutočné príčiny a už vôbec nie riešenia,"" zdôraznil opozičný poslanec. Riešenie utečeneckej krízy nespočíva v tom, že státisíce utečencov zostanú v Grécku alebo v Taliansku a Slovensko im v rámci efektívnej solidarity pošle deky a 20 policajtov.",0
Opozícia obvinila Fica z trestného činu: VIDEO Premiér vracia úder!,"Ako uviedol na tlačovej besede po rokovaní koaličnej rady predseda vlády Robert Fico, regulačný úrad ho informoval, že staronové cenové rozhodnutia pri elektrine a vode budú spätne uplatňovať od 1. januára tohto roka. Ministerstvo hospodárstva by už na marcovú schôdzu parlamentu malo predložiť novelu regulačného zákona. Občania musia zaplatiť vyššie ceny za energie, lebo sľubovaná zmena jednoducho neplatí,“ povedal na utorňajšej tlačovej besede Sulík. Predseda vlády je presvedčený, že štát nájde na prípadné spätné odkupovanie akcií v energetike potrebné financie. Výsledkom posledných krokov vlády podľa Matoviča bude iba to, že ""podvod"" na cenách energií nebude platiť celý rok, ale iba prvé dva mesiace. „Vláda by mohla zákonom rozhodnúť, že ceny od nového roka zostávajú na minuloročnej úrovni dovtedy, pokiaľ sa nevydajú nové cenové návrhy,“ konštatoval Galek s tým, že v najbližších dňoch čaká nepríjemné prekvapenie aj odberateľov plynu, ktorí počas januára a februára prekročili svoje limity odberu, a ktorým budú následne vyrúbené niekoľkonásobne vyššie pokuty za vyšší odber plynu.",1
"Borec: Vo Viedni je 2000 advokátov, v Bratislave ich máme 2500","Advokát je z pohľadu príjmov podnikateľ, nikdy nie zamestnanec. Aký je priemerný hrubý či čistý príjem advokáta? Ani to, že by tá konkurencia bola až taká, že časť advokátov bola ochotná konať neeticky, napríklad podliezať ceny. Dôležité sú aj výkazy práce a denník koncipienta, ktoré pravidelne komore posielajú. Je tam aj nastavenie mzdy. Neberiem názor tým, ktorí si myslia, že to bol len nástroj ako obmedziť trh právnych služieb. Podielová odmena má miesto na trhu právnych služieb. Samozrejme, keď hlavným kritériom výberu bola cena, tak daný subjekt prišiel o čo najkvalitnejšie právne zastúpenie. Často je to práca na polroka alebo rok. Čo sa ani vašou novelou nezmenilo, je fakt, že koncipienti často robia za minimálnu mzdu.",0
"Nech si kričia chlapci z bratislavských kaviarní, reagoval Fico na imigráciu","Ciele európskeho projektu sa nedosiahli Premiéri rokovali aj o otázkach budúcnosti EÚ a zhodli sa, že vyšehradské zoskupenie je veľkým prínosom pre Úniu z hľadiska ekonomiky i kultúry.",0
"Blaha útočí čoraz agresívnejšie, kritiku nezvláda: FOTO Namiesto argumentov detinská reakcia","Tu na Slovensku zdaňujeme totiž všetky naŠe zahraničné príjmy, pretože tu na Slovensku máme centrálu.",0
"Pellegrini: Nerozumiem ultimatívnemu správaniu dopravcov, na stole majú férovú ponuku","16.00 h odpoveď na ich návrhy zliav na mýte a od Ministerstva financií (MF) SR spracovanie predloženého návrhu na zmenu dane z motorových vozidiel. AKTUALIZOVANÉ
                         AKTUALIZOVANÉ ​""Veľmi férová ponuka"" Pripomenul návrhy zo strany ministerstva dopravy a financií, ktoré predložili po rokovaniach s autodopravcami a súhlasilo s nimi najväčšie združenie v sektore Česmad.",1
Realitná únia odporúča maklérom znížiť počet fyzických obhliadok,"Bratislava 11. marca (TASR) – Realitná únia (RÚ) SR odporúča maklérom ako prevenciu proti šíreniu nového koronavírusu znížiť počet fyzických obhliadok nehnuteľností a selektovať skutočných záujemcov o kúpu nehnuteľnosti. RÚ SR ponúka aj alternatívy k fyzickej obhliadke nehnuteľnosti. „Pridajte k inzerovanej nehnuteľnosti aj kvalitné video, pôdorys, širokouhlé fotografie a virtuálne 360-stupňové prehliadky interiéru.",0
Prosba obchodníkov nákupným centrám: Odpustite nám nájomné,"""Keďže veľká časť maloobchodných prevádzok je zatvorených alebo funguje len v obmedzenom režime, sme prakticky bez akýchkoľvek príjmov, ktoré nám z nich bežne plynú. Apelujeme taktiež na zavedenie opatrení, ktoré by pomohli podnikateľskej sfére a maloobchodným predajcom aj z hľadiska miezd zamestnancov, ktorí momentálne nemôžu vykonávať svoju prácu. Bohužiaľ, časť našich nákladov zostáva nezmenených, platíme mzdy zamestnancom a niektorí prenajímatelia naďalej vyžadujú platby aj za prenájom priestorov prevádzok, aj keď ich nemôžeme využívať. ISM upozorňuje na to, že maloobchodníci patria prijatými opatreniami medzi najviac ekonomicky zasiahnuté subjekty na slovenskom trhu. V situácii, keď však musia mať obchodníci obchody povinne zatvorené, považujeme za logické a spravodlivé, aby bolo nájomné odpustené alebo aspoň výrazne znížené,"" uvádza sa vo vyhlásení Iniciatívy slovenských maloobchodníkov.",1
"Blanár hodnotí prvých 100 dní Korčoka: Známka je podľa neho jasná, horšie to už nemôže byť","Diplomacia pod vedením Korčoka podľa jeho slov neurobila dostatok práce a aktivít, ktoré by zabránili povinnej karanténe pre Slovákov. Ministerstvo a ambasády podľa Blanára odviedli dobrú prácu počas pandémie nového koronavírusu.",0
Vyšetrovanie v Bratislavskej vodárenskej spoločnosti: Robili sa revízne správy len fiktívne?!,"Po vyhodnotení súťaže samostatne pre každú z uvedených častí, BVS uzatvorila zmluvu vždy so spoločnosťou, ktorá predložila najnižšiu cenu.",0
"Arca Capital upozorňuje na klamlivé letáky, popiera informácie o konkurze","""Bezprecedentné útoky s cieľom vyvolať paniku boli zatiaľ zaznamenané voči spoločnostiam TeHo Topoľčany a TeHo Bardejov, ktoré prevádzkujú teplárne, ďalej voči spoločnosti Delia potraviny, prevádzkujúcej sieť maloobchodných predajní a kaviarní, a spoločnosti AAH Plastics, ktorá vyrába náhradné diely pre automobilky,"" špecifikovala spoločnosť. ""Skupina Arca Capital kategoricky odmieta všetky informácie uvedené v spomínaných letákoch a dôrazne upozorňuje, že ide o informácie nezakladajúce sa na pravde, ktoré nielenže predstavujú útok na spoločnosti zo skupiny Arca Capital, ale sú spôsobilé vyvolať vážnu paniku a strach medzi obyvateľmi jednotlivých miest, prípadne zamestnancami či dodávateľmi jednotlivých firiem,"" vyjadrila sa skupina. ""V letákoch týkajúcich sa spoločností TeHo Topoľčany a TeHo Bardejov sa ďalej objavili informácie, že obyvatelia miest Topoľčany a Bardejov majú počas najbližšieho zimného vykurovacieho obdobia očakávať výpadok kúrenia a dodávok teplej vody,"" spresnila skupina. Letáky a upozornenia obsahujú podľa skupiny vysoko zavádzajúce a klamlivé informácie rôzneho charakteru s cieľom vydesiť zákazníkov, klientov, zamestnancov a obyvateľov miest, kde skupina Arca pôsobí. Prihláste sa ""Bezprecedentné útoky s cieľom vyvolať paniku boli zatiaľ zaznamenané voči spoločnostiam TeHo Topoľčany a TeHo Bardejov, ktoré prevádzkujú teplárne, ďalej voči spoločnosti Delia potraviny, prevádzkujúcej sieť maloobchodných predajní a kaviarní, a spoločnosti AAH Plastics, ktorá vyrába náhradné diely pre automobilky,"" špecifikovala spoločnosť. Prihláste sa V letákoch sa má písať napríklad o úpadku viacerých spoločností alebo o hromadnom prepúšťaní. V letákoch sa má písať napríklad o úpadku viacerých spoločností alebo o hromadnom prepúšťaní.",0
Podľa Progresívneho Slovenska vláda zanedbala pandémiu. Podali trestné oznámenie,"Bihariová vyzvala vládu premiéra Eduarda Hegera a ministra financií Igora Matoviča (obaja OĽANO), aby zriadili fond na odškodňovanie obetí nového koronavírusu. Jeho cieľom by bolo obetiam pandémie, respektíve pozostalým „kompenzovať ekonomickú ujmu, ktorá vznikla v súvislosti so zabezpečovaním pohrebu alebo preto, že boli nejakou mierou závislí od príjmu tejto osoby“.",1
VIDEO Remišová je podozrivo pozitívne naladená: Úsmev z líca na líce a slová vďaky napriek hroznému stavu Za ľudí,"Ja by som najradšej bola, keby všetko úsilie sme venovali najmä práci a nie rôznym ... hlúpostiam,"" tvrdí Remišová.",0
"Ondrej Lunter: Slovensko teraz potrebuje riešenia, kto má byť líder, je sekundárne","Myslím si, že sa nám darí riešiť problémy a budem chcieť pokračovať v práci pre verejný sektor. Vicežupan má zatiaľ oveľa väčšiu chuť debatovať o tom: ako štát počas covidu len improvizuje a nemá pripravené riešenie a prečo oceňuje nového ministra zdravotníctva, čo sa dá spraviť pre to, aby starí ľudia mohli žiť čo najdlhšie doma pod dohľadom odborníkov, ako by mohli ožiť sociálne podniky a ako pomáhajú miestnym farmárom, ako sa za dlhodobé úvery chystajú zrekonštruovať roky opustené budovy a vrátiť do nich život. Viem, že spolu s tímom budeme chcieť pokračovať v práci. Viem, že táto práca ma baví a napĺňa.",0
Slovenské národné stredisko pre ľudské práva vyzýva poslancov nepodporiť zákon od Záborskej súvisiaci s potratmi,"Hovorí o núdzovom bývaní pre tehotné ženy v krízovej situácii, zaviesť chce osobitný príspevok vyše 3000 eur pri narodení dieťaťa s ťažkým zdravotným postihnutím či tzv. „My sa rozprávame o situácii, keď tento príspevok dávame preto, aby žena, ktorá sa rozhodla, že nechce do toho ísť, pretože na to nemá osobné predpoklady alebo financie, do toho predsa len išla, a neprekáža, že to potom možno nezvládne,"" dodala a označila to za nešťastný prístup.",1
"Rozhodnutie vlády spustilo lavínu kritiky, opozícia hovorí o nehoráznosti: Je to do neba volajúce","Pokračoval, že OĽANO vedie Slovensko do krachu verejných financií a inštitúcií.",1
Myslia si o tom svoje: Členovia Ústavu politických vied sa dištancovali od výrokov Ľuboša Blahu,"Na základe uvedeného akademická obec ÚPV SAV zhodnotila, že nemôže ďalej mlčať a odmieta klásť dôraz na právny formalizmus, ktorý sa snaží striktne oddeľovať medzi politickými a vedeckými aktivitami svojich zamestnancov, keďže tak podľa nich nerobil ani Blaha. V zmysle politickej neutrality Slovenskej akadémie vied totiž Ústav politických vied nekomentoval politické aktivity a vyjadrenia svojich zamestnancov, a teda ani politickú činnosť Ľuboša Blahu. Zamestnanci preto požiadali verejnosť, aby ich nespájala s Blahovým politickým pôsobením a neatakovala vedeckých pracovníkov Ústavu politických vied SAV.",0
"India voči Rusku nemá žiadne sympatie, len sa domnieva, že vojna na Ukrajine sa jej netýka",Ďalšie dôležité správy Neprehliadnite Vývoz ocele z Indie do Európskej únie ohrozuje nová vývozná daň,0
Fico: Zvyšovanie minimálnej mzdy musí byť prirodzené a v rozumnom čase,"Zvyšovanie minimálnej mzdy je správne, musí k tomu však prísť prirodzenou cestou a v rozumnom čase. ""Minimálnu mzdu považujeme za nenahraditeľný sociálny inštitút. ""Pokiaľ ide o zvýšenie minimálnej mzdy, odporúčame skôr zvážiť navýšenie čistej mzdy pre túto skupinu zamestnancov, pri nezvyšovaní, respektíve znížení nákladov ceny práce pre zamestnávateľa, teda daní a odvodov,"" dodal generálny sekretár zamestnávateľskej asociácie Oto Nevický. ""Téza o zvyšovaní minimálnej mzdy je správna, súhlasím s ňou, ale je potrebné ju dosiahnuť v rozumnom čase prirodzene, nie umelo,"" zdôraznil. ""Vzhľadom na súčasnú ekonomickú situáciu je takéto prudké zvyšovanie minimálnej mzdy v rovine science fiction,"" uviedla v stanovisku hovorkyňa asociácie Miriam Špániková. Aj pri zvyšovaní minimálnej mzdy musíme však brať na zreteľ na jednej strane záujmy zamestnanca, ale na druhej strane aj záujmy zamestnávateľa,"" uviedol Fico na tlačovej konferencii po kontrolnom dni na rezorte práce. Fico: Zvyšovanie minimálnej mzdy musí byť prirodzené a v rozumnom čase Takto dnes reagoval premiér Robert Fico (Smer-SD) na návrh Konfederácie odborových zväzov (KOZ), aby minimálny plat vzrástol na úroveň 60 % priemerného mesačného zárobku v hospodárstve SR, čo je asi 496 eur. Zvýšenie minimálnej mzdy by podľa AZZZ spôsobilo ďalšie prehĺbenie krízy, zvýšenie nezamestnanosti a prepúšťanie nízkopríjmových zamestnancov, ktorých má tento návrh chrániť. Zvýšenie minimálnej mzdy na sumu 496 eur dnes odmietla Asociácia zamestnávateľských zväzov a združení (AZZZ).",1
Koľko by mali zarábať všetci zdravotníci (veľký prehľad platov),"_x000D_
	Poznámka: Platy sestier sú uvádzané bez príplatkov, teda ide o minimálnu zložku mzdy.",0
Parlament odobril Asociačnú dohodu medzi úniou a Ukrajinou,"Má Ukrajine umožniť prístup k fondom Európskej investičnej banky, a tiež vytvoriť vzájomný voľný trh. Prístup na najväčší jednotný trh na svete by pre Ukrajinu mohol mať podobu zvýšenia exportu o viac ako miliardu eur ročne, najmä v textilnom, potravinárskom a oceliarskom priemysle.",0
Kaník: Európa musí chrániť svoje hranice. A migrantov sústrediť do táborov,"Migračná kríza vyostruje napätie v Európe, je preto nevyhnutné prijať rozhodné opatrenia.",0
"Vratky za plyn sa blížia, SPP už spustil informačnú linku","Finančné prostriedky sú vyčlenené na tento účel zo štátneho rozpočtu,“ potvrdila hovorkyňa rezortu hospodárstva Miriam Žiaková. Vratky za plyn sa blížia, SPP už spustil informačnú linku „Vratky bude vyplácať ministerstvo hospodárstva v prvých mesiacoch roka 2016 prostredníctvom šekov vypl",1
Lajčák: Riešenie migračnej krízy sa dostáva do zásadne novej etapy,"""Cieľom návštevy v Grécku bolo ukázať solidaritu v migračnej kríze. ""Keďže v rámci EÚ už existuje zhoda na ich plnení, dostávame sa do zásadne novej etapy riešenia migračnej krízy,"" podotkol minister. ""Spoločne sme mohli zhodnotiť situáciu priamo v teréne tri týždne po prijatí zásadných európskych rozhodnutí v boji proti migračnej kríze,"" uviedol Lajčák. ""Toto nie je ich kríza, nie sú v nej samé. Lajčák: Riešenie migračnej krízy sa dostáva do zásadne novej etapy Po návšteve Grécka a Turecka to uviedol minister zahraničných vecí Miroslav Lajčák (nominant Smeru-SD) s tým, že riešenie migračnej krízy sa tak dostáva do zásadne novej etapy. Slovenské predsedníctvo v Rade EÚ, ktoré nasleduje po holandskom, bude podľa šéfa slovenskej diplomacie pokračovať už v začatej práci v tejto oblasti. Šéf slovenskej diplomacie na rokovaní uviedol, že Slovensko považuje Turecko za kľúčového partnera pri riešení migračnej krízy a presadzuje posilnenie strategického politického dialógu s Ankarou.",0
Plavčan pripravuje ďalšie zvýšenie platov pre učiteľov,Minister školstva Peter Plavčan o tom momentálne rokuje s ministerstvom financií. Po avizovanom septembrovom zvyšovaní o šesť percent by tak mohli byť školské mzdy zdvihnuté za krátke obdobie už druhýkrát.,1
"V Nitre je veľký dopyt po bytoch, radnica prestavia ubytovňu",„Chceme pripraviť žiadosť na Štátny fond rozvoja bývania.,0
Najdrahšie politiky EÚ,"Patrí sem napríklad spoločná poľnohospodárska politika, rast a zamestnanosť či bezpečnosť. Pre kľúčovú oblasť hospodárskeho rastu v súčasnom finančnom rámci bola tiež stanovená podpora malých a stredných podnikov, zamestnanosť a sociálne začlenenie. Sem patrí konkurencieschopnosť pre rast a zamestnanosť a hospodárska, sociálna a územná súdržnosť. V súčasnosti sa na inovačné poľnohospodárstvo, bezpečnosť potravín a udržateľné využívanie pôdy a lesov vynakladá len niečo okolo 40 percent rozpočtu EÚ. Úprava tejto rozpočtovej kapitoly mohla znamenať snahu o preorientovanie sa na znalostnú ekonomiku, výskum a ochranu životného priestoru namiesto spoločnej poľnohospodárskej politiky, ktorá dostávala ohromný priestor v minulosti.",0
"Sociálna poisťovňa prezradila, ako by sa mali zvýšiť starobné dôchodky","Ak by však suma zvýšenia dôchodku určená na základe dôchodcovskej inflácie bola nižšia ako pevná suma určená ako 2 % z priemernej výšky príslušného druhu dôchodku k 30. júnu tohto roka, dôchodok sa zvýši o pevnú sumu. Garantované minimálne pevné sumy zvýšenia dôchodkov od 1. januára 2018: Zvyšovanie o dôchodcovskú infláciu Podľa parlamentom schválenej novely zákona o sociálnom poistení sa budú dôchodky na Slovensku zvyšovať o tzv. Ide o percento medziročného rastu spotrebiteľských cien za domácnosti dôchodcov. Keďže medziročná dôchodcovská inflácia za prvý polrok tohto roka podľa Štatistického úradu SR dosiahla 0,8 %, len pri starobných penziách vyšších ako 1 050 eur bude suma zvýšenia dôchodku určená percentuálne vyššia ako 8,40 eura. Starobné dôchodky sa totiž budú individuálne zvyšovať o dôchodcovskú infláciu len vtedy, ak suma zvýšenia vypočítaná percentuálne z konkrétneho dôchodku bude vyššia ako pevná suma zvýšenia penzie v hodnote 8,40 eura. dôchodcovskú infláciu sa bude budúci rok týkať len pár tisíc dôchodcov. dôchodcovskú infláciu.",1
S hypotékou pre mladých nečakajte na ďalší rok. Bude drahšia,"2017 15:08 Ak ešte nemáte 35 rokov a uvažujete o hypotéke pre mladých, mali by ste sa so žiadosťou poponáhľať. 2017 musí byť odoslaná žiadosť o úver (musí byť podaná žiadosť o úver vrátane kompletnej dokumentácie k nej) a následne do 31. Ak banka schváli žiadosť o hypotéku na budúci rok, treba banku požiadať o potvrdenie o zaplatených úrokoch na uplatnenie daňového bonusu. Ak má daňovník aj spoludlžníka, alebo viacerých spoludlžníkov, priemerný mesačný príjem dlžníka spolu so spoludlžníkmi nesmie presiahnuť súčin počtu dlžníka a spoludlžníkov a 1,3-násobku priemernej mesačnej mzdy. Ak podpíšete zmluvu na hypotéku pre mladých s bankou po novom roku, štátny príspevok pre mladých vám už nebude znižovať mesačnú splátku hypotéky. Ak ste zamestnaný, bonus vám uplatní váš zamestnávateľ v ročnom zúčtovaní vašich príjmov. Ako si vybaviť hypotéku podľa starých pravidiel ČSOB, UniCredit Bank: žiadosť o úver je nutné podať do 31. Banky zatiaľ nemajú jasno v tom, či budú klientom za potvrdenie o zaplatených úrokoch účtovať peniaze. Bonifikáciu na úrokoch si uplatňuje klient každý mesiac, na úrokoch platí menej a aj splátka úveru je nižšia ako bude od budúceho roka. Daňovník musí mať vek od 18 do 35 rokov ku dňu podania žiadosti o takýto úver. Daňový bonus na úroky má vraj fungovať ako daňový bonus na dieťa. Daňový bonus si budete môcť uplatniť len na jednu zmluvu o úvere na bývanie, ktorou je financovaná len jedna tuzemská nehnuteľnosť určená na bývanie, a to byt alebo rodinný dom. Dôležité je aj to, aby im po kúpe bývania zostala dostatočná finančná rezerva a aby si samotný úver zabezpečili poistením šitým na mieru. Kritérium výšky príjmu pri daňovom bonuse na úroky z hypotéky platiť nebude. Na daňový bonus na dieťa má totiž nárok každý, kto má dieťa a mal v roku 2017 príjem aspoň 2 610 eur. Na zostatku úveru po piatich rokoch klient v prípade úveru so štátnym príspevkom ušetrí 1 474,64 eura. Naopak, v prípade úveru s daňovým bonusom klient na splátkach ušetrí 1 809,52 eura. Neprehliadnite: Cesta k hypotéke bude ťažšia. Niektoré banky úročia úver sadzbou zníženou o príspevok banky a príspevok štátu dávajú klientovi spätne. Niektoré banky úver aktuálne úročia už zníženou úrokovou sadzbou, iné ho úročia plnou úrokovou sadzbou a príspevok posielajú na účet klienta dodatočne. O vyplatenie daňového bonusu je treba požiadať na základe vyčíslenia zaplatených úrokov poskytnutého bankou,“ pripomenula Z. Žiaranová. Od januára si budete musieť uplatniť na úroky daňový bonus. Prameň: OVB Zmeny v hypotékach pre mladých: zrušila sa bonifikácia úrokovej sadzby, 2 percentá štát a 1 percento banka, zaviedol sa daňový bonus. Priemerný mesačný príjem daňovníka vypočítaný zo zdaniteľných príjmov za kalendárny rok predchádzajúci kalendárnemu roku, v ktorom bola uzavretá zmluva o úvere na bývanie, je najviac vo výške 1,3-násobku priemernej mesačnej mzdy zamestnanca v hospodárstve Slovenskej republiky zistenej Štatistickým úradom Slovenskej republiky za kalendárny rok predchádzajúci kalendárnemu roku, v ktorom bola uzavretá zmluva o úvere na bývanie. Príjem sa nebude posudzovať za kvartál, ale za celý rok. Príklad: Porovnanie úrokovej bonifikácie a daňového bonusu Úver v Tatra banke so štátnym príspevkom vo výške 50 000 eur by mal úročenie 0,05 % so splátkou 139,94 eura. S hypotékou pre mladých nečakajte na ďalší rok. Splatnosť úveru je od 5 do 30 rokov, musí byť zabezpečený záložným právom k tuzemskej nehnuteľnosti, bytu alebo nebytovému priestoru. Ten je polovica zaplatených úrokov, najviac 400 eur ročne, dlžník si ho môže uplatniť v daňovom priznaní, alebo pri ročnom zúčtovaní dane, ak by bola daň menšia ako nárok na bonus na zaplatené úroky, dlžník dostane preplatok, zrušila sa možnosť odkladu splátok pri narodení dieťaťa. Táto podmienka musí byť splnená ku dňu uzavretia zmluvy o úvere na bývanie. V banke si vybavíte v roku 2018 štandardnú hypotéku na kúpu, výstavbu či rekonštrukciu a až v nasledujúcom daňovom priznaní, teda v roku 2019, požiadate o priznanie daňového bonusu. V banke stačí podať žiadosť o hypotéku a ona všetko vybaví. V súčasnosti je bonifikácia hypotéky pre mladých vo výške 3 percent, pričom 1 percento dáva banka a 2 percentá štát. Výpočet: Na splátkach úveru počas piatich rokov klient v prípade úveru so štátnym príspevkom pre mladých ušetrí 2 029,20 eura. Výsledok: 2 029,20 + 1 474,64 – 1809,52 = 1 694,32 eura Čiže, v prípade takéhoto úveru klient za 5 rokov ušetrí 1 694,32 eura pri úvere so ŠPM voči úveru s daňovým bonusom. Výška bonusu sa vypočíta ako polovica zaplatených úrokov za hypotéku v danom roku. Zostatok úveru po piatich rokoch bude 41 718,66 eura. Zostatok úveru po piatich rokoch bude 43 193,30 eur. Zároveň by výška splátky nemala presiahnuť 30 percent a suma splátok všetkých ich úverov 50 percent z ich príjmu. Úver s daňovým bonusom vo výške 50 000 eur by mal úročenie 1,55 % so splátkou 173,76 eura. Čiže, ani človek, ktorý je prechodne nezamestnaný nepríde o bonifikáciu svojho úveru,“ vysvetlil Marián Búlik, finančný analytik OVB Allfinanz Slovensko. Čo ak bude manželka na rodičovskej dovolenke a manžel nebude mať prechodne prácu? Čo sa nemení Samotné podmienky hypotéky pre mladých sa nemenia. „Ak má daňovník také nízke príjmy, že daňová povinnosť mu žiadna nevychádza, daňový bonus na zaplatené úroky mu bude poukázaný v plnej oprávnenej výške v rámci ročného zúčtovania dane (zamestnanec) alebo na základe daňového priznania (SZČO, živnostník),“ odpovedalo ministerstvo financií na otázku, ako sa bude v daňovom priznaní uplatňovať nárok na bonus. „Dlžník bude platiť vyššiu mesačnú splátku a po piatich rokoch bude mať vyšší zostatok istiny úveru, to znamená, že úver pri použití daňového bonusu raz za rok preplatí viac ako pri štátnom príspevku k hypotéke,"" tvrdí M. Búlik. „Pre mnohých záujemcov o úver môže byť dôležité aj to, že v prípade štátneho príspevku pre mladých všetko za klienta vybaví banka. „Preto odporúčame mladým ľuďom, ktorí si chcú riešiť vlastné bývanie, aby si hypotéku vybavili do konca roka.“ M. Búlik ďalej pripomína, že žiadatelia o hypotéku by mali vziať do úvahy aj to, či majú dostatočné vlastné zdroje, ak im banka poskytne napríklad hypotéku len vo výške 80 percent alebo 90 percent z kúpnej ceny. „Znamená to, že uplatnenie nároku na daňový bonus na zaplatené úroky nie je viazané na dosiahnutie zdaniteľného príjmu v určitej výške a nárok na daňový bonus na zaplatené úroky vznikne daňovníkovi, ktorý splní podmienky ustanovené v paragrafe 33a tohto zákona aj v prípade, ak nedosiahne za príslušné zdaňovacie obdobie žiadny zdaniteľný príjem.“ Ak nárok na daňový bonus na zaplatené úroky presiahne výšku dane, daňovník požiada správcu dane o vyplatenie sumy vo výške rozdielu medzi daňou a daňovým bonusom na zaplatené úroky.",1
"Žitňanská reaguje na krízu Ústavného súdu. Prezradila, kedy nastanú zmeny",Žitňanská reaguje na krízu Ústavného súdu.,0
Srbsko a Čierna Hora sú horúcimi kandidátmi na vstup do EÚ,"Avšak rastúci vplyv Ruska, migračnej krízy, ktorá na región dopadá, posun Turecka k autoritatívnemu režimu a prianie posilniť európsku integráciu po odchode Veľkej Británie v roku 2019 priniesli Balkánu novú nádej. Ich šance na členstvo sa však podľa Reuters v posledných rokoch zmenšili, keď únijní politici tak trochu stratili záujem pokračovať v rozširovaní bloku v dôsledku rastúceho euroskepticizmu v členských krajinách, krízy eurozóny v rokoch 2009 až 2013 a rozhodnutia Veľkej Británie opustiť úniu. „Nadišiel čas dokončiť prácu z roku 1989,“ povedal J. Hahn s poukázaním na rozširovanie bloku na východ po páde berlínskeho múru.",0
SaS prijalo dohodu o migrantoch: Nesmie to však zostať len na papieri,"""Účinná ochrana schengenskej hranice, zriadenie utečeneckých táborov mimo územia EÚ a reforma azylového procesu, ktorá zabráni zneužívaniu práva na azyl, je sumár reálnych nástrojov na riešenie migračnej krízy,"" doplnil poslanec Národnej rady (NR) SR a Martin Klus. BRATISLAVA - Strana Sloboda a Solidarita víta, že súčasťou riešenia migračnej krízy má byť podľa aktuálnej dohody lídrov EÚ zriaďovanie utečeneckých táborov mimo územia členských štátov Únie, kde prebehne azylový proces.",0
Tunel Čebrať na D1 začali znova raziť,"2018 17:08 Práce na pozastavených častiach úseku diaľnice D1 Hubová – Ivachnová v dĺžke 15 kilometrov pri Ružomberku môžu pokračovať. Doposiaľ pokračovali práce na mostných objektoch, ktoré tým neboli dotknuté. Pôvodná zmluvná cena výstavby diaľnice sa v dôsledku zmien po siedmom dodatku k zmluve o dielo zvýšila z 227,26 mil. Stavebné práce na úseku D1 Hubová – Ivachnová museli prerušiť v roku 2015 pre riziko zosuvu svahu nad trasou tunela Čebrať pri jeho západnom portáli. Začali sa aj dokončovacie práce na mostoch. Zhotoviteľ bol pripravený začať s prácami na pozastavených častiach diaľnice už v apríli, kedy malo záverečné stanovisko nadobudnúť právoplatnosť. Zároveň sa začal znova raziť tunel Čebrať na tomto úseku po tom, čo minister dopravy a výstavby Arpád Érsek v stredu vydal pokyn k obnoveniu prác. „V dôsledku aktivizácie zosuvného územia v kilometroch 2 - 4 došlo v roku 2016 po rozhodnutí NDS k prerušeniu prác na objektoch v tomto území, ako aj prác na razení tunela Čebrať a ostatných súvisiacich objektoch,“ uviedla hovorkyňa NDS Michaela Michalová.",0
"Netflix dostane ranu, Disney chystá konkurenta s najzvučnejšími menami","Pokojne sa môže stať, že Disney nahodí tak nízke ceny, že sa ich budú snažiť dobehnúť aj konkurenti.",0
"Premiérova hovorkyňa končí. Prezradila, kam sa presunie","""Môžem potvrdiť, že po šesť a pol roku práce na úrade vlády odchádzam od 1. novembra pracovať na ministerstvo zahraničných vecí, keďže sa už dlhodobejšie chcem kariérne posunúť smerom k zahraničným vzťahom.",0
Flixbus po úspechu v USA chce vstúpiť aj na východné pobrežie,"Flixbus oznámil svoj zámer konkurovať lídrovi na americkom trhu, spoločnosti Greyhound, pred pol rokom, keď začal prevádzkovať autobusové linky v Kalifornii.",0
Zákon o neprimeraných podmienkach v obchode je v druhom čítaní,"""Vzhľadom na skúsenosti z aplikačnej praxe prišlo k precizovaniu aktuálnych ustanovení upravujúcich neprimerané podmienky v obchodných vzťahoch, ktorých predmetom sú potraviny,"" vysvetlil agrorezort. Bratislava 4. decembra (TASR) - Zákon o neprimeraných podmienkach v obchode s potravinami zavádza aj tzv. Návrh podľa rezortu reaguje na skúsenosti získané z aplikácie v súčasnosti platného zákona o neprimeraných podmienkach v obchodných vzťahoch, ktorých predmetom sú potraviny, a to tak na strane orgánov štátnej správy, ako aj na strane dodávateľov potravín a odberateľov potravín. Návrh podľa rezortu reaguje na skúsenosti získané z aplikácie v súčasnosti platného zákona o neprimeraných podmienkach v obchodných vzťahoch, ktorých predmetom sú potraviny. Zákon o neprimeraných podmienkach v obchode je v druhom čítaní",1
"Zisk Iberdroly vzrástol o 7,5 % a prvýkrát prekročil 3 miliardy eur","""Je to prvýkrát, keď zisk skupiny prekročil 3 miliardy eur,"" uviedla spoločnosť vo svojom vyhlásení. Madrid 20. februára (TASR) - Španielsky energetický gigant Iberdrola v stredu oznámil, že v roku 2018 dosiahol nárast čistého aj prevádzkového zisku. Pomohli mu vyššie príjmy z Latinskej Ameriky aj väčšia produkcia vodných a veterných elektrární v Španielsku. Tržby divízie obnoviteľnej energie sa pritom zvýšili o 28 % najmä vďaka nárastu produkcie veterných a vodných elektrární a v menšej miere aj slnečnej energie. Z toho takmer 78 % ""naliala"" do výroby elektriny z obnoviteľných zdrojov v rámci investičného programu v celkovej výške 32 miliárd eur, ktorý je súčasťou jej štvorročnej stratégie. Zisk Iberdroly vzrástol o 7,5 % a prvýkrát prekročil 3 miliardy eur Zisk koncernu pred úrokmi, zdanením, odpismi a amortizáciou (EBITDA) stúpol o 27,7 % na 9,35 miliardy eur a vlaňajšie tržby vzrástli o 12,2 % na 35,1 miliardy eur. Čistý zisk koncernu sa v roku 2018 zvýšil o 7,5 % na 3,01 miliardy eur, čo je jeho najlepší výsledok v histórii.",0
Ropnú firmu Anadarko možno prevezme Occidental,"Firma Occidental uviedla, že jej ponuka ohodnocuje Anadarko Petroleum na 57 miliárd USD (50,69 miliardy eur) vrátane dlhu.",0
"Priemyselné objednávky v USA v júni vzrástli o 0,6 %","Priemyselné objednávky v júni vzrástli o 0,6 % po páde o 1,3 % v máji, uviedlo americké ministerstvo obchodu.",1
Na týchto tratiach budú výlukové práce,Bratislava 25. októbra (TASR) - Železnice Slovenskej republiky (ŽSR) budú v najbližších dňoch realizovať výlukové práce: - v úseku výh. Na týchto tratiach budú výlukové práce Práce budú realizované zamestnancami ŽSR. st. V osobnej stanici Zvolen pokračujú rekonštrukčné práce na nástupišti č.,0
Voskár: Potravinársky priemysel by mal byť prioritou novej vlády,"""Doteraz neboli vypracované systémové notifikované schémy štátnej podpory pre spracovateľský priemysel. Bratislava 6. marca (TASR) - Únia potravinárov Slovenska (ÚPS) od nového vládneho kabinetu očakáva, aby sa starostlivosť o potravinársky priemysel SR dostala medzi jej priority. Voskár: Potravinársky priemysel by mal byť prioritou novej vlády",1
"Grécko nasleduje ďalšie krajiny: Zaviedlo dvojtýždňovú karanténu pre všetkých, ktorí vstúpia do krajiny","Otvorené môžu byť supermarkety, lekárne a zdravotnícke zariadenia ako aj obchody a butiky. Podľa zdroja z leteckého priemyslu by pasažieri na prestupných letoch nemali byť týmto opatrením zasiahnutí.",0
Výnimka pre ľudí žijúcich v Česku a Maďarsku: Na príchod na Slovensko im stačia dva doklady,"Od zajtra od 7.00 h aj v prípade ČR, aj Maďarska, ak na hraniciach vydokladuje dva rôzne doklady, ktorými môže preukázať to, že v tejto krajine reálne žije, tak mu bude umožnený tento režim 48 hodín,"" povedal premiér s tým, že môže ísť o účet za elektrinu či mobil.",0
Argentína predĺžila rokovania s veriteľmi o reštrukturalizácii dlhu,"Argentína predĺžila rokovania s veriteľmi o reštrukturalizácii dlhu Argentína preto požaduje od veriteľov ústupky, ako je odpis dlhu či moratórium na splátky do roku 2023. Argentína sa nachádza v hlbokej finančnej a hospodárskej kríze. Argentína termín na ukončenie rokovaní s veriteľmi o reštrukturalizácii dlhu v hodnote 65 miliárd USD odložila už piatykrát. Dlhy druhej najväčšej juhoamerickej ekonomiky sú za aktuálnych podmienok neudržateľné. Krajina koncom mája nevyrovnala splátku úrokov, čím sa dostala do obmedzenej platobnej neschopnosti. Miera inflácie sa pohybuje nad 50 % a v tomto roku sa očakáva pokles ekonomiky o 5,7 %. Teraz má čas dohodnúť sa s majiteľmi dlhopisov emitovaných podľa zahraničného práva do 24. júla, uviedlo v piatok argentínske ministerstvo financií. tesne pred uplynutím konečného termínu opäť predĺžila lehotu na dosiahnutie dohody so súkromnými veriteľmi o reštrukturalizácii svojho dlhu.",0
Brannobezpečnostný výbor NR SR odsúhlasil zbraňovú amnestiu aj pôsobenie vojakov,Ďalším schváleným bodom bola novela zákona o ochrane pred legalizáciou príjmov z trestnej činnosti a o ochrane pred financovaním terorizmu.,0
Ericsson sa dohodol na kúpe americkej spoločnosti Cradlepoint,"""Myslíme si, že to našim zákazníkom dá šancu generovať nové zdroje príjmu v rámci podnikového segmentu,"" uviedol finančný šéf spoločnosti Ericsson Carl Mellander. Posledným veľkým obchodom Ericssonu bola kúpa dodávateľa dátových sieťových zariadení Redback Networks v roku 2007 za 2,1 miliardy USD. V júli vykázal vyššie, než boli očakávané štvrťročné príjmy, k čomu mu pomohli rast predaja 5G sietí a tržby zo softvéru.",0
ZMOS vyzvalo vládu na preplatenie nákladov na plošné testovanie,"""Keďže ide o štátne financie, treba to dôkladne zdokladovať, preplácanie by malo byť čím skôr. Chceme tiež požiadať vládu, aby bezúročné pôžičky, ktoré boli samosprávam ponúknuté, sa stali transferom. Keďže ide o štátne financie, treba to dôkladne zdokladovať, preplácanie by malo byť čím skôr, konštatuje šéf združenia Branislav Tréger. Namiesto pôžičky chceme dotáciu,"" uviedol Tréger.",1
"Rezort hospodárstva potvrdil, že dodávka antigénových testov príde na Slovensko 7. januára","Celková cena 2,6 milióna testov dosiahne podľa zmluvy medzi MH SR a dodávateľom sumu 12,87 milióna eur vrátane DPH. Potvrdila to pre TASR v utorok hovorkyňa Ministerstva hospodárstva (MH) SR Katarína Matejková. Rezort hospodárstva dostal úlohu obstarať v štyroch termínoch 16 miliónov antigénových testov podľa zadania Ministerstva zdravotníctva (MZ) SR ešte 19. novembra. Rezort hospodárstva potvrdil, že dodávka antigénových testov príde na Slovensko 7. januára Správne zadanie dostalo MH SR podľa ministra hospodárstva Richarda Sulíka (SaS) až 7. decembra. Zmluvná jednotková cena testu je 4,95 eura s daňou z pridanej hodnoty (DPH).",0
OSN zdvíha varovný prst: Plán USA bude mať vážne následky,"Humanitárne skupiny, ako aj členovia Demokratickej strany novozvoleného amerického prezidenta Joea Bidena varovali, že tento krok vážne naruší úsilie o riešenie situácie v Jemene, ktorú OSN označuje za najväčšiu humanitárnu krízu na svete. Ich zaradenie na zoznam teroristických skupín však podľa očakávaní odradí vonkajších aktérov od mnohých transakcií s ich predstaviteľmi, ako sú bankové transfery či nákup potravín a paliva.",0
Minister Krajniak: Vláda plánuje od 8. februára spustiť COVID automat,"V diskusnej relácii Na hrane televízie Joj to potvrdil minister práce, sociálnych vecí a rodiny SR Milan Krajniak (Sme rodina).",0
Jarné trendy v záhrade,"Jarné práce totiž začínajú práve kontrolou a čistením záhradnej techniky a náradia, ktoré používate v záhrade. Je kľúčové myslieť dopredu a naplánovať si vopred jarné práce ako príprava pôdy, sejba a pestovanie sadeníc. Na trhu je na výber veľké množstvo strojov do záhrady, nie všetky sú však kvalitné a spoľahlivé. Otvoriť galériu Zdroj: EGO POWER+ Otvoriť galériu Jedna batéria pre všetky zariadenia A možno ste v zime dostali chrobáka do hlavy a rozhodli ste sa tento rok uľahčiť si prácu a zaobstarať si nového pomocníka do záhrady v podobe rotavátora, krovinorezu, ktorý by sa vám zišiel na chalupe, alebo vyvetvovacej píly na jarný rez ovocných stromčekov. Otvoriť galériu Zdroj: EGO POWER+ Otvoriť galériu Kompletná starostlivosť o záhradu Na jarné práce sa najviac hodí viacúčelový systém Multi-tool. Zároveň sa vyhnete nákladom na kúpu benzínu a oleja a komplikovanú údržbu benzínových strojov. Či už je potrebné prerezať ovocné stromčeky, odpíliť choré a suché konáre v korune alebo presvetliť starší strom, nemusíte sa vystavovať riziku pri práci z rebríka.",0
"Zmeny v prípade nosenia respirátorov: Pozrite sa, aké môžete používať","""Ak majú byť výrobky uvedené ako osobné ochranné prostriedky na trh Európskej únie alebo slovenský trh, musia byť posúdené podľa požiadaviek platných v Európskej únii a v Slovenskej republike,"" informuje Úrad pre normalizáciu, meteorológiu a skúšobníctvo (ÚNMS) SR na svojom webe. Respirátory KN95 alebo N95 sú pôvodne určené ázijskému trhu a mali by byť vyskúšané podľa čínskej normy GB/T 32610-2016.",0
"Akčný plán k vodíkovej stratégii bude schválený do konca roka, vyhlásil Sulík","11:51 Využívanie vodíka ako súčasti hospodárstva Slovenska je podľa rezortu hospodárstva celonárodným záujmom Na jeho zavedení do praxe sa bude podieľať vláda SR v spolupráci s podnikateľskou sférou, inštitúciami výskumu, vývoja a vzdelávania, a tiež orgánmi územnej samosprávy podľa opatrení, ktoré budú špecifikované v Akčnom pláne k NVS,"" uviedol rezort hospodárstva v schválenom materiáli. Neprehliadnite Prvé čerpacie stanice na vodík budú na jeseň realitou už aj na Slovensku Slovensko by malo vo svojich priemyselných odvetviach a vo verejnom živote využívať vodík ako nosič energie všade tam, kde priame využitie elektriny nie je možné, alebo je nákladovo neefektívne, vyplýva z NVS, ktorú v stredu schválila vláda s pripomienkou. Uviedol to na brífingu v rámci stredajšieho rokovania vlády minister hospodárstva Richard Sulík (SaS). „Využívanie vodíka ako súčasti hospodárstva SR je celonárodným záujmom.",1
"Skvelá správa pre dôchodcov: Krajniak ohlásil, že si koncom roka opäť prilepšia","V rozhovore pre portál voFinanciach.sk to povedal minister práce, sociálnych vecí a rodiny Milan Krajniak. „Vzhľadom na vlnu pandémie, ktorá prišla v prvom polroku tohto roka, sú rozpočtové zdroje na rovnakej úrovni ako v minulom roku,"" tvrdí šéf rezortu práce a sociálnych vecí.",1
"Nord Stream 2 AG môže súdne napadnúť pozmenenú smernicu EÚ o plyne, tvrdí Michal Bobek","Neprehliadnite USA uvalia sankcie na plynovod, ak bude mať Ukrajina problémy, vyhlásil Zelenskyj Pokiaľ ide o otázku, či sa pozmeňujúca smernica priamo týka Nord Stream 2 AG, generálny advokát pripomenul, že je schopná dosiahnuť právne účinky tým, že rozšíri rozsah pôsobnosti smernice o plyne aj na situácie, ktoré sú charakteristické pre uvedenú spoločnosť, ktorej sa tento právny akt predtým netýkal. Nord Stream 2 AG môže súdne napadnúť pozmenenú smernicu EÚ o plyne, tvrdí Michal Bobek Plynárenská spoločnosť Nord Stream 2 AG môže na súde EÚ napadnúť európsku smernicu, ktorou sa rozširuje rozsah pôsobnosti smernice o plyne aj na plynovod spájajúci Úniu s tretími krajinami. Smernice pre tretie krajiny Pozmeňujúca smernica o plyne z apríla 2019 EÚ mala za cieľ zaistiť, aby v EÚ uplatňované pravidlá vzťahujúce sa na plynovody spájajúce dva alebo viac členských štátov platili aj na plynovody do a z tretích krajín.",0
"Ďalší koaličný návrh, ako seniorom kompenzovať infláciu: Kedy dostanete 13. dôchodok?","Len posun v čase V januári sa penzie valorizovali o 1,3 percenta, ale ceny v domácnostiach dôchodcov medziročne vzrástli až o 9,1 percenta! Matovič tvrdí, že pomoc treba urýchliť, lebo následkom ruskej invázie na Ukrajine sa inflácia ešte zvýši. Minister financií Igor Matovič (OĽaNO) navrhuje, aby sa 13. dôchodok vyplatil vcelku a ešte v prvej polovici roka. Minister financií ohlásil, že dávka sa vyplatí tak rýchlo, ako to je možné. Otvoriť galériu Ako by ste si polepšili Zdroj: infografika NČ Otvoriť galériu Výška dávky - dôležitá je výška vašej penzie alebo vašich penzií - ak je najviac vo výške životného minima jednej plnoletej osoby, 13. dôchodok je 300 € - ak prevyšuje životné minimum, 13. dôchodok sa určí podľa vzorca: 300 - 0,36 * (výška penzie - životné minimum) Životné minimum - do júna 2022 životné minimum predstavuje 218,06 € - 1. júla sa automaticky zvyšuje - vynásobí sa buď percentom rastu čistých peňažných príjmov na osobu, alebo percentom rastu životných nákladov nízkopríjmových domácností (inflácia) smerodajná je nižšia z týchto dvoch hodnôt Podmienky nároku - správny druh dôchodku (zo sociálneho poistenia alebo zo sociálneho zabezpečenia policajtov a vojakov) - nárok na výplatu penzie v určenom mesiaci Dôchodcovská inflácia - dôchodky zo Sociálnej poisťovne sa valorizujú vždy v januári - ako sa zvýšia, závisí od vývoja cien v spotrebnom koši dôchodcov (tzv. dôchodcovská inflácia) v prvej polovici predchádzajúceho roka - v januári 2022 sa penzie valorizovali o dôchodcovskú infláciu v prvom polroku 2021, a to o 1,3 % - v januári 2023 sa zvýšia o dôchodcovskú infláciu v prvom polroku 2022, Rada pre rozpočtovú zodpovednosť odhaduje, že dosiahne 8,3 % Budúci rok to bude lepšie Rast cien v prvom polroku 2022 sa premietne do zvýšenia penzií v budúcom roku. Ďalší koaličný návrh, ako seniorom kompenzovať infláciu: Kedy dostanete 13. dôchodok? „Z toho vyplýva, že návrhy, ktoré volajú po zvyšovaní dôchodkov v tomto roku bez toho, aby brali do úvahy ich zmenu v ďalších rokoch, fakticky žiadajú vykompenzovať infláciu v dôchodkoch dva razy,“ dodáva RRZ.",1
Aktivita v americkom sektore služieb sa v marci vrátila k rastu,"Prispeli k tomu nové objednávky, ako aj produkcia, keď v obidvoch prípadoch sa tempo rastu zrýchlilo. Zrýchlil sa aj rast v oblasti produkcie, aj keď zrýchlenie nebolo také výrazné ako v prípade nových objednávok.",1
Vojna na Ukrajine: Európska únia schválila ďalší balík sankcií,"06:44 Ministerka financií USA Janet Yellenová v stredu varovala Snemovňu reprezentantov, že ruská agresia vo východnej Európe vyvolá „obrovské ekonomické dôsledky na Ukrajine aj mimo nej“. 07:09 Poskytovatelia bezplatného ubytovania odídencom musia na získanie príspevku od štátu odovzdať obci prvý výkaz o počte nocí, v ktorých poskytovali odídencovi ubytovanie, do štvrtka. 07:35 Čo spôsobí stopka ruskému uhliu na Slovensku Európska komisia navrhla v súvislosti s ruskou vojnou na Ukrajine zakázať dovoz uhlia z Ruska. 10:10 Ruský plynárenský koncern Gazprom naďalej vo výrazných objemoch dodáva plyn do Európskej únie cez ukrajinské plynovodné siete, napriek pokračujúcemu vojnovému konfliktu na Ukrajine. 14:20 Poslanci Európskeho parlamentu (EP) vo štvrtkovom uznesení v Štrasburgu vyzvali na dodatočné represívne opatrenia voči Rusku vrátane okamžitého úplného embarga na ruský dovoz ropy, uhlia, jadrového paliva a plynu. 14:34 Úplné zastavenie tranzitu ruského plynu by okrem problémov s náhradou jeho dodávok pre slovenské podniky a domácnosti prinieslo aj ekonomickú stratu pre štát. 15:06 Estónska vláda sa rozhodla zastaviť dovoz ruského zemného plynu. 15:14 Úplné zastavenie tranzitu ruského plynu by okrem problémov s náhradou jeho dodávok pre slovenské podniky a domácnosti prinieslo aj ekonomickú stratu pre štát. 16:10 Európsky parlament (EP) vo štvrtok podporil plán na urýchlené dopĺňanie strategických zásob plynu. 17:10 Administratíva amerického prezidenta Joea Bidena v reakcii na vojnu na Ukrajine vo štvrtok pozastavila export pre tri ruské letecké spoločnosti. 17:54 Návrh Európskej únie (EÚ) na zákaz dovozu uhlia z Ruska nadobudne plnú účinnosť až v auguste, o mesiac neskôr, ako sa očakávalo. 18:31 Americký Senát vo štvrtok v reakcii na ruskú inváziu na Ukrajinu jednomyseľne odhlasoval zrušenie normálnych obchodných vzťahov s Ruskom a zákaz dovozu ruskej ropy. 20:14 Snemovňa reprezentantov Kongresu USA vo štvrtok v reakcii na ruskú inváziu na Ukrajinu schválila zrušenie normálnych obchodných vzťahov s Ruskom a zákaz dovozu ruskej ropy. 21:24 Členské štáty Európskej únie schválili vo štvrtok v poradí už piaty balík protiruských sankcií, medzi ktoré patrí aj zákaz dovozu uhlia z Ruska. 6:07 Ukrajinský prezident Volodymyr Zelenskyj vyzval vo štvtok Západ, aby sa dohodol na embargu na ruskú ropu. Aktíva zahŕňajú peniaze na zmrazených bankových účtoch a nehnuteľnosti v štyroch švajčiarskych kantónoch, povedal Bollinger na tlačovej konferencii. Cez Slovensko sa ročne prepraví okolo 40 až 70 miliárd kubických metrov (m3) ruského plynu a štát má v spoločnosti eustream, ktorá prepravu zabezpečuje, 51-percentný podiel, upozornila aktuálna analýza spoločnosti FinStat. Dodala, že rastúce ceny energie, kovov, pšenice a kukurice, ktoré Rusko a Ukrajina produkujú, spôsobia intenzívnejšie „inflačné tlaky“. Energetický gigant sídliaci v Londýne to odhaduje vo svojej aktualizovanej správe o zisku, ktorá vyšla ešte pred tým, ako 5. mája zverejní kompletné zisky za prvý kvartál. Európska komisia tento týždeň navrhla zákaz dovozu uhlia z Ruska po nahromadení dôkazov o zverstvách, ktoré spáchali ruskí vojaci v ukrajinskom meste Buča a ďalších oblastiach. Kabinet sa dohodol s Fínskom na prenajatí plávajúceho terminálu, ktorý umožní dovoz skvapalneného zemného plynu (LNG). Ministerstvo obchodu USA uviedlo, že tento krok nedovolí, aby leteckí prepravcovia Aeroflot, Utair a Azur Air dostávali tovary z USA vrátane dielcov, ktoré sú potrebné na údržbu lietadiel. Nariadenie, ktorého cieľom je zaistiť domácnostiam a podnikom dostatok plynu pred ďalšou vykurovacou sezónou, schváli v zrýchlenom legislatívnom konaní a čoskoro o ňom budú rokovať poslanci s ministrami členských štátov. Nikolenko zároveň skritizoval vyjadrenie maďarského premiéra Viktora Orbána, ktorý povedal, že sú pripravení platiť za ruský plyn v rubľoch, a označil to za nepriateľské voči odmietnutiu menovej požiadavky Moskvy zo strany EÚ. Parlament chce, aby boli do 1. novembra 2022 zásobníky plynu povinne naplnené na minimálne 80 % a následne každý rok v rovnakom období aspoň na 90 %, čo má zaistiť bezpečnosť dodávok a ochrániť Európanov pred možným nedostatkom plynu. Plány na plynovod EastMed, ktorý by prepravoval zemný plyn z izraelských vôd do Európy cez Cyprus a Grécko, boli oznámené v roku 2016 a bolo už podpísaných niekoľko dohôd. Podľa slovenského ministra hospodárstva Richarda Sulíka sa bez tohto uhlia zaobídeme. Prezident Volodymyr Zelenskyj vyzval Západ, aby sa dohodol na embargu na ruskú ropu. Pôvodný plán počítal s postupným ukončením dovozu uhlia do troch mesiacov, povedal pre CNBC predstaviteľ EÚ, ktorý si neželal byť menovaný pre citlivosť rokovaní. Svojmu východnému susedovi chce Slovensko tiež pomôcť s vývozom pšenice. Tanky sú údajne sovietskej alebo ruskej výroby. Ten totiž ročne na dividendách a daniach inkasuje za prepravu plynu približne 300 miliónov eur. Ukrajinský prezident vo svojom najnovšom videoprejave povedal, že Moskva zarába na vývoze ropy toľko peňazí, že nemusí brať mierové rozhovory vážne. Uviedol to vo štvrtok na tlačovej besede minister práce, sociálnych vecí a rodiny SR Milan Krajniak (Sme rodina). Vo svojom ostatnom videoprejave Zelenskyj vyzval Západ, aby zašiel ešte ďalej a bojkotoval používanie ruskej ropy. Vyzval preto ""demokratický svet"", aby sa vyhýbal ruskej rope. „Dnes sme dospeli k rozhodnutiu prestať nakupovať ruský plyn. „Tieto reštrikcie sú významné, pretože je, samozrejme, ťažké pokračovať v lietaní, ak nemôžete robiť údržbu svojich lietadiel,"" povedal novinárom Matthew Axelrod, námestník ministra obchodu pre export.",1
Vlčan: Štát má záujem byť vopred informovaný o exporte agrokomodít,"""My dnes, samozrejme, sledujeme stavy zásob repky, pšenice, slnečnice a iných agropotravinárskych komodít, ktoré sú potrebné pre produkciu potravín,"" poznamenal. ""To nevieme vylúčiť, keďže sa trh rozkolísal a dochádza k poruchám na trhu v súvislosti s krízou a vojnou na Ukrajine,"" vysvetlil minister pôdohospodárstva. Bratislava 10. mája (TASR) - Štát má záujem byť vopred informovaný o exporte agrokomodít zo SR. Uviedol to po utorkovom stretnutí s novinármi minister pôdohospodárstva SR Samuel Vlčan (nominant OĽANO) v súvislosti s pozmeňovacím návrhom poslanca parlamentu Martina Fecka (OĽANO) k novele zákona o potravinách, ktorý sa prerokúva v Národnej rade SR. ""Návrh pána poslanca Fecka dať do rúk Ministerstva pôdohospodárstva a rozvoja vidieka (MPRV) SR možnosť dodatočnej informačnej povinnosti od subjektov, ktoré chcú vyviezť kľúčové potravinárske komodity za hranice SR, je dobrý. Nezasahujeme do trhu, ani do cenotvorby,"" dodal Vlčan. Spresnil, že ide o skvalitnenie informačného toku, ktorý MPRV potrebuje, aby kvalitne vykonávalo pozíciu regulátora na trhu. Vlčan: Štát má záujem byť vopred informovaný o exporte agrokomodít",1
Pandémia sa ešte neskončila. Štáty EÚ by sa mali pripravovať na ďalšiu vlnu covidu,"V pondelok to uviedla eurokomisárka pre zdravie a bezpečnosť potravín Stella Kyriakidisová. „Posledné dva mesiace sme sa pripravovali na jeseň a zimu, plne si uvedomujúc, že ďalšia vlna pandémie nesmie a nemala by ďalej zaťažovať naše ekonomiky ani naše spoločnosti, najmä v čase, keď je zasiahnutá vojnou a inváziou na Ukrajinu, ako aj infláciou,"" povedala v rozhovore pre cyperskú štátnu rozhlasovú stanicu.",0
"Ak sa chystáte cestovať, pozor: Na tomto úseku diaľnice D1 budú vymieňať zvodidlá",Práce budú prebiehať v ľavom jazdnom páse na vonkajšej rímse.,0
Hlina chce referendum. Kvôli vývozu vody zo Slovenska,"""Cena za odobratú vodu musí byť generovaná aukciou,"" žiada Hlina v ďalšej podmienke, ktoré chce presadiť. ""Štát prostredníctvom pána Žigu už vygeneroval, neviem akým záhadným spôsobom, cenu za kubík odobratej vody na úrovni 0,40 a naše domácnosti platia za vodné cca 1,3 eura. Aj keď táto cena bude generovaná aukciou, nesmie byť nižšia, ako tá, ktorú budú v aktuálnom čase platiť za vodu domácnosti. Kvôli vývozu vody zo Slovenska To znamená, že cena, za ktorú chce náš štát predávať vodu, je približne tretinová oproti tomu, čo platia za vodu naše domácnosti,"" zdôraznil na dnešnom brífingu v parlamente. V súčasnosti podľa neho neexistuje legislatívny rámec, ktorý by umožnil zakázať vývoz vody do zahraničia, a to chce vláda zmeniť.",1
"Pri kompenzáciách za plyn by sme mali byť prví na rade, hovorí minister","Podľa ministrových slov stále platí informácia, že za zníženými dodávkami plynu sú technické problémy na ruskej strane. ""Máme v zásobníkoch výše dve miliardy kubíkov plynu, SPP zakontrahoval alternatívne dodávky plynu zo západnej Európy. Minister zároveň avizoval, že sa pripravujú opatrenia, ktoré budú riešiť zvýšené poplatky za elektrinu v priemysle. Na druhej strane Miškovovi chýba stratégia diverzfikácie dovozu plynu, ropy a jadrového paliva. Pavlis informoval, že dnes k nám prúdilo 43,1 percenta plynu, v sobotu (4. Pavlis zdôraznil, že plyn sa už zabezpečením reverzného toku riešil, ropa sa rieši a jadrové palivo komentovať nechcel. Pri kompenzáciách za plyn by sme mali byť prví na rade, hovorí minister Slovenský plynárenský priemysel (SPP) je nadštandardne pripravený na zimnú sezónu. Transpetrol už pracuje na tom, že vieme doviezť ropu cez Maďarsko Adriou, o jadrovom palive by som nerád rozprával,"" poznamenal. Za prijaté opatrenia pochválil vládu aj exminister hospodárstva a súčasný poslanec NR SR Juraj Miškov (nezaradený).",1
Jednotný trh: pravidlá jeho fungovania,"Dosiahnutie jednotného trhu sa uskutočňuje pomocou tzv. Jednotný trh teda stiera hranice medzi členskými krajinami a umožňuje slobodný pohyb tovarov, osôb, služieb a kapitálu (tzv. Jednotný trh: pravidlá jeho fungovania Nad trhom dozerá Európska komisia a v prípade porušenia pravidiel môže zažalovať členskú krajinu. To, čo sa začalo ako spoločný trh s uhlím a oceľou medzi šiestimi štátmi, sa vyvinulo až do dnešnej podoby jednotného trhu. Vnútorný trh vychádza z predpokladu, že ak sa s určitým tovarom legálne obchoduje na území jedného členského štátu, môže sa s ním obchodovať v celej Európskej únii.",0
Obaly cigariet s nechutnými obrázkami. Už ich máme aj my,"""Skúsenosti z Austrálie, kde bolo unifikované balenie cigariet zavedené, ukazujú, že hlavným komunikačným a konkurenčným nástrojom na trhu sa stáva cena,"" dodáva Petr Šebek. Akýkoľvek krok smerom k unifikácii obalov zjednodušuje falšovateľom nelegálne podnikanie a zvyšuje ich zisky."" Ide o zmenu, ktorú po dlhoročných diskusiách zavádza aj slovenský trh. Jedným z nich je čierny trh a zvýšenie pašovania cigariet najmä z východných krajín. Na Slovensku je dnes objem nelegálneho trhu jeden z najmenších v  EU. Petr Šebek, manažér oddelenia vonkajších vzťahov v spoločnosti Philips Morris, pre Stratégie upozorňuje:  Z marketingového hľadiska môžu nové pravidlá obalov spôsobiť tlak na cenu. Petr Šebek, manažér oddelenia vonkajších vzťahov v spoločnosti Philips Morris, pre Stratégie upozorňuje: ""Je veľmi predčasné predpovedať, čo nové pravidlá urobia s trhom.",1
V obci Hejce si uctili pamiatku obetí leteckého nešťastia,O život vtedy prišlo 41 slovenských vojakov a jeden civilný zamestnanec rezortu obrany.,0
"Euro silnie, Draghi sa dostáva medzi dva mlynské kamene","""Európska centrálna banka môže oznámiť, že trh práce a investičná nálada sa zlepšili natoľko, že zrýchlenie hospodárskeho rastu nezabráni ani silnejšia mena,"" povedal Ducrozet. ""Či na to trh zareaguje, sa uvidí,"" dodal. Draghi už musel v minulosti vysvetľovať, prečo ECB pristúpila k zníženiu intervenčných nákupov aktív na 60 miliárd eur mesačne, hoci sa inflácia stále nachádza pod jej dvojpercentným cieľom. Istým znamením môže byť posledný vývoj v Nemecku, ktorého vývoz sa v júni neočakávane prepadol, medzimesačne o necelé tri percentá. Najviac boli posilňujúcim eurom postihnutí exportéri, a to predovšetkým tí s významným vývozom do USA. Podiel ich predajov v eurozóne nepresahoval štvrtinu celkových tržieb a vývoz do USA presahoval 50 %. Podľa neho je súčasná menová politika ECB, ktorá zahŕňa aj záporné úrokové sadzby, uvoľnená ako nikdy v histórii. Septembrová predpoveď ECB zrejme ukáže, že inflácia v roku 2018 oproti pôvodným predpovediam klesne. Silnejúce euro robí vrásky Európskej centrálnej banke, Spotrebiteľ zaplatí za tovar a služby menej, dovozné ceny budú v eurozóne klesať.",1
Euro by malo hrať v medzinárodnom finančnom systéme väčšiu úlohu,"""Nedáva to vôbec zmysel, ak sa 80 % energetického importu (ide ročne o 300 miliárd eur ) platí v dolároch. Ceny dôležitých druhov ropy, severomorskej Brent a ľahkej americkej ropy WTI, sa stále uvádzajú len v dolároch. Chcel by dosiahnuť, aby členovia EÚ v budúcnosti platili eurom aj svojim dodávateľom ropy a plynu. Európsky finančný trh sa musí stať predovšetkým členitejším, hlbším, pevnejším, celkom voľným a prístupnejším. Ešte stále sa 60 % svetového obchodu uskutočňuje v dolároch. Kórejská republika, Kanada, Japonsko a Austrália napríklad platia svoje importy z vyše 80 % USD. Napriek menším i väčším krízam sa táto európska mena stala významným faktorom globálneho finančného sektora. Už dávno pred príchodom Trumpa do Bieleho domu si druhá najsilnejšia svetová ekonomika vytýčila cieľ zvýšiť význam národnej meny, jüanu, v medzinárodnom obchode. Účty za dôležité suroviny, akou je ropa, sa vyrovnávajú v dolároch cez americké banky.",1
Pasívne fajčenie výrazne ohrozuje zdravie tehotných žien i plodu,"Nikotín sa ukladá najmä vo vlasoch, kde sa dá preukázať ešte po dlhom čase.",0
"Objavte zázračnú silu čaju: Zázračný nápoj vás zahreje, ale aj pomôže","Na trhu je veľa možností, ako si však vybrať správny? Na výrobu sa používajú prvé, ešte nerozvinuté lístky čajovníka, ktoré sa zbierajú len veľmi krátko. Vďaka unikátnemu spôsobu výroby obsahuje málo teínu, ale veľa antioxidantov a iných zdraviu prospešných látok.",0
Spoločnosť Nafta uskutočnila akvizíciu podzemných zásobníkov plynu,"Akvizíciu podzemných zásobníkov v Bavorsku vnímame ako významnú strategickú investíciu a úspešný krok k rozšíreniu našich aktivít v oblasti podzemného skladovania zemného plynu na nemecký trh,"" povedal Martin Bartošovič, generálny riaditeľ spoločnosti Nafta. Bratislava 2. januára (TASR) – Akciová spoločnosť Nafta prostredníctvom svojej dcérskej spoločnosti Nafta Bavaria GmbH skompletizovala akvizíciu podzemných zásobníkov zemného plynu Inzenham - West, Wolfersberg a Breitbrunn/Eggstätt v nemeckom Bavorsku od spoločností DEA Deutsche Erdoel AG a Storengy Deutschland GmbH. Nafta, a. s., má rozsiahle skúsenosti v oblasti skladovania a budovania podzemných zásobníkov zemného plynu na Slovensku a zároveň je slovenským lídrom v prieskume a ťažbe uhľovodíkov. Nafta, a. s., má rozsiahle skúsenosti v oblasti skladovania a budovania podzemných zásobníkov zemného plynu na Slovensku a zároveň je slovenským lídrom v prieskume a ťažbe uhľovodíkov. Podčiarkla, že Nafta, a. s., kontinuálne vyhľadáva projekty medzinárodnej spolupráce v oblasti podzemného uskladnenia plynu a prieskumu a ťažby uhľovodíkov. Skladovacia kapacita systému podzemných zásobníkov zemného plynu prevádzkovaného spoločnosťou Nafta predstavuje približne 30 TWh. Skladovanie zemného plynu v podzemných zásobníkoch je kľúčovou činnosťou spoločnosti a tvorí približne 70 % všetkých jej aktivít. Spoločnosť Nafta uskutočnila akvizíciu podzemných zásobníkov plynu Začiatkom marca 2018 podľa jej informácií spoločnosť Nafta podpísala zmluvu o predaji podielov so spoločnosťou DEA Deutsche Erdoel AG o akvizícii podzemných zásobníkov zemného plynu Inzenham - West, Wolfersberg a Breitbrunn/Eggstätt v nemeckom Bavorsku.",1
Ranný požiar bytu v bratislavskom Ružinove: Hasiči našli mŕtvu osobu,„Momentálne hasiči vykonávajú likvidačné hasiace práce.,0
Výsledky meraní ovzdušia v Bratislave sú alarmujúce: Aké svinstvo musíme dýchať!,"Sú v ovzduší dôsledkom ľudskej činnosti - doprava, kúrenie, priemysel. Tvoria ju zamestnanci magistrátu a externí spolupracovníci z inštitúcií, ktorí sa problematike ochrany ovzdušia venujú.",0
Poľské protimonopolné úrady udelili pokutu najväčšiemu maloobchodníkovi,"Dodávatelia sa podvolili jej tlaku vzhľadom na silné postavenie spoločnosti Biedronka na trhu a pre obavy zo straty zmlúv. Vďaka tejto praxi dodávatelia nevedeli, do akej miery sa podieľali na zisku Biedronky, ktorá mohla v rámci realizácie zmluvy požadovať od nich zľavu ľubovoľnej hodnoty.",0
Spory o progresívne zdaňovanie: Maďarsko a Poľsko vyhrali súd proti Európskej komisii,"Eurokomisia v júni 2017 dospela k záveru, že táto progresívna daň predstavuje štátnu pomoc nezlučiteľnú s vnútorným trhom EÚ, a prikázala Poľsku pozastaviť všetky platby vyplývajúce z tejto dane. Komisia v novembri 2016 dospela k záveru, že daňové opatrenie prijaté Maďarskom predstavuje z dôvodu svojej progresívnej štruktúry, ako aj možnosti odpočítania prenesených strát štátnu pomoc, ktorá je nezlučiteľná s vnútorným trhom EÚ, a nariadila okamžité a účinné vymáhanie poskytnutej pomoci od jej príjemcov. Maďarsko zákonom z augusta 2014 zaviedlo progresívnu daň z príjmov súvisiacich so šírením reklamy. Súd odmietol výhrady eurokomisie a v oblasti štátnej pomoci potvrdil zásadu stanovenú v základných slobodách vnútorného trhu, podľa ktorej členské štáty môžu za súčasného stavu harmonizácie daňového práva Únie zaviesť daňový systém, ktorý považujú za najvhodnejší. To bolo neskôr upravené iba na dve sadzby. Táto daň obsahuje dve pásma: sadzba vo výške 0,8 % sa uplatňuje na obrat od 17 do 170 miliónov PLN a sadzbou vo výške 1,4 % je zaťažená časť obratu presahujúca poslednú uvedenú sumu. Základom dane je čistý obrat šíriteľov reklamy (tlač, audiovizuálne médiá či prevádzkovatelia reklamných plôch) pôsobiacich v Maďarsku, pričom táto daň pôvodne obsahovala pásmo šiestich progresívnych sadzieb podľa obratu.",0
Britská centrálna banka chce znížiť emisie CO2 na nulu,"Britský minister financií Rishi Sunak zmenil v marci mandát Bank of England (BoE), aby banka mohla podporovať vládne ciele v oblasti znižovania emisií skleníkových plynov.",0
Zemný plyn v zásobníkoch nepatrí iba domácim distribútorom,"20:45 Riaditeľ úseku obchodu a marketingu spoločnosti Nafta Ladislav Barkoci hovorí o stave a využívaní zásob zemného plynu v Európe Akú má rolu v procese zásobovania plynom? Aký je súčasný stav zásob plynu u vás, na Slovensku a v Európe? Nafta iba skladuje plyn pre svojich klientov. Nafta nie je dodávateľom ani spotrebiteľom plynu. Najväčší slovenský podnik zaoberajúci sa skladovaním plynu Nafta má však apetít ďalej rásť. Neprehliadnite Ruský plyn zachraňuje Európu pred energetickou kalamitou V čom spočíva tá flexibilita? Posledných päť rokov trh so skladovacími kapacitami zemného plynu v Európe stagnuje. Predplaťte si TREND za najvýhodnejšiu cenu už od 1 € / týždeň Plný prístup k prémiovým článkom a archívu Prémiový prístup na weby Mediálne, TRENDreality a ENJOY Menej reklamy na TREND.sk Máte už predplatné? Sú nimi najmä dodávatelia zemného plynu pre koncových zákazníkov, ale aj obchodníci s plynom. Treba však rozlišovať, či sa na to pozeráme z pohľadu celkového objemu uskladneného plynu alebo percentuálneho natlačenia zásobníkov. Zemný plyn v zásobníkoch nepatrí iba domácim distribútorom Získavajú tým aj niečo iné ako spôsob uskladnenia zemného plynu?",0
"WHO varuje: Alkohol výrazne zvyšuje riziko rakoviny prsníka! Prekvapí vás, aké na to stačí množstvo piva alebo vína","Nezáleží na tom, o aký druh alkoholu ide, ani akej je kvality alebo ceny,"" povedala odborníčka z WHO pre Európu Marilys Corbexová.",0
"Slovensko predbehlo v spotrebe cukru aj USA: A nielen to, katastrofálne výsledky","Hovoria napríklad o zákaze trans-tukov, povinnej regulácii soli v potravinách, dani zo sladených nápojov a dotácii na ovocie a zeleninu.",1
"Ukrajina má dosť základných potravín aj plynu, uviedol premiér","18:31 Kyjev oznámil, že si zabezpečí dvojtýždňovú rezervu potravín pre prípad, že sa mesto ocitne pod ruskou blokádou Podľa Šmyhala bude Ukrajina naďalej dovážať plyn zo susedných únijných krajín, napríklad z Maďarska, Poľska či Slovenska. Pred ruskou inváziou pri tom ročná spotreba plynu v krajine predstavovala zhruba 30 miliárd metrov kubických a Ukrajina dve tretiny svojej spotreby pokrývala zo svojich vlastných zdrojov. Premiér Denys Šmyhal už predtým povedal, že Ukrajina má v súčasnej dobe dostatok základných potravín na niekoľko nasledujúcich mesiacov a že zásoby plynu predstavujú zhruba tretinu jej ročnej spotreby. Ukrajina bude ďalej dovážať plyn z únijných krajín. Ukrajina má dosť základných potravín aj plynu, uviedol premiér Ukrajina má v súčasnej dobe 9,5 miliardy metrov kubických zásob plynu. Ukrajinská vláda ale obmedzí alebo zakáže vývoz niektorých poľnohospodárskych komodít, uviedla agentúra Bloomberg. Zákaz alebo obmedzenie vývozu by sa mali týkať pšenice, pohánky, mäsa, oleja či cukru. Šmyhal povedal, že doterajšie zásoby potravín sú dostatočné na najbližších niekoľko mesiacov, ale treba myslieť na budúcnosť.",0
Karlubík: Odstrihnutie od ruského plynu a ropy by znamenalo kolaps,"""Podniky sú významnými platcami daní, ktoré idú do sociálneho systému, pri odstavení prevádzok a výroby hrozia riziká aj štátu a z toho vyplývajúci nedostatok financií v štátnom rozpočte. Bratislava 28. marca (TASR) - Úplné a okamžité odstrihnutie slovenského priemyslu od ruského plynu a ropy by znamenalo ekonomický kolaps. Dodal, že EK prijala 23. marca dočasný krízový rámec, aby umožnila členským štátom využiť flexibilitu predpokladanú v pravidlách štátnej pomoci na podporu hospodárstva v kontexte ruskej invázie na Ukrajinu. Hlavné úsilie je potrebné zamerať na energie a pomoc štátu priemyslu, čo odporúča aj Európska komisia (EK) vo svojom vyhlásení ""Dočasný krízový rámec štátnej pomoci na podporu hospodárstva v kontexte ruskej invázie"". K tomu je potrebné prirátať ďalšie náklady na dopravu (ceny pohonných hmôt). Karlubík upozornil, že v prípade zemného plynu žiadna rýchla alternatíva nie je, pri rope je to čiastočne možné, ak sa nájdu dodávatelia a prepravné kapacity. Karlubík: Odstrihnutie od ruského plynu a ropy by znamenalo kolaps Musí však zvoliť iný prístup pre prímorské krajiny, ktoré si vedia lacnejšie priviesť plyn a iné komodity z okolitých kontinentov, a pre vnútrozemské štáty. Podľa neho by sa zatvorili fabriky, skončili by tisíce ich subdodávateľov a z trhu by vypadli dôležité komodity. Postupné znižovanie závislosti od Ruska pri zemnom plyne je reálne tak, ako to naznačil minister hospodárstva Richard Sulík (SaS) v horizonte asi piatich rokov. Poukázal na to, že súčasné zvyšovanie cien energií zásadne ovplyvňuje konkurencieschopnosť slovenského priemyslu, ďaleko viacej ako u niektorých krajín, napríklad tých s priaznivejšou geografickou polohou či prístupom k moru. Premietnutie rastu cien do niekoľkonásobného zvyšovania cien zákazníkom už niekde nie je ani možné. Priame vstupy do výroby v niektorých prípadoch prevyšujú aj zdražené ceny výrobkov a zákazníci to už nie sú schopní akceptovať. Slovensko je pri zemnom plyne závislé na Rusku na 85 až 87 % a u ropy na 100 %. Upozornil, že v prípade zemného plynu žiadna rýchla alternatíva nie je, pri rope je to čiastočne možné, ak sa nájdu dodávatelia a prepravné kapacity. Uviedol to prezident Zväzu chemického a farmaceutického priemyslu (ZCHFP) SR Roman Karlubík.",1
"Ako vlády tlmia zdražovanie: Orbán zmrazil ceny na pumpách, Scholz rozdáva jednorazové príspevky","Ako vlády tlmia zdražovanie: Orbán zmrazil ceny na pumpách, Scholz rozdáva jednorazové príspevky Okolité krajiny už mesiace prispievajú ľuďom na drahšie energie a potraviny, slovenská koalícia zatiaľ len diskutuje. Poľsko: nižšia DPH a spotrebná daň Vláda Mateusza Morawieckeho prijíma opatrenia proti zdražovaniu už od minulého roka, medzitým sa inflácia vyšplhala podľa odhadu centrálnej banky na 10,8 %. Rozpočty firiem a domácností zatiaľ drvia predovšetkým vysoké ceny energií, na ktoré už obyvateľstvu nejakým spôsobom prispievajú všetky susedné štáty. Takmer všetky krajiny vo svete zažívajú infláciu, akú desaťročia nevideli, a stretávajú sa s podobnými problémami ako Slovensko. To sú niektoré z opatrení, ktorými sa vlády v Európe snažia tlmiť dosah rastúcej inflácie na obyvateľov. V poslednom čase ho ďalej poháňa ruská agresia na Ukrajine, ktorá prudko zvýšila ceny komodít. Zmrazené ceny benzínu, znížená daň z pridanej hodnoty na potraviny alebo špeciálny hotovostný príspevok od štátu. Zrýchlený rast cien sa naštartoval ešte v minulom roku po náhlom oživení svetovej ekonomiky po pandémii.",1
Začal platiť piaty balík protiruských sankcií EÚ. Brusel okrem uhlia zakázal aj dovoz ďalšieho tovaru,"Borrell predtým avizoval, že témou týchto rokovaní bude aj možný zákaz dovozu ruskej ropy. Brusel okrem uhlia zakázal aj dovoz dreva, chemikálií a ďalšieho tovaru, čo podľa odhadov zníži celkový dovoz z Ruska o desať percent, komentuje Reuters. Brusel okrem uhlia zakázal aj dovoz ďalšieho tovaru Dodávky ropy a plynu do EÚ, ktoré Rusku vynesú každý rok zhruba 100 miliárd eur, sú stále neobmedzené, všíma si Reuters. Nemenovaný diplomat však pre Reuters uviedol, že o zákaze ropy nakoniec reč nebude. Obmedzil sa tiež dovoz počítačových technológií do Ruska. Zákaz dovozu uhlia však vstúpi do platnosti až v druhom augustovom týždni, od piatka platí len zákaz uzatváranie nových zmlúv o dovoze. Zákaz dovozu zemného plynu, od ktorého sú závislé viaceré krajiny eurobloku, medzi navrhovanými sankčnými položkami zatiaľ tiež nie je.",1
Zástupca plynárov prehovoril: Ako je na tom Slovensko s plynom a máme mať obavy?!,"""Práve na biometánové projekty sa mali v tomto roku začať čerpať financie z plánu obnovy, čo jednoznačne vítame,"" dodal Kvasňovský. ""Z pohľadu infraštruktúry bude dôležité, že sa dokončí slovensko-poľský plynovodný prepoj, ktorý pre Slovensko otvorí možnosť dodávok zo severu Európy z LNG terminálu Swinoujscie a pre nórsky plyn,"" pripomenul Kvasňovský. Dodávky ruského zemného plynu na Slovensko zatiaľ pokračujú bez prerušenia, no ruský plynárenský podnik Gazprom už zastavil dodávky do Poľska a Bulharska, ktoré odmietli zaplatiť za plyn v rubľoch. K diverzifikácii zdrojov zemného plynu môžu prispieť aj možné priame dodávky z oblasti Severného mora, ale aj rozvoj vlastnej ťažby plynu, ktorá by mohla pri využití dostupných ložísk v časovom horizonte troch až štyroch rokov dosiahnuť tiež okolo 500 miliónov m3 ročne. Slovensko má okrem iného aj rezervu v objeme asi 500 miliónov kubických metrov (m3), ktorá je určená len pre domácnosti a kritickú infraštruktúru, takže domácnosti nemusia mať obavy o dodávky plynu, uviedol pre TASR výkonný riaditeľ Slovenského plynárenského a naftového zväzu (SPNZ) Richard Kvasňovský. Takisto je dôležité rozvíjať výrobu biometánu a vodíka, ktoré majú potenciál ozeleniť plynárenstvo. Zástupca plynárov prehovoril: Ako je na tom Slovensko s plynom a máme mať obavy? Ďalších 500 miliónov m3 zemného plynu, čo je približne desatina celkovej spotreby Slovenska, by podľa šéfa SPNZ mohla v nasledujúcich mesiacoch prísť na Slovensko z oblasti Stredomoria, kde by mali zakotviť tankery so skvapalneným plynom pre Slovenský plynárenský priemysel (SPP). Štát i všetky spoločnosti pôsobiace v plynárenstve robia maximum, aby slovenskí občania nepocítili počas ďalšej zimy nedostatok zemného plynu.",1
Taliansko dostane od Gazpromu iba 50 % z požadovaného objemu plynu,"Gazprom tvrdí, že zníženie dodávok cez plynovod Nord Stream 1 do Nemecka je výsledkom údržbárskych prác, ale predstavitelia Európskej únie (EÚ) sa domnievajú, že Moskva tak trestá spojencov Ukrajiny. Krajiny EÚ sa snažili ukončiť závislosť od ruskej energie, ale sú rozdelené v otázke uvalenia embarga na zemný plyn, keďže viaceré členské štáty sú silne závislé od dodávok od Moskvy. Nižšie dodávky plynu, ktoré tlačia ceny nahor, nemajú okamžité dôsledky na spotrebu, ale na hromadenie zásob, povedal Draghi. Podľa Draghiho ruský štátny monopol Gazprom, ktorý povedal, že Moskva má plné právo hrať podľa vlastných pravidiel pri škrtoch, využíva dodávky plynu na politické účely. Rím 17. júna (TASR) - Talianska energetická spoločnosť Eni oznámila, že v piatok dostane od Gazpromu iba 50 % z požadovaného objemu plynu. Taliansko dostane od Gazpromu iba 50 % z požadovaného objemu plynu Taliansko sa snaží znížiť svoju závislosť od ruského plynu prostredníctvom alternatívnych zdrojov a zároveň sľubuje, že viac investuje do obnoviteľných zdrojov. Viaceré európske krajiny vrátane Talianska a Nemecka sú veľmi závislé od ruského plynu. Vzhľadom na stupňovanie napätia medzi Ruskom a Západom v súvislosti s vojnou na Ukrajine, Moskva zvyšuje energetický tlak a znižuje dodávky plynu do Európy, čo Taliansko aj Nemecko označili za ""politický krok"".",0
"SNS vyzvala Sulíka, aby odmietol konanie Bruselu a predstavil svoje plány s plynom","Európska komisia predstavila návrh na dosiahnutie 15-percentného zníženia spotreby energií a plynu, pričom požaduje od jednotlivých členských štátov opatrenia. Mimoparlamentná SNS vyzvala Ministerstvo hospodárstva SR, aby zverejnilo návrhy, ktoré chcú budúci týždeň v Bruseli predostrieť ako kroky k šetreniu pri spotrebe plynu. Nie je podľa nich možné, aby také závažné veci ministerstvo hospodárstva utajovalo a aby Bruselom presadzované znižovanie dodávok ruského plynu vyvrcholilo obmedzovaním životnej úrovne a likvidáciou našich firiem. Národniari preto vyzvali ministra hospodárstva Sulíka, aby predložil na verejnú diskusiu všetky opatrenia, ktoré chce predostrieť. SNS vyzvala Sulíka, aby odmietol konanie Bruselu a predstavil svoje plány s plynom V Bruseli sa má na budúci týždeň rokovať o úsporných opatreniach v súvislosti so znižovaním odberu ruského plynu. Verejnosť má podľa SNS právo vedieť, ako jej ministerstvo hospodárstva na čele so Sulíkom chce zasiahnuť do života.",0
"Ceny zemného plynu v Európe a Ázii sú na historicky najvyššej úrovni, Čína môže opäť pomôcť","Ceny zemného plynu v Európe a Ázii sa v tomto ročnom období pohybujú na historicky najvyššej úrovni, čo núti jednotlivé štáty závislé od ruského plynu zvažovať v záujme ochrany svojich podnikov a spotrebiteľov aj bezprecedentné kroky. Ceny zemného plynu v Európe a Ázii sú na historicky najvyššej úrovni, Čína môže opäť pomôcť Najväčšie energetické skupiny v Číne odkláňajú ďalšie dodávky skvapalneného zemného plynu (LNG) zo stagnujúceho domáceho trhu. Rozdiel medzi Čínou a zvyškom sveta znamená, že globálni nákupcovia sú ochotní zaplatiť za plyn oveľa viac. Čína bola v roku 2021 najväčším nákupcom LNG na svete, ale prísna štátna politika nulovej tolerancie covidu a spomalenie rastu tamojšej ekonomiky zapríčinili, že dopyt v tomto roku klesol o viac ako 20 percent. Čínske firmy by tak mali aspoň trochu pomôcť trhom so zemným plynom, ktorými otriaslo zastavenie dodávok plynu do Európy, ktorý na starý kontinent prúdil z Ruska plynovodom Nord Stream 1. Ďalšie dôležité správy Neprehliadnite Čína hodila Európe záchranné koleso v podobe opätovného predaja prebytočného zemného plynu",1
KDH: Vláda musí pri energiách definovať chudobu a pomôcť aj firmám,"Bratislava 7. septembra (TASR) – Vláda musí v súčasnej energetickej kríze bezodkladne prijať zákon o energetickej chudobe, adresne a odstupňovane kompenzovať drahé energie ohrozeným domácnostiam i firmám a v EÚ na tento účel pre firmy vyrokovať nevyužité eurofondy. KDH ďalej upozornilo, že pomoc potrebujú aj firmy, lebo pre vysoké ceny energií sa dostali do problémov, za ktoré si nemôžu samy. Namiesto hroziaceho prepadnutia by pomohli firemnému sektoru v slovenskej ekonomike. Pri pomoci firmám by mala slovenská vláda v Európskej únii apelovať na uplatnenie solidárnosti, pretože spoločné protiruské sankcie budú vplývať podľa kresťanských demokratov na slovenskú ekonomiku najťažšie. Ľudia by mali mať nárok na kompenzovanie vysokých cien energií,"" dodal Majerský.",1
"Plyn ako prevažujúci zdroj na vykurovanie využíva 66,2 percenta bytov","""Elektrinu ako prevažujúci zdroj energie na vykurovanie bytu používalo 100.136 bytov (4,5 percenta). ""Najnižší počet a podiel bytov vykurovaných elektrinou bol v Prešovskom (2,7 percenta), Trenčianskom (2,6 percenta) a Košickom kraji (2,6 percenta),"" dodala hovorkyňa. ""Podľa údajov zo SODB 2021 v Bratislavskom kraji používalo ako zdroj vykurovania bytu plyn 86,9 percenta bytov zo všetkých bytov,"" podotkla s tým, že spomedzi krajov ide o najvyšší podiel. Bratislave 11. septembra (TASR) – Plyn ako prevažujúci zdroj na vykurovanie využíva na Slovensku 1.480.472 bytov, čo je 66,2 percenta zo všetkých sčítaných bytov. Najnižší podiel bytov vykurovaných prevažne plynom je v Banskobystrickom (49,8 percenta) a Žilinskom (39,7 percenta) kraji. Naopak, najnižší podiel bytov vykurovaných prevažne plynom je v Banskobystrickom (49,8 percenta) a Žilinskom (39,7 percenta) kraji. Plyn ako prevažujúci zdroj na vykurovanie využíva 66,2 percenta bytov",0
Regulované ceny potravín a pohonných látok v Maďarsku zostávajú,"Kým budú sankcie v platnosti, nie je možné zrušiť zastropovanie cien,"" povedal Gulyás Kým budú tieto sankcie v platnosti, nie je možné zrušiť zastropovanie cien,"" povedal Gulyás. Maďarská vláda s platnosťou od 15. novembra 2021 nariadila úradnú cenu základných druhov pohonných látok vo výške 480 forintov (1,19 eura) za liter. Od 30. júla však regulované ceny môžu využívať už iba súkromné vozidlá s maďarským evidenčným číslom, poľnohospodárske stroje a taxíky. Regulované ceny potravín a pohonných látok v Maďarsku nebude možné zrušiť až dovtedy, kým budú v platnosti sankcie voči Rusku, rozhodla v sobotu v Budapešti vláda. Regulované ceny potravín a pohonných látok v Maďarsku zostávajú Regulované ceny šiestich druhov potravín začali platiť 1. februára, pôvodne toto rozhodnutie platilo do 1. mája. „Ceny kryštálového cukru, pšeničnej múky, slnečnicového oleja, bravčového stehna, kuracích pŕs i chrbtov, ako aj kravského mlieka s 2,8-percentným obsahom tuku treba vrátiť na úroveň, na ktorej boli vlani pred 15. októbrom,"" vyhlásil v januári maďarský premiér Viktor Orbán. „Sankcie Európskej únie viedli k brutálnemu zdražovaniu, najmä potravín, no výrazne vzrástli aj ceny benzínu a nafty.",0
Smartfóny majú nová androidovú hrozbu. Počítačové červy,Pred takýmto typom škodlivého androidového kódu sa možno chrániť neinštalovaním aplikácií z neoficiálnych android obchodov či používaním antivírusových riešení pre Android.,0
Blue Satellite – bezdrôtové slúchadlá od profesionálov,"Ak vás slúchadlá zaujali, zatiaľ vás žiaľ musíme sklamať, keďže firma Blue akosi zabudla oznámiť cenu a aj presný dátum vydania. Mali by však byť dostupné na trhu v priebehu roku 2017.",0
Wheelys Moby Mart – futuristický obchod na kolesách,"Chceli by ste mať obchod na zavolanie, ktorý si objednáte cez smartfón? Koncept autonómneho obchodu je skutočne revolučným nápadom. Pozrite siTESCO Scan&Shop – jednoduchšie nakupovanie so scanerom v ruke Čo sa týka sortimentu, záleží od spoločnosti, no prototyp disponuje základnými potravinami, čerstvým ovocím, no tiež sortimentom ako napríklad tenisky či časopisy a noviny. Prezentačné video ukazuje dokonca možnosť, že samotní zákazníci si budú môcť objednať obchod cez smartfón, takže príde za nimi. Problematické samozrejme bude prekonať obmedzenia spojené s veľkosťou obchodu a samotným autonómnym riadením. Samotný nápad Moby Mart by však mohol nájsť využitie v menej rozvinutých častiach mesta, kde je problematická dostupnosť k sviežim potravinám. Wheelys Moby Mart – futuristický obchod na kolesách Zdá sa, že obchody budú chodiť za vami a to doslova. Zároveň firma oznámila, že produkcia viacerých kusov Moby Martu je plánovaná na rok 2018.",0
"B&O Beoplay P2 – malý, ale poriadne výkonný",Oficiálna cena je 169 € a za takú ho kúpite aj v slovenských e-shopoch.,0
"Apple iPhone X nie je veľmi odolný, ceny za opravy sú astronomické","Apple iPhone X nie je veľmi odolný, ceny za opravy sú astronomické Predajcovia ponúkajú rôzne programy, ktoré predlžujú či rozširujú záruku iPhonu, my sa ale pre porovnanie sústredíme na americké ceny, od ktorých sa tie slovenské pri novom iPhone pravdepodobne budú odvíjať.",0
Číňania stavajú sieť táborov pre utečencov z KĽDR,"Dokument, ktorý sa objavil na sociálnych sieťach minulý týždeň, zverejňuje plány na výstavbu najmenej piatich utečeneckých táborov v provincii Ťi-lin s presnými názvami, lokalitami a telefónnymi číslami na zamestnancov, ktorí dokument vytvorili.",0
Intel plánuje na rok 2019 podporu 5G pre notebooky,"Pre predstavu, 5G sieť má ponúkať 100-krát rýchlejšiu prácu než dnešné LTE.",0
Ako na kamerový systém? Kamery HDCVI / HDTVI,"Aj keď ani IP kamery nie sú žiadnym nováčikom na trhu, väčšina podnikových inštalácií starších ako, povedzme, 10 rokov používa analógové kamery. Cieľom bolo HD a FullHD rozlíšenie za cenu analógových kamier. Dnes sú na trhu bežne dostupné 4 Mpx, alebo dokonca 8 Mpx (UltraHD) kamery s technológiou HDCVI, alebo HDTVI. Hlavným benefitom analógových HD technológií je však nižšia cena v porovnaní s IP hardvérom. Ich výmena za UTP/FTP kabeláž by si pritom pri rozsiahlych podnikových inštaláciách vyžiadala vysoké náklady, často prevyšujúce cenu samotného hardvéru. Technológie vo vývoji Dnes je cena takýchto kamier nižšia ako klasických analógových kamier, ktoré sa už prakticky nepredávajú. U moderných kamier sa typ štandardu (HDCVI/TVI, AHD, analóg) dá dokonca zmeniť priamo v nastaveniach kamery, aj keď je to často práca pre servisného technika.",0
Čo je to AR? Nepraktická technológia alebo spiaci obor?,"Nebol to však slepý výstrel do tmy, okuliare pre rozšírenú realitu sa na trh s veľkou pravdepodobnosťou vrátia.",0
"Zephyr Apollo nám ukazuje, ako má vyzerať moderný gramofón","Gramofón vytvorili jeho aktívni používatelia, milovníci hudby s vlastným obchodom Vinylicious Records. Tento gramofón je prvým na trhu, ktorý poskytuje plne digitálne ovládanie prehrávania, má tri režimy.",0
Facebook testuje nový druh reklám s rozšírenou realitou,"Nová funkcia umožní označiť produkty aj s cenami v Instagram Stories, na ktoré môžete kliknúť a dostanete sa priamo na stránku produktu.",0
"Nové odvetvie internetového biznisu: Fake news, trollovia a falošné profily","Odhaľovanie falošných správ a dezinformačných kampaní je jedným z trhov budúcnosti, ktorého význam bude v najbližších rokoch narastať. Oveľa účinnejšie bude zrejme správy blokovať ešte pred ich rozšírením a vystopovať autorov, aby nemohli páchať ďalšie zlo.Takúto prácu však musia prevziať špecializované firmy, ktorých softwér dokáže pomocou AI riešiť komplikované úlohy na veľkých dátach, čoho dôkazom je aj údajné prerušenie spolupráce Facebooku s Associated Press pri kontrolovaní správ v roku 2019. Pre ohrozených predajcov prichádza s ponukou na trh niekoľko spoločností, ktoré pracujú s technológiami AI. Príkladom ich projektov je odhaľovanie kampaní proti poľnohospodárskym firmám, ktoré na trh prinášajú geneticky modifikované osivá.",0
Formula 1 – oficiálny sprievodca šampionátom do smartfónu,"Minulú nedeľu odštartovala nová sezóna Formuly 1, ktorá bude v podobe 21 Veľkých cien trvať až do 1. decembra.",0
Dokáže genetické inžinierstvo zvíťaziť nad jednou z najnebezpečnejších rakovín?,"Ako vieme, gény sú základné jednotky dedičnosti, kusy DNA, ktoré v sebe skrývajú informácie potrebné na výrobu bielkovín, teda proteínov. Povedali si: vložíme do nádoru smrtiace gény, ktoré sa aktivujú, alebo „zapínajú“ práve produkciou Grp78.",0
UPTERDAM – Upgradujte svoj biznis,"Centrum mesta bude tvoriť hlavný stage, kde si budete môcť vypočuť odborné prednášky od profesionálov zo sveta online marketingu a obchodu.",0
"Umelá inteligencia bude za nás rozhodovať čoraz častejšie. Máme jasno v tom, čo všetko jej povolíme?","Všímame si, že o nás počítače už neraz priamo rozhodujú – o tom, či dostaneme v banke úver, koho prijať a koho prepustiť alebo pri diagnostike onkologických ochorení.",0
Monarch ponúka elektrický traktor s autonómnym riadením,"Cena bude začínať na 50 000 dolároch, rezervovať si ho môžete už teraz, za 500-dolárový poplatok. Pozrite siSlováci vyrábajú šmykom riadený nakladač na elektrinu s mobilnou appkou Traktor poslúži aj ako elektrifikačný nástroj, teda nielen ako traktor, ale s extra úložným priestorom funguje ako štvorkolka a dá sa využiť ako výkonný generátor v teréne.",0
Cenovo dostupná Roomba i3+ s auto vysýpaním dokáže príjemne prekvapiť,"To pre istotu, aby sa Roomba nezapla ak náhodou odbehnete do pár stoviek metrov vzdialeného obchodu. i3+ (rozdiel je len v základňovej stanici Clean Base a teda i cene) je priamym nástupcom série 900, hoci väčšinu parametrov má zhodnú s nedávnou vlajkovou loďou, modelom Roomba i7, resp. i3+ je podareným a štýlovým produktom s pomerne prijateľnou cenou.",0
"Prvý elektromobil od Toyoty, bZ4X Concept, je tu","Výroba bZ4X je zabezpečená v Japonsku a v Číne, celosvetový predaj sa má spustiť v prvej polovicu budúceho roku.",0
"Outriders: bohatá sci-fi akcia na novej planéte, vhodná pre sólo i trio hráčov","Distribútor: Square-Enix Cena: 60 EUR (alebo zahrnutá v Xbox Game Pass) Outriders vyšla 1. apríla 2021 na Xbox Series, Xbox One, PS5, PS4, Stadia a PC. Hlavný hrdina/hrdinka sa stane členom tímu Outriders, ktorý prichádza na povrch planéty medzi prvými, aby zabezpečila energia, bývanie, jedlo či bezpečné fungovanie. Je zrejmé, že každý sa bude pachtiť za Legendárnymi čo najskôr, ale fakt je, že zisk prvej už ďalšie tak ľahko neprekonajú. Jednak je ich tu pomerne veľa, takže stále máte motiváciu skúsiť ísť do vyššieho levelu (ak ste ho doterajším hraním dostali) a zároveň máte možnosť znížiť level sveta, ak sa vám nedarí alebo si chcete dopriať voľnejšiu akciu za cenu slabšej koristi. World Tier, ktoré určujú úplne všetko – náročnosť nepriateľov, úroveň kvality zbraní, zisk skúseností a je to fajn nastavený systém suplujúci bežné stupne obtiažnosti. Čo sa prejaví aj na prežitých obyvateľov v podobe zisku špeciálnych schopností a vzniká tzv.",0
Huawei chce do roku 2025 vyvinúť technológiu samojazdiaceho auta,"Desiatky start-upov, automobiliek a veľkých technologických firiem, ako je napríklad popredný internetový čínsky vyhľadávač Baidu, urýchľujú práce na systémoch samojazdiacich vozidiel.",0
Chcete mať od všetkých pokoj? Skúste slúchadlá OnePlus Buds Pro,"Aktuálne ceny OnePlus Buds Pro nájdete na Heureka.sk: OnePlus sa podarilo vyrobiť špičkové plne bezdrôtové Bluetooth špunty za veľmi dobrú cenu. Slúchadlá s cenou 149 € nepatria medzi najdostupnejšie plne bezdrôtové slúchadlá, veď do 100 € ich nájdete nespočetné množstvo s pomerne vysokou kvalitou, no Buds Pro majú čosi navyše, za čo sa oplatí priplatiť. Vyvážili by to však bohatou výbavou, jednoduchosťou ovládania, funkciami a cenou.",0
"Eset predstavil návrh kampusu od svetoznámych architektov, plánuje investovať 200 miliónov eur","Súčasťou kampusu, ktorý by mal byť zázemím nielen pre zamestnancov firmy, ale aj pre študentov, stážistov a výskumníkov z celého sveta, budú aj viaceré pre verejnosť prístupné priestory, služby a vybavenie – auditórium, športoviská, kaviarne či parkovanie počas víkendov.",0
Dáni chcú do roku 2030 lietadlá „bez fosílií“,"Už dnes síce existujú elektrické lietadlá, čerpajúce energiu z batérií, ale ide kompletne o malé a najmenšie stroje, navyše bez hromadnej sériovej výroby. aj pre ekonomiku (dotácie), syntetické palivá sú ekonomický a v podstate aj ekologický nonsens.",0
V USA schválili niekoľkomiliardový balík. Mohol by byť víťazstvom Bidena a oslabiť rastúci vplyv Číny,"Americká Snemovňa reprezentantov v piatok tesnou väčšinou hlasov schválila niekoľkomiliardový balík financií, ktorého cieľom je naštartovať špičkový technologický výskum a výrobu, čeliť rastúcemu vplyvu Číny a zmierniť globálny nedostatok čipov. Legislatívny tlak prišiel po tom, čo americké ministerstvo obchodu varovalo, že firmy majú zásoby polovodičových čipov v priemere na menej ako päť dní, takže hrozia odstávky vo výrobe. Návrh zákona zahŕňa dotácie vo výške 52 miliárd USD (45,36 miliardy eur) do výroby polovodičov a výskumu kľúčových komponentov používaných v automobiloch a počítačoch. Návrh zákona zahŕňa tiež zmeny v obchodných pravidlách USA, ktorých cieľom je kompenzovať praktiky Číny narúšajúce trh vrátane posilnenia antidampingových pravidiel. Vysokí predstavitelia administratívy USA vrátane ministerky obchodu Giny Raimondovej vyvíjali tlak na jej schválenie.",1
Poznáte šikovnú appku na sledovanie RegioJet spojov?,"Ku každému sú zobrazené základné informácie od času, ceny, počtu prestupov až po voľné miesta.",0
"Hlávková a ""špinavé prostitútky"" potápajú Smer. Strana prišla od volieb o pätinu voličov","Prieskum Focusu posadil národniarov na druhé miesto so ziskom 13,7 percenta hlasov.",0
"Zlato na 10 000 dolároch za uncu: Žiadny sen, možno už čoskoro skutočnosť","Ak by sme opätovne vytvorili zlatý štandard za nižšiu cenu, bolo by to deflačné. Ak sa teda budeme riadiť spomínanými 40 %, z 24 biliónov dolárov peňažnej zásoby to vychádza na cenu zlata okolo 9000 dolárov za uncu. Existuje mnoho ďalších geopolitických vzplanutí, ktoré by mohli vyvolať významnú medzinárodnú krízu. Hovorí sa, že cena zlata sa hýbe presne opačne voči doláru. Je to len otázka ceny. Je to skutočná matematicky implikovaná nedeflačná cena zlata. Muselo by sa znížiť množstvo peňazí v obehu s cieľom vybalansovať ho v súlade s cenou zlata. Nedávno zlato zaznamenalo rast, keďže sa FED chystá na zvýšenie sadzieb. Nie je to síce pravdepodobné, ale trh väčšinou podceňuje takéto pravdepodobnosti. Pointa je v množstve potenciálnych geopolitických otrasov, ktoré by mohli ohroziť súčasný systém, okrem existujúcich obáv z kolapsu akciového trhu alebo dlhovej krízy.",0
Ceny ropy mierne vzrástli,"Aj zásoby benzínu sa prekvapujúco zvýšili. Barel (159 litrov) americkej ľahkej ropy West Texas Intermediate (WTI) s dodávkou v apríli sa vo štvrtok o 7.53 h SEČ predával po 61,74 USD (50,97 eura). Cena májového kontraktu na severomorskú ropnú zmes Brent stúpla o 2 centy na 64,75 USD/barel. Ceny ropy mierne vzrástli Jej ceny mierne vzrástli po poklese v stredu (28.2. Presnejšie, zásoby ropy v Spojených štátoch vzrástli o 3 milióny barelov v týždni do 23. februára. Ropa vo štvrtok zmenila smer.",1
Počet nezamestnaných v Česku klesol: V marci dosiahol 21-ročné minimum,"""Tohtoročná marcová hodnota je, pokiaľ ide o počet uchádzačov o zamestnanie, najnižšia od roku 1997, keď vtedajšie úrady práce hlásili 199 597 nezamestnaných,"" spresnila riaditeľka Úradu práce ČR Kateřina Sadílková. Ako uviedol server novinky.cz, nezamestnanosť medzi mužmi a ženami klesla na rovnakú hodnotu, teda 3,5 %. Doteraz bývala miera nezamestnanosti žien o niečo vyššia. Najvyššia nezamestnanosť je v Moravskosliezskom kraji (5,4 %) a v Ústeckom kraji (5,2 %). Naopak, veľmi nízka nezamestnanosť je v Prahe, kde uchádzači o zamestnanie tvoria 2,2 % populácie vo veku 15 až 64 rokov. Nezamestnanosť v Česku klesla v marci na 3,5 % z februárovej hodnoty 3,7 %. Nízka miera nezamestnanosti je aj v Plzenskom kraji, kde je len o jeden percentuálny bod vyššia než v hlavnom meste. Prácu najčastejšie hľadajú ľudia s nízkou kvalifikáciou, so základným, stredným, stredným odborným alebo nedokončeným vzdelaním. Uviedol to v utorok český úrad práce.",0
Ceny ropy klesli o dve percentá,"(1 EUR = 1,1500 USD) New York 10. októbra (TASR) - Ceny ropy klesli uprostred týždňa približne o 2 %. Akciový trh v USA padá, čo sa prejavilo aj na poklese cien čierneho zlata. Barel (159 litrov) americkej ropy WTI s novembrovým kontraktom sa v stredu o 19.34 h SELČ predával po 73,46 USD. Ceny ropy klesli o dve percentá Ceny ropy v takejto situácii nepodporilo ani to, že pre blížiaci sa hurikán Michael produkcia v Mexickom zálive padla o 40 %. Decembrový kontrakt na severomorskú ropu Brent zlacnel o 1,49 USD alebo 1,75 % na 83,51 USD za barel. Negatívny vývoj na akciových trhoch prevážil nad obavami obchodníkov z poklesu ponuky z dôvodu sankcií USA proti Iránu. New York 10. októbra (TASR) - Ceny ropy klesli uprostred týždňa približne o 2 %. Riziká ohrozujúce globálny finančný systém sa podľa fondu počas uplynulých 6 mesiacov zvýšili a môžu ešte prudko vzrásť, ak eskalujú tlaky v rozvíjajúcich sa ekonomikách alebo sa ešte viac zhoršia globálne obchodné vzťahy. Ďalším negatívnym faktorom sú vyjadrenia predstaviteľov Medzinárodného menového fondu (MMF), ktorý v utorok zhoršil rastové prognózy pre svetovú ekonomiku.",1
Vysoký dovoz energií stlačil japonský obchod do výrazného deficitu,"""Obchod Spojených štátov s Japonskom je nevyvážený už dosť dlho. (1 EUR = 128,37 JPY) Tokio 19. novembra (TASR) - Zahraničný obchod Japonska sa v októbri vrátil do deficitu, pričom jeho hodnota bola výrazne vyššia, než sa očakávalo. Americké produkty a služby často čelia bariéram, ktoré znemožňujú férovú konkurenciu na japonskom trhu,"" povedal Pence po rokovaní s japonským premiérom Šinzóm Abem v Tokiu. Analytici počítali s rastom vývozu o 8,9 %, zatiaľ čo v prípade dovozu predpokladali rast len o 14,1 %. Celkový obchodný deficit dosiahol v októbri 449,3 miliardy jenov (3,50 miliardy eur), uviedlo v pondelok japonské ministerstvo financií. Navyše, prebytok v obchode s USA klesol o 11 %. Obchodný deficit s Čínou vzrástol o 52,1 %. Schodok v obchode s Čínou, najväčším obchodným partnerom Japonska, sa zvýšil o vyše 52 % a politicky citlivý obchodný prebytok Japonska s USA opäť klesol, už štvrtý mesiac po sebe. Spôsobil to vysoký dovoz ropy a skvapalneného zemného plynu (LNG), ktorý výrazne prekonal rast exportu áut a komponentov do lietadiel. Tokio 19. novembra (TASR) - Zahraničný obchod Japonska sa v októbri vrátil do deficitu, pričom jeho hodnota bola výrazne vyššia, než sa očakávalo. Vysoký dovoz energií stlačil japonský obchod do výrazného deficitu Vývoz vzrástol medziročne o 8,2 %, dovoz však zaznamenal rast až o 19,9 %.",0
Ceny domov v Británii zaznamenali medziročný pokles za sedem rokov,"(1 EUR = 0,88350 GBP) Londýn 19. novembra (TASR) - Ceny domov v Británii tento mesiac klesli, pričom to bol najvýraznejší medzimesačný pokles za posledných šesť rokov. Ceny domov v Británii zaznamenali medziročný pokles za sedem rokov Londýn 19. novembra (TASR) - Ceny domov v Británii tento mesiac klesli, pričom to bol najvýraznejší medzimesačný pokles za posledných šesť rokov. Navyše, v medziročnom porovnaní zaznamenali ceny domov v ostrovnej krajine prvý pokles za sedem rokov. Priemerná cena domov klesla oproti novembru minulého roka o 607 libier, čo znamená pokles o 0,2 %. Priemerná požadovaná cena domov v Británii dosiahla v novembri 302.023 libier (341.848 eur). To predstavuje prvý medziročný pokles priemernej požadovanej ceny od novembra 2011. Ukázali to v pondelok zverejnené údaje britskej internetovej stránky Rightmove, ktorá sa zameriava na trh s nehnuteľnosťami.",0
Klenotnícka firma Tiffany zaznamenala v 3. kvartáli pokles zisku,"Analytici, ktorých oslovila spoločnosť FactSet, očakávali v 3. kvartáli zisk 77 centov na akciu. Dôvodom slabších výsledkov boli nižšie, ako predpokladané tržby v oboch Amerikách, Japonsku a Ázii a Tichomorí. Klenotnícka firma Tiffany zaznamenala v 3. kvartáli pokles zisku New York 28. novembra (TASR) – Americká klenotnícka spoločnosť Tiffany & Co. zaznamenala v 3. kvartáli finančného roka 2018/2019 pokles zisku, ktorý sa zhoduje s odhadom analytikov z Wall Street. Predajca luxusných šperkov v stredu oznámil, že jeho čistý zisk za tri mesiace do konca októbra 2018 klesol na 94,9 milióna USD (83,77 milióna eur), čo predstavuje 77 centov na akciu, zo 100,2 milióna USD alebo 80 centov/akcia v rovnakom období vlani. Spoločnosť potvrdila svoj celoročný výhľad zisku na akciu za celý finančný rok, ktorý sa končí 31. januára 2019. Tržby spoločnosti pritom v sledovanom období vzrástli na 1,01 miliardy USD z vlaňajších 976,2 milióna USD, ale zaostali za očakávaniami trhu, ktorý počítal s tržbami 1,05 miliardy USD. Tržby v obchodoch otvorených viac ako rok sa zvýšili o 2 %, čo je menej ako ich nárast o 5,4 %, ktorý predpovedali analytici.",0
Apple znižuje plánovanú produkciu troch nových modelov iPhone,"Apple znižuje plánovanú produkciu troch nových modelov iPhone Dôvodom zriedkavého kroku Apple je oslabenie dopytu po jeho smartfónoch v Číne, ktorej ekonomika spomaľuje a obchodná vojna s USA jej rast brzdí ešte viac. Podľa odhadov celkový plánovaný objem produkcie starých i nových telefónov iPhone bude v období január až marec 2019 znížený na približne 40 až 43 miliónov kusov z pôvodne plánovaných 47-48 miliónov kusov, napísala Nikkei s odvolaním sa na nemenovaný zdroj. Prekvapujúci krok amerického koncernu spustil široký výpredaj jeho akcií na globálnych trhoch. San Francisco 9. januára (TASR) - Americký koncern Apple v 1. štvrťroku 2019 znižuje plánovanú produkciu troch nových modelov iPhone o približne 10 %. Túto žiadosť im údajne koncern poslal predtým, ako minulý týždeň znížil svoju prognózu tržieb, tvrdí ázijská agentúra.",0
Dovoz amerického bravčového mäsa do Číny vlani klesol o vyše polovicu,"(1 EUR = 1,1341 USD) Peking 25. januára (TASR) - Dovoz bravčového mäsa zo Spojených štátov do Číny sa v roku 2018 znížil o viac ako polovicu. Analytici odhadujú, že dopyt po dovozoch bravčového mäsa do Číny by mohol rásť v druhej polovici 2019, keďže epidémia afrického moru ošípaných na čínskych farmách výrazne znižuje ich počty v krajine. Celková hodnota importu bravčoviny do Číny dosiahla v roku 2017 približne 4 miliardy USD (3,53 miliardy eur). Celkový dovoz bravčového mäsa do Číny v roku 2018 dosiahol 1,19 milióna ton, čo je pokles o 2 % v porovnaní s predchádzajúcim rokom. Celkový import amerického bravčového mäsa do Číny vlani klesol o 55 % na približne 263.000 ton. Dovoz amerického bravčového mäsa do Číny vlani klesol o vyše polovicu Dovoz týchto častí z USA sa minulý rok znížil o 58 % na 177.041 ton. Je to dôsledok obchodnej vojny dvoch najväčších svetových ekonomík. Nemecko a Španielsko sa stali poprednými dodávateľmi kvalitnejšieho mäsa do Číny, pričom ich dodávky v oboch prípadoch prekročili 200.000 ton, zatiaľ čo dovoz z USA klesol o 48 % na 85.650 ton. Peking 25. januára (TASR) - Dovoz bravčového mäsa zo Spojených štátov do Číny sa v roku 2018 znížil o viac ako polovicu. Čína je pritom najväčším svetovým dovozcom takých častí ošípaných, ako sú paprče, kolená, uši či vnútornosti, z čoho profitovali najmä americkí producenti bravčoviny, ktorí na domácom trhu takéto časti prasaťa nepredajú.",0
"Ceny ropy klesli, cena Brentu skĺzla bližšie k hranici 64 USD/barel","""Tieto kroky prakticky vylučujú akékoľvek rozhovory alebo vyjednávania s cieľom ukončiť krízu,"" povedal Tom O'Sullivan, zakladateľ poradenskej firmy v oblasti energetiky a bezpečnosti Mathyos Advisory. Cena severomorskej ropnej zmesi Brent s augustovým kontraktom klesla do 7.21 h SELČ o 51 centov na 64,35 USD (56,48 eura) za barel. Ceny ropy klesli, cena Brentu skĺzla bližšie k hranici 64 USD/barel Ceny ropy v utorok klesli, pričom cena Brentu skĺzla bližšie k hranici 64 USD za barel (159 litrov) a cena americkej WTI k hranici 57 USD/barel. Náladu na trhoch stále ovplyvňuje obchodný konflikt a rastúce obavy o vývoj dopytu po rope. Pokles cien však nebol príliš výrazný, keďže na druhej strane ceny komodity tlačia nahor kroky USA voči Iránu, ktoré stupňujú napätie na Blízkom východe. Trhy sa však stále obávajú neistého vývoja dopytu po rope. V podobnom rozsahu zaznamenala pokles aj cena americkej ľahkej ropy WTI.",1
"Po pôvodnom výraznom raste ceny ropy klesli, cena Brentu sa drží nad 60,80 USD","Cena americkej ľahkej ropy WTI, rovnako s decembrovým kontraktom, dosiahla 55,53 USD/barel. Cena severomorskej ropnej zmesi Brent s dodávkou v decembri dosiahla do 7.19 h SELČ 60,86 USD (54,72 eura) za barel. Ceny ropy vo štvrtok klesli, keď investori začali vyberať zisky po stredajšom (23. Po predbežných odhadoch výrazného rastu ropných zásob v USA americké ministerstvo energetiky v stredu zverejnilo správu, že zásoby ropy za minulý týždeň klesli o 1,7 milióna barelov (1 barel = 159 litrov). Po pôvodnom výraznom raste ceny ropy klesli, cena Brentu sa drží nad 60,80 USD V stredu cena vzrástla o 2,5 % a uzatvorila na úrovni 61,17 USD/barel, čo bola najvyššia hodnota od 30. septembra. výraznom raste, ktorým trhy reagovali na nečakaný pokles ropných zásob v USA.",1
"Štatistici: Takéto boli ceny stavebných prác, agrokomodít a výrobkov","Bratislava 20. decembra (TASR) - Ceny stavebných prác v novembri 2019 oproti októbru 2019 vzrástli o 0,3 %. Ceny 95-oktánového benzínu, motorovej nafty a CNG zostali nezmenené, teda na úrovni 1,324 eura, 1,232 eura, respektíve 1,198 eura. Ceny agrokomodít boli v novembri 2019 medziročne nižšie o 1,8 % Ceny poľnohospodárskych výrobkov v novembri 2019 prvýkrát od začiatku roka klesli, medziročne boli nižšie o 1,8 %. Ceny materiálov spotrebovávaných v stavebníctve v novembri 2019 oproti októbru klesli o 0,7 %. Ceny najpredávanejšieho benzínu, nafty a CNG sa v 50. týždni nezmenili Vývoj spotrebiteľských cien pohonných látok v 50. týždni 2019 v porovnaní s cenami v 49. týždni 2019 ovplyvnili vyššie ceny 98-oktánového benzínu a skvapalneného plynu (LPG). Ceny najpredávanejšieho, 95-oktánového benzínu, motorovej nafty a stlačeného plynu (CNG) sa nezmenili. Ceny priemyselných výrobcov v novembri 2019 medzimesačne vzrástli o 0,1 % Ceny priemyselných výrobcov pre tuzemsko v novembri 2019 oproti októbru 2019 vzrástli o 0,1 %. Ceny rastlinných výrobkov klesli o 3 %. Ceny živočíšnych výrobkov vzrástli o 0,7 %. Informoval o tom Štatistický úrad (ŠÚ) SR. Ceny materiálov spotrebovávaných v stavebníctve v novembri 2019 oproti októbru klesli o 0,7 %. Informoval o tom Štatistický úrad (ŠÚ) SR. V 50. týždni 2019 v porovnaní so 49. týždňom 2019 sa zvýšili ceny 98-oktánového benzínu o 0,002 eura alebo o 0,13 % na 1,511 eura a LPG o 0,014 eura alebo o 2,37 % na 0,605 eura. Informoval o tom Štatistický úrad (ŠÚ) SR. V novembri 2019 v porovnaní s novembrom 2018 vzrástli ceny priemyselných výrobcov pre tuzemský trh o 1,1 %. Informoval o tom Štatistický úrad (ŠÚ) SR. Z rastlinných výrobkov klesli ceny ovocia a zeleniny o 3 %, obilnín o 7,8 % a strukovín o 1,9 %. Klesli ceny dodávky vody, čistenia odpadových vôd, odpadov a ozdravovacích služieb o 0,3 %, priemyselnej výroby o 0,1 %. Klesli ceny dodávky vody, čistenia odpadových vôd, odpadov a ozdravovacích služieb o 1,5 %, priemyselnej výroby o 0,7 %. Klesli ceny dodávky vody, čistenia odpadových vôd, odpadov a ozdravovacích služieb o 1,6 %. Klesli ceny jatočnej hydiny o 3,5 %, surovej ovčej vlny o 27,7 % a ceny konzumných slepačích vajec o 2,8 %. Od začiatku roka vzrástli ceny poľnohospodárskych výrobkov v priemere o 2,1 % vplyvom vyšších cien rastlinných výrobkov o 3,8 % a nižších cien živočíšnych výrobkov o 0,4 %. V priemere od začiatku roka ceny materiálov spotrebovávaných v stavebníctve medziročne vzrástli o 1,8 %. V priemere od začiatku roka ceny stavebných prác medziročne vzrástli o 3,9 %. V priemere od začiatku roka oproti rovnakému obdobiu minulého roka vzrástli ceny priemyselných výrobcov o 2,5 % vplyvom vyšších cien dodávky elektriny, plynu, pary a studeného vzduchu o 6,3 %, ťažby a dobývania o 5,9 %, priemyselnej výroby o 0,7 %. Vzrástli ceny zemiakov o 40,6 % a ceny olejnatých plodov a semien o 4,1 %. Zo živočíšnych výrobkov sa zvýšili ceny hovädzieho dobytka vrátane teliat o 0,6 %, živých rýb o 0,8 %, surového kravského mlieka o 1,5 %, jatočných ošípaných o 8,8 % a ceny jatočných jahniat a oviec o 0,4 %. Zvýšili sa ceny dodávky elektriny, plynu, pary a studeného vzduchu o 0,4 %, ťažby a dobývania o 0,2 %. Zvýšili sa ceny dodávky elektriny, plynu, pary a studeného vzduchu o 4,8 %, ťažby a dobývania o 1,3 %. Štatistici: Takéto boli ceny stavebných prác, agrokomodít a výrobkov",1
Priemyselná produkcia v decembri klesla piaty mesiac po sebe,"Bratislava 10. februára (TASR) - Priemyselná produkcia na Slovensku v decembri minulého roka klesla piaty mesiac po sebe, medziročne o 7,1 %. Informoval o tom v pondelok Štatistický úrad (ŠÚ) SR. Priemerná mzda rástla koncom vlaňajška aj v činnostiach reštaurácií a pohostinstiev o 6,3 % na 544 eur, doprave a skladovaní o 6,2 % na 1103 eur, vybraných trhových službách o 4,5 % na 1123 eur, ubytovaní o 4,2 % na 824 eur, priemysle o 3,8 % na 1219 eur, stavebníctve o 3,8 % na 785 eur, ako aj v predaji a oprave motorových vozidiel o 2,6 % na 1118 eur. Informoval o tom v pondelok Štatistický úrad (ŠÚ) SR. Produkcia realizovaná stavebnými firmami v tuzemsku sa v decembri medziročne znížila o 4,7 % a dosiahla objem 509 miliónov eur. Informoval o tom v pondelok Štatistický úrad (ŠÚ) SR. Zo špeciálnych zoskupení priemyselných odvetví najvýznamnejšie zníženie zaznamenala výroba dopravných prostriedkov o 11 %, výroba kovov a kovových konštrukcií okrem strojov a zariadení o 15,2 %, výroba výrobkov z gumy a plastu a ostatných nekovových minerálnych výrobkov o 15,9 %, výroba počítačových, elektronických a optických výrobkov o 21,9 % a výroba drevených a papierových výrobkov a tlač o 8,9 %. Informoval o tom Štatistický úrad (ŠÚ) SR. Pokles tržieb v priemysle, ktorý začal v júni 2019, pokračoval aj v poslednom mesiaci roku 2019. K celkovému poklesu došlo vplyvom nižšieho objemu prác na opravách a údržbe o 8,6 % a na novej výstavbe vrátane modernizácií a rekonštrukcií o 4 %. Klesla produkcia realizovaná v tuzemsku, medziročne o 4,5 %. Na celkovom objeme stavebnej produkcie tvorila podiel 5,2 %. Naopak, o 20,5 % v decembri medziročne vzrástli tržby v informačných a komunikačných činnostiach a o 3,7 % vzrástli tiež tržby vo vybraných trhových službách. Naďalej sa podľa štatistikov priaznivo vyvíjala produkcia realizovaná stavebnými firmami v zahraničí. Oproti decembru 2018 sa prepadli o 0,8 % aj tržby v stavebníctve, o 1,4 % sa medziročne znížili tržby v doprave a skladovaní. Priaznivejšie sa stavebníctvo vyvíjalo v medzimesačnom porovnaní, po zohľadnení sezónnych vplyvov bola produkcia v ňom o 3,3 % vyššia ako v novembri 2019. Priemerná mzda v decembri najviac rástla v obchode a IT Priemerná nominálna mesačná mzda na Slovensku sa v decembri 2019 medziročne najviac zvýšila vo veľkoobchode o 9,7 % na 1177 eur, informačných a komunikačných činnostiach o 7,5 % na 2156 eur a v maloobchode o 6,5 % na 808 eur. Priemyselná produkcia v decembri klesla piaty mesiac po sebe Produkcia podľa štatistikov za celý rok klesla hlavne vo výrobe kovov a kovových konštrukcií okrem strojov a zariadení o 12,7 %, výrobe výrobkov z gumy a plastu a ostatných nekovových minerálnych výrobkov o 7,9 %, výrobe textilu, odevov, kože a kožených výrobkov o 11,6 %, výrobe koksu a rafinovaných ropných produktov o 7,8 % a vo výrobe počítačových, elektronických a optických výrobkov o 5,1 %. Produkcia v zahraničí sa naopak zvýšila o 19,5 %. Rast bol vo všetkých činnostiach, najvýraznejší v administratívnych, pomocných kancelárskych a iných obchodných pomocných činnostiach o 15,1 %, činnostiach v oblasti nehnuteľností o 9,2 % a v ostatných činnostiach o 11,3 %. Rast štatistici v decembri zaznamenali len vo výrobe elektrických zariadení o 23,3 % a v ťažbe a dobývaní o 9,7 %. Rástla tiež v maloobchode o 5,8 %, predaji a oprave motorových vozidiel o 5,6 %, stavebníctve o 4,6 %, v priemysle, informačných a komunikačných činnostiach o 4,4 %. Slovenské stavebníctvo v decembri kleslo o 4,2 % V slovenskom stavebníctve v decembri minulého roka pokračoval pokles produkcie, medziročne sa znížila o 4,2 % na 536,9 milióna eur. Tento výsledok ovplyvnil pokles v priemyselnej výrobe o 8,5 % a v dodávke elektriny, plynu, pary a studeného vzduchu o 1,9 %, ale aj rast v ťažbe a dobývaní o 9,7 %. Tržby klesli v troch činnostiach, najvýraznejšie vo výrobe filmov, videozáznamov a televíznych programov. Tržby sa medziročne znížili len vo výrobe filmov, videozáznamov a televíznych programov. Tržby stavebných subjektov ostali v roku 2019 nezmenené na úrovni roku 2018. Tržby v informačných a komunikačných činnostiach zaznamenali v decembri 2019 najrýchlejší medziročný rast za posledných osem rokov, a to najmä vplyvom rastu v počítačovom programovaní o 36,6 % a v telekomunikáciách o 22,6 %. Tržby v priemysle v decembri medziročne klesli o 7,8 % Tržby za vlastné výkony a tovar v slovenskom priemysle sa v decembri 2019 medziročne prepadli o 7,8 %, oproti novembru zostali nezmenené. Tržby vo vybraných trhových službách sa medziročne zvýšili o 3,7 %, a to najviac v administratívnych, pomocných kancelárskych a iných obchodných pomocných činnostiach o 21,9 %, činnostiach v oblasti nehnuteľností o 14,2 % a v architektonických a inžinierskych činnostiach o 9,3 %. V doprave a skladovaní sa tržby medziročne zvýšili o 3 %. V informačných a komunikačných činnostiach celkové tržby vzrástli o 9,8 %. V priemere za celý minulý rok sa mzda zvýšila najviac v činnostiach reštaurácií a pohostinstiev o 9,5 %, veľkoobchode a vybraných trhových službách o 7,2 %, v doprave, skladovaní a ubytovaní o 7,1 %. V priemyselnej výrobe produkcia naopak klesla o 0,4 %. Vo vybraných trhových službách sa tržby medziročne zvýšili o 5,9 %. Vývoj podľa sekcií ovplyvnil pokles v dodávke elektriny, plynu, pary a studeného vzduchu o 11,2 %, ťažbe a dobývaní o 3,7 % a rast v dodávke vody, čistení a odvode odpadových vôd, odpadoch a službách odstraňovania odpadov o 9,1 % a v priemyselnej výrobe o 0,4 %. Vývoj podľa sekcií ovplyvnil pokles v dodávke elektriny, plynu, pary a studeného vzduchu o 18,7 %, v priemyselnej výrobe o 5,9 % a rast v ťažbe a dobývaní o 2 % a v dodávke vody, čistení a odvode odpadových vôd, odpadoch a službách odstraňovania odpadov o 1,8 %. Z toho v dodávke elektriny, plynu, pary a studeného vzduchu o 5,6 % a v ťažbe a dobývaní o 5,2 %. Za celý minulý rok produkcia slovenského stavebníctva dosiahla 5,83 miliardy eur, oproti roku 2018 sa znížila o 3,3 %. Za celý rok 2019 vzrástla priemyselná produkcia medziročne o 0,4 %. Za celý rok 2019, v porovnaní s rokom 2018, tržby v priemysle medziročne klesli o 0,9 %. Zo špeciálnych zoskupení priemyselných odvetví bolo vlani najvýznamnejšie zvýšenie vo výrobe elektrických zariadení o 21,6 %, výrobe strojov a zariadení inde nezaradených o 12,2 %, dodávke elektriny, plynu, pary a studeného vzduchu o 5,6 %, výrobe dopravných prostriedkov o 1,9 % a vo výrobe potravín, nápojov a tabakových výrobkov o 5,4 %.",1
Britská ekonomika prestala rásť v poslednom kvartáli 2019,"Analytici takýto výsledok očakávali, pretože vysoká miera neistoty v podnikaní po odklade brexitu a patovej situácii v britskom parlamente na jeseň 2019 negatívne ovplyvnila investície aj výrobu. Britská ekonomika prestala rásť v poslednom kvartáli 2019 Londýn 11. februára (TASR) - Britská ekonomika prestala v posledných troch mesiacoch minulého roka rásť. V decembri 2019 však ekonomika ožila. V posledných troch mesiacoch 2019 klesla priemyselná produkcia v Británii medzikvartálne o 1,1 %, zatiaľ čo sektor služieb, ktorý sa podieľa približne 80 % na výkone hospodárstva, zaznamenal rast o 0,1 %. Za celý rok 2019 sa však rast britskej ekonomiky mierne zrýchlil na 1,4 % z 1,3 % v roku 2018. Údaje ONS tiež ukázali, že tempo rastu výdavkov domácností, ktoré boli motorom ostrovnej ekonomiky počas väčšiny obdobia od referenda o brexite v roku 2016, bolo v 4. kvartáli najslabšie za štyri roky. „V poslednom štvrťroku 2019 nedošlo k žiadnemu rastu HDP, pretože rast v službách a stavebníctve bol kompenzovaný poklesom v spracovateľskom priemysle, najmä v automobilovom,“ uviedol Rob Kent-Smith z ONS.",0
"Ceny ropy pokračujú v raste, cena Brentu sa pohybuje pod 38 USD/barel","Cena americkej ľahkej ropy WTI s aprílovým kontraktom zaznamenala 34,72 USD/barel. Cena ropy ovplyvňuje ťažbu z bridlíc viac než klasickú produkciu, pretože ťažba bridlicovej ropy je finančne náročnejšia. Cena severomorskej ropnej zmesi Brent s dodávkou v máji dosiahla do 7.49 h SEČ 37,85 USD (33,23 eura) za barel (159 litrov). Ceny ropy pokračovali v stredu v raste, druhý deň po sebe, keď náladu na trhoch zvýšili očakávania, že americkí producenti obmedzia ťažbu. Ceny ropy pokračujú v raste, cena Brentu sa pohybuje pod 38 USD/barel Ich nedohoda o ďalšom obmedzení produkcie viedla Rijád k rozhodnutiu prudko zvýšiť aprílové dodávky ropy na svetové trhy. Rast však nebol výrazný, keďže viac sa čakalo od reakcie Washingtonu, čo sa týka podpory ekonomiky. Reagovali tak na prudký pokles cien ropy v minulých dňoch. To sa odrazilo na rozsahu rastu cien ropy. Trhy okrem toho čakajú na ďalší vývoj vzťahov medzi Organizáciou krajín vyvážajúcich ropu (OPEC) a Ruskom. V súvislosti s balíkom zo strany Washingtonu sú však trhy dosť skeptické. Viaceré americké firmy ťažiace ropu z bridlíc oznámili zvýšenie rozsahu škrtov vo výdavkoch, čo signalizuje znižovanie produkcie v nasledujúcom období. prepadom cien ropy o 25 % na 4-ročné minimá sa v ďalších dňoch situácia zlepšila, keď viaceré vlády potvrdili podporu ekonomikám zápasiacim s dôsledkami šíriaceho sa nového koronavírusu.",1
Wall Street aj po obnovení obchodovania pokračuje v páde,"Aj keď opatrenia centrálnych bánk môžu pomôcť a uľahčia fungovanie trhov, podľa mnohých investorov návrat k akciám nebude bezpečný, kým počet prípadov infekcií novým koronavírusom v USA nedosiahne vrchol a nezačne klesať. Trhy neupokojilo ani nedeľňajšie (15.",1
Odvod kosí bankám zisky. Za štvrťrok padli o 61 percent,"Finančné domy sa pripravovali na výrazný pokles ziskov už v okamihu, keď im poslanci koncom minulého roku zvýšili bankový odvod na dvojnásobok. Hneď začiatok roku ukázal, že odvod sa výrazne podpísal pod zisky bánk. Je to viac ako polovica celého minuloročného čistého zisku. Odvod kosí bankám zisky. Predplaťte si TREND za najvýhodnejšiu cenu už od 1 € / týždeň Plný prístup k prémiovým článkom a archívu Prémiový prístup na weby Mediálne, TRENDreality a ENJOY Menej reklamy na TREND.sk Máte už predplatné?",1
Svetové ceny potravín v apríli klesli,"A zároveň nedostatok pracovných síl u spracovateľov ovplyvňuje doterajší systémy výroby s tzv. Aj index cien rastlinných olejov v apríli klesol, a to o 5,2 %. Aprílový index cien mäsa sa znížil o 2,7 %, keďže a čiastočné oživenie dopytu po dovoze do Číny nedokázalo vyrovnať pokles dovozu inde. Ceny pšenice vzrástli o 2,5 % po správach o rýchlom naplnení vývoznej kvóty z Ruska. FAO nezmenila svoju prognózu pokiaľ ide o produkciu obilnín a očakáva, že zostane stabilná na úrovni 2,720 miliardy ton v sezóne 2019/20, ale svoju prognózu spotreby obilnín znížila o 24,7 milióna ton, najmä pre negatívny vplyv koronavírusu na hospodárstvo. Index cien obilnín FAO sa na rozdiel od ostatných indexov v apríli znížil iba mierne, keďže svetové ceny pšenice a ryže výrazne vzrástli, zatiaľ čo ceny kukurice prudko klesli. Index mlieka a mliečnych výrobkov sa znížil o 3,6 %, pričom ceny masla a sušeného mlieka zaznamenali pokles o dvojciferné číslo. Konkrétne, ceny ryže sa medzimesačne zvýšili o 7,2 %, čo bolo z veľkej časti spôsobené dočasnými vývoznými obmedzeniami zo strany Vietnamu, ktoré boli následne zrušené. Na druhej strane, ceny veľkozrnných obilnín, vrátane kukurice klesli o 10 % pre zníženie dopytu po krmivách a výroby biopalív. Predpovedala jej svetovú produkciu na úrovni 762,6 milióna ton, čo je zhruba rovnaká úroveň ako vlani. Predpovedá, že globálna spotreba pšenice v roku 2020/21 bude stabilná, pričom očakávané zvýšenie spotreby potravín prevažuje nad znížením spotreby v oblasti krmív a v priemysle. Rím 7. mája (TASR) - Svetové ceny potravín v apríli klesli, už tretí mesiac po sebe. Svetové ceny potravín v apríli klesli Z údajov FAO vyplýva, že index cien potravín, ktorý mapuje mesačné zmeny v cenách obilnín, olejnín, mliečnych výrobkov, mäsa a cukru, v apríli medzimesačne klesol o 3,4 % na 165,5 bodu. Čiastkový index cien cukru sa pritom znížil o 14,6 % a dosiahol 13-ročné minimum, keďže kríza spôsobená koronavírusom zasiahla dopyt po cukre a pád cien ropy znížili potrebu cukrovej trstiny na výrobu etanolu. „Pandémia zasiahla ako dopyt, tak aj ponuku mäsa, pretože zatváranie reštaurácií a zníženie príjmov domácností vedú k nižšej spotrebe.",1
"Ceny ropy mierne klesli, cena Brentu sa pohybuje pod 48,80 USD/barel","(1 EUR = 1,2109 USD) New York 9. decembra (TASR) - Ceny ropy zaznamenali pokles, rozsah poklesu bol však minimálny, keď nepriaznivé informácie o nečakanom raste zásob ropy v USA čiastočne kompenzovali správy o začatí očkovania proti chorobe COVID-19. Cena americkej ľahkej ropy WTI s januárovým kontraktom zaznamenala 45,43 USD za barel. Cena severomorskej ropnej zmesi Brent s dodávkou vo februári dosiahla do 20.36 h SEČ 48,75 USD (40,26 eura) za barel. Ceny ropy klesli v priebehu dňa o viac než 1 %, keď údaje z USA ukázali, že zásoby ropy v Spojených štátoch vzrástli za minulý týždeň o 15,2 milióna na 503,2 milióna barelov (1 barel = 159 litrov). Ceny ropy mierne klesli, cena Brentu sa pohybuje pod 48,80 USD/barel Na druhej strane, náladu na trhoch podporilo začatie očkovania vakcínou od spoločností Pfizer a BioNTech v Británii. New York 9. decembra (TASR) - Ceny ropy zaznamenali pokles, rozsah poklesu bol však minimálny, keď nepriaznivé informácie o nečakanom raste zásob ropy v USA čiastočne kompenzovali správy o začatí očkovania proti chorobe COVID-19.",1
Izraelská centrálna banka nakúpila devízy takmer za 7 miliárd USD,"S cieľom podporiť úvery pre malé podniky banka v januári uvoľnila do bankového systému ďalších 3,1 miliardy ILS.",0
Wall Street sa v utorok prudko oslabila,"Medzi dôvody patrí zvyšovanie výnosov dlhopisov americkej vlády, politické spory v USA týkajúce sa zvýšenia dlhového stropu a obavy z vysokej inflácie. Rýchle zvyšovanie trhových úrokových sadzieb zaskočilo trh, predovšetkým rastové tituly.",1
Tranzit ruského plynu cez Ukrajinu za desať mesiacov klesol o viac ako pätinu,"19:38 Objem prepravy klesá v čase, keď prudko vzrástli v Európe ceny plynu kvôli nedostatku dodávok Gazprom znížil denný objem prepravy Na začiatku tohto týždňa Makohon povedal, že ruský plynárenský gigant Gazprom znížil už štvrtýkrát v tomto roku svoj denný objem prepravy plynu cez Ukrajinu, a to na 60 miliónov metrov kubických. Navyše päťročná zmluva medzi Ukrajinou a Ruskom o tranzite plynu stanovuje, že Rusko musí zaplatiť za prepravu najmenej 109 miliónov metrov kubických plynu denne, a to aj v prípade, že toľko plynu neprepraví. Objem prepravy ruského plynu cez Ukrajinu od januára do októbra tohto roku klesol v porovnaní s rovnakým obdobím v minulom roku o 21,6 percenta. Objemy boli čerpané pod rezervovanou kapacitou V samotnom októbri sa objem prepravy plynu cez Ukrajinu znížil na 2,634 miliardy kubických metrov zo zhruba troch miliárd kubických metrov v septembri. Rusko to popiera a opakovane tvrdí, že plní svoje záväzky vyplývajúce zo zmluvy o dodávkach plynu. Tranzit ruského plynu cez Ukrajinu za desať mesiacov klesol o viac ako pätinu „Sme znepokojení znížením tranzitu ruského plynu ukrajinskou trasou: k 1. októbru boli čerpané objemy pod rezervovanou kapacitou,"" uviedol šéf GTSOU Serhyj Makohon.",1
Produkcia talianskeho priemyslu v októbri nečakane klesla,"ISTAT ďalej uviedol, že výroba kapitálových produktov v Taliansku v novembri klesla o 1,4 % (o -1,1 % v septembri), spotrebného tovaru o 0,9 % (po náraste o 3,6 %) a polotovarov o 0,8 % (po zvýšení o 1 % v septembri). Podľa štatistík sa výkon priemyslu tretej najväčšej ekonomiky eurozóny v októbri znížil o 0,6 % oproti septembru, keď medzimesačne vzrástol o 0,1 %. Produkcia talianskeho priemyslu v októbri nečakane klesla Rast výroby energií sa však zrýchlil na 2,3 % z 1,3 % v predchádzajúcom mesiaci. Rím 10. decembra (TASR) - Priemyselná produkcia v Taliansku v októbri nečakane klesla. V medziročnom porovnaní a po očistení od kalendárnych vplyvov a počtu pracovných dní sa talianska priemyselná produkcia v októbri zvýšila o 2 %.",0
Inflácia v USA dosahuje 40-ročné maximum. Dostáva sa mimo kontroly,"9:00 Cieľ dosiahnuť dvojpercentný priemer inflácie je ohrozený Boli to najvyššie hodnoty od februára 1982 a augusta 1982, čo ešte viac podporilo obavy, že inflácia je mimo kontroly. Ešte v apríli 2021 Federálny výbor pre voľný trh uviedol, že sa bude zameriavať na „infláciu mierne nad dvomi percentami na určitý čas“, než zvýši úrokové sadzby, aby dosiahol dlhodobý dvojpercentný priemer inflácie. Index spotrebiteľských cien vzrástol o 7,5 percenta v porovnaní s predchádzajúcim rokom, zatiaľ čo jadrový index zahrňujúci ceny potravín a energií je za posledných 12 mesiacov väčší o 6,0 percenta. Inflácia v USA dosahuje 40-ročné maximum. Keď inflácia na jar, resp. Na začiatku pandémie ceny klesli v dôsledku náhleho poklesu spotrebiteľských výdavkov a dopytu po palivách a potom sa v lete a na jeseň pomaly vrátili na svoju predpandemickú trajektóriu. Spotrebiteľské ceny v Spojených štátoch na začiatku roka 2022 naďalej rástli, keďže inflácia v januári dosiahla 40-ročné maximum. V dôsledku tohto počiatočného poklesu spotrebiteľských cien boli medziročné porovnania vždy na chvíľu prehnané, ale už to tak nie je. V januári sa trojročná priemerná miera inflácie vyšplhala na 3,8 percenta, čo jasne naznačuje, že posledný prudký nárast spotrebiteľských cien je viac než len štatistický výkyv a treba ho brať vážne. začiatkom leta 2021 prudko vzrástla, bolo to z veľkej časti spôsobené takzvaným bázickým efektom, ktorý spôsobil ochladzujúci sa vplyv pandémie na spotrebiteľské ceny v predchádzajúcom roku. Ďalšie dôležité správy Neprehliadnite Biely dom sa bojí, že Rusi ohrozia výrobu čipov v USA",0
Podpásovka pre Ameriku: Eskalácia napätia na Ukrajine postihla akciový trh,"Americký akciový trh v utorok oslabil po tom, ako Rusko vyslalo vojakov do separatistických regiónov na východe Ukrajiny, čím pokračuje eskalácia napätia. Americký trh však už skôr ustúpil zo svojho maxima z 3. januára. Dôvodom bola neistota z toho, aký bude mať vplyv rozhodnutie Federálneho rezervného systému (Fed) ukončiť politiku mimoriadne nízkych úrokov a stiahnuť ďalšie ekonomické stimuly. Na japonskom akciovom trhu sa pre štátny sviatok neobchodovalo. Podpásovka pre Ameriku: Eskalácia napätia na Ukrajine postihla akciový trh Ázijské akciové trhy však v stredu ožili.",1
"Inflácia sa podpísala na Američanoch. Ceny stále rastú, ale ich príjmy nie","16:31 Kým sa inflácia v posledných mesiacoch dostala na úroveň siedmich percent, tak platy Američanov zostávajú nezmenené A zároveň, osobné príjmy domácností sa takmer nezmenili. Ale aj cenové tlaky ďalej rástli, pričom medziročná inflácia dosiahla najvyššiu úroveň takmer za štyri desaťročia. Ale zároveň, vysoká inflácia, ktorá pohlcuje rast miezd, by mohla brzdiť expanziu ekonomiky. Ceny stále rastú, ale ich príjmy nie Inflácia sa podpísala na Američanoch. Jadrový index Bez započítania nestálych položiek, ako sú potraviny a energie, vzrástol jadrový index PCE v januári medzimesačne o 0,5 percenta a medziročne o 5,2 percent. Napätý trh práce Podľa ministerstva sa spotrebiteľské výdavky, ktoré tvoria viac ako dve tretiny ekonomickej aktivity USA, minulý mesiac zvýšili o 2,1 percent po poklese o 0,8 percent v decembri. Očakávaný rast inflácie Inflácia, ktorá sa v januári vyšplhala na 7,5 percenta zo 7 percent v decembri, by po invázii Ruska na Ukrajinu a zavedení sankcií mohla nabrať ešte väčšie tempo, keďže ceny ropy vyleteli nahor. Presnejšie, osobný príjem sa v januári zvýšil o menej ako desatinu percenta po tom, čo v decembri vzrástol o 0,4 percent. Rovnaké mzdy Ministerstvo obchodu ale zároveň informovalo, že osobný príjem Američanov sa v januári prakticky nezmenil. Spotrebiteľské výdavky sú podporované masívnymi úsporami a rastom miezd v prostredí napätého trhu práce. To je na druhej strane lepší výsledok ako pokles osobného príjmu o 0,3 percent, s ktorým v januári počítali ekonómovia. Ukázali to v piatok údaje amerického ministerstva obchodu. index cien výdavkov na osobnú spotrebu (PCE), čo je preferovaný ukazovateľ americkej centrálnej banky Fed, sa v januári zvýšil o 0,6 percent oproti decembru, keď medzimesačne vzrástol o 0,5 percenta.",1
Suzuki Motor zaznamenala vo 4. kvartáli pokles zisku,"Aj tržby vzrástli, o 12,3 % na 3,57 bilióna JPY. Automobilka Suzuki Motor v stredu oznámila, že jej zisk za tri mesiace do konca marca 2022 klesol o 26 % na 24,5 miliardy jenov (178,34 milióna eur). Prevádzkový zisk sa znížil o 19,5 % na 44,8 miliardy JPY, najmä v dôsledku zvýšenia cien vstupných surovín, ako je oceľ. Suzuki Motor zaznamenala vo 4. kvartáli pokles zisku Tokio 11. mája (TASR) - Japonská automobilka Suzuki Motor zaznamenala vo 4. kvartáli fiškálneho roka 2021/2022 pokles zisku. Tržby oproti minulému roku klesli o 0,9 % na 994,1 miliardy JPY, keďže výrobu, a tým aj predaj brzdí nedostatok komponentov vrátane polovodičov. V súčasnom fiškálnom roku 2022/2023 spoločnosť očakáva zisk 135 miliárd JPY, čo bude o 15,8 % menej ako v predchádzajúcom roku. Za celý fiškálny rok do konca marca 2022 sa zisk Suzuki zvýšil o 9,5 % na 160,3 miliardy JPY, zatiaľ čo prevádzkový zisk klesol o 1,5 % na 191,5 miliardy JPY.",0
"Predaj áut v Rusku sa v auguste výrazne znížil, ale menej ako v júli","Mnohé automobilky v Rusku pozastavili výrobu a prepustili pracovníkov z dôvodu nedostatku špičkových zariadení a odchodu západných výrobcov. Ruský automobilový priemysel, ktorý je vo veľkej miere závislý od zahraničných investícií, dodávateľských reťazcov a dielov, zasiahli západné sankcie v reakcii na inváziu ruskej armády na Ukrajinu koncom februára.",0
Bývalého spoločníka Mikuláša Černáka obvinili z vraždy,"S ňou sa vraj dohodol, že si naň vezme úver v lízingovej spoločnosti na základe fiktívnych podkladov.",0
Starú generáciu politikov treba vymeniť,"A zamestnanec pritom nič nestratí, naopak, ušetrí na odvodoch. Ak sa aj zvýši daň z príjmu fyzických osôb, bude to kompenzované úplným zrušením odvodov. Ale to je cena za to, že nechcem mať na nohe nejakú olovenú guľu záväzku od ľudí, ktorí by to potom pýtali naspäť. Ale zmyslom tej reformy má byť zníženie nákladov na prácu, keďže práve odvody náklady na zamestnanca predražujú. Mali by sme podporiť tých, čo držia tento štát nad hladinou a čo ho živia – malých a stredných podnikateľov, živnostníkov, zamestnancov. Na človeka, ktorý si musel financovať bývanie z hypotéky, ide o dosť veľké sumy. Nechcem dopadnúť ako Fico, ktorý v istej chvíli ten faustovský obchod urobil a bude ho to dobiehať už stále. Pri nízkom úroku sa hypotéka alebo pôžička oplatí, hlavne, ak rátam s tým, že v krátkom čase tu bude pomerne vysoká inflácia. Princíp je znížiť náklady na prácu. Priznali ste, že väčšinu výdavkov ťaháte vy z úspor a z pôžičky. Teda mali by sme odbremeniť prácu. Uvedomujem si to, ale celkový efekt by bolo nižšie daňové bremeno, nižšie regulačné bremeno a vyšší zisk v efektívnejšie fungujúcich verejných službách. Zrušením odvodov sa môže zvýšiť tlak na to, aby firmy platili vyššie dane zo zisku. Zásadne som však proti tomu, aby sa harmonizovali aj daňové sadzby, tu by mala ostať sloboda a voľnosť pre členské štáty, aby si mohli v oblasti daňových sadzieb konkurovať. Úspory a hypotéka sa nevylučujú.",1
Ľuďom došla trpezlivosť s korupciou,"Na jednej strane cítim spokojnosť s prácou niektorých policajtov a štátnych zástupcov, na druhej strane však množstvo, či už vyšetrovaných káuz alebo káuz, v ktorých bol podaný návrh na obžalobu a ktoré sa týkajú klientelistických korupčných väzieb na politické prostredie, naznačuje nedobrý stav verejnej správy. Ste na prácu a výsledky orgánov činných v trestnom konaní v Českej republike hrdá?",0
Zvolenskej kauza môže pokračovať. Prokuratúra preskúma pochybný nákup v piešťanskej nemocnici,"Ako dodala, k utorku odvolala všetkých členov správnej rady, nominovaných za MZ SR. Piešťanská nemocnica Alexandra Wintera chcela v roku 2012 kúpiť CT prístroj za vyše milión eur, no k obchodu napokon nedošlo.",0
"Kiskov hovorca kúpil byt od Bratislavy za 1700 eur, prezident to odsúdil","Ceny nehnuteľností v bratislavskom Ružinove sa podľa Nového Času už v tom čase pohybovali vysoko. Ceny, za ktoré ich potom odkupovali, neodrážali trhové hodnoty bytov,“ myslí si politický analytik Ján Baránek. Krpelan teda nehnuteľnosť kúpil výrazne pod cenu. „Byt nadobudol do vlastníctva za cenu podľa zmluvy o prevode vlastníctva bytu za 51 040 Sk (1 694 eur),“ dodala Rodinová. „Priemerné ceny trojizbových starých bytov v Ružinove v roku 2007 boli podľa stavu v rozpätí od 2 800 000 až po 3 300 000 Sk (od takmer 93 000 do 109 000 eur),“ opisuje vtedajšie ceny realitná maklérka Daniela Danihel Rážová.",0
Sporný nákup piešťanského CT už vyšetruje polícia,Podľa neho sa vyšetrovanie vedie pre obzvlášť závažný zločin porušovania povinnosti pri správe cudzieho majetku a legalizáciu príjmov z trestnej činnosti.,0
Údržba prezidentského loveckého zámočka bude stáť 22 tisíc,"""Zamestnanci kancelárie prezidenta zámoček využívajú na rekreačné účely,"" dodal Krpelan.",0
Brhelovým firmám sa darí. Najviac za Smeru,Táto suma predstavuje asi 40 percent z ich celkového objemu tržieb.,0
"Polícia zadržala Róberta Okoličányho, údajného mafiánskeho bossa","Zadržaní muži podľa portálu TV JOJ noviny.sk pôsobili ako organizovaná skupina a vyvíjali nátlak na podnikateľov, ktorí obchodovali s nehnuteľnosťami.",0
Fico dostal otvorený list. Týka sa exekúcie Martina,"""Sám viem, že mesto už nemá lukratívny majetok a jediné lukratívne, čo má, sú akcie v Turčianskej vodárenskej spoločnosti, strategickom podniku, ktorý sa zaoberá výrobou a distribúciou pitnej vody. Exekútor totiž môže podľa Hrnčiara siahnuť nielen na financie, ale aj na majetok mesta. Podľa Hrnčiara však katastrálny úrad odmietol vklad nehnuteľností, pretože rovnaké nehnuteľnosti martinská radnica vložila do mestom vytvorenej spoločnosti Turiec a majetok následne predala novému majiteľovi. Podľa starostu obce Trnovo Jána Lukáča by ich takáto situácia veľmi mrzela, pretože by zrazu cena vody rapídne stúpla, pričom teraz majú najlacnejšiu vodu na Slovensku. Spoločnosti, ktoré sa zaoberajú vodou či výrobou a distribúciou tepla, by nemali byť podľa neho exekvované, tak, ako sú oblasti štátu takisto vyňaté spod exekúcie.",1
Pri Prešove sa zrútil vrtuľník. Pilot zraneniam podľahol,"Pád vojenského vrtuľníka Mi-17 sovietskej výroby, ku ktorému došlo dnes popoludní pri obci Hradisko v okrese Prešov, si vyžiadal jeden ľudský život. 3. júla 2008 - V Sopotnickej doline pri horehronskom kúpeľnom meste Brusno havaroval vrtuľník ruskej výroby M 17, ktorý približoval pre Štátne lesy, a.s., Banská Bystrica drevo napadnuté podkôrnym hmyzom - lykožrútom. Pilot vojenského vrtuľníka Mi-17 sovietskej výroby, ktorý sa zrútil dvadsať kilometrov od Prešova, zraneniam podľahol.",0
Vládna koalícia? Procházka nevylúčil Smer ani Matoviča,"Sieť podľa neho a priori neodmieta politiku vlády v otázkach imigračnej krízy, má však výhrady v rétorike premiéra Roberta Fica (Smer-SD).",0
"Harabin sa obracia na Čižnára. Chce, aby preskúmal konanie šéfky Najvyššieho súdu","Harabin si ďalej myslí, že by mal Čižnár preskúmať aj konanie členiek Sudcovskej rady NS SR, ktoré odporúčali predsedníčke zmeniť rozvrh práce na podklade reakcií verejnosti na rozhodnutia Harabinovho senátu, a to z pohľadu návodu na uvedený trestný čin.",0
Slováka odsúdili v USA na 10 rokov. Chcel prepašovať 100 kilogramov drog,"Podľa amerického portálu NK News išlo o plánované pašovanie 100 kilogramov methamfetamínu do USA, ktorý bol vyrobený v Severnej Kórei a cena tejto drogy by na trhu dosiahla hodnotu odhadom šesť miliónov USD (vyše päť aj pol milióna eur). Šéf thajskej polície Somyot Pumpanmuang vtedy oznámil, že Slováka, Filipínca, Číňana a dvoch Britov sprevádzali na letisko do Bangkoku zástupcovia amerického Národného úradu pre kontrolu obchodu s drogami (DEA).",0
"Sulík ukázal smsky s Radičovou: Hovoril som ti, že na to nemáš","Vo februári 2010 som ti vravel, že na to nemáš, napriek tomu si za každú cenu chcela byt premierkou. Vo februári 2010 som ti vravel, že na to nemáš, napriek tomu si za každú cenu chcela byť premiérkou.",0
Polícia zasahovala na železniciach. Pri razii zaistili dokumenty,"""Súčasne bolo vypočutých niekoľko zamestnancov. Podľa indícií firmy môže prešetrovanie vychádzať z vyjadrení zamestnanca, ktorý bol nespokojný s platovými podmienkami.",0
"Kauza Bašternák veľmi smrdí. Som zvedavý, či sa ju podarí vyšetriť, tvrdí známy publicista","Veď aj Robert Fico mal v opozícii tieňovú vládu, len to je oveľa viac práce ako vytvorenie rady,“ poznamenal Hrabko. „Určite mal na mysli hlavne referendum vo Veľkej Británii a migračnú krízu,“ reagoval Hrabko na vyhlásenie predsedu Európskej rady Donalda Tuska, podľa ktorého sú očakávania od nášho predsedníctva vysoké, lebo prichádza v ""rozhodujúcich chvíľach pre Európu"".",0
"Kaliňákove účty som si prezeral zo zvedavosti, žiadne odmeny som nedostal, tvrdí asistent poslanca SaS","“Po týchto, pre mňa šokujúcich zisteniach, som sa následne v práci pozrel na účty osôb Jána Počiatka, Roberta Kaliňáka, Mariána Kočnera a Ladislava Bašternáka,” skonštatoval asistent poslanca SaS.",0
Razia v Mochovciach. Policajti zasahujú v atómovej elektrárni,"Dôvodom majú byť podľa našich informácií nekvalitné práce, ktoré mohli prispieť k navyšovaniu rozpočtu Mochoviec.",0
"Prokurátor, ktorý dozoroval vyšetrovanie Kaliňáka, je obvinený z trestného činu","Prokurátor teda zrejme poskytol podnikateľovi úver alebo pôžičku, ozrejmil Lipšic.",0
"Sulík sťahuje žalobu na Havrana: Nech ma označuje fašistom, je mi to jedno","Tiež som sa dozvedel, že fašista je z pohľadu pána Havrana každý druhý avšak nedozvedel som sa, ako chceme nazývať skutočných fašistov, tých, ktorí by radi inak zmýšľajúcich ľudí posielali do plynu,"" píše Sulík na svojom Facebooku.",0
"Čo majú spoločné seriál 1890 a skutočnosť v Betliari: Diabol v tiesňave, radiátory a múmia v kaštieli!","Na prelome 19. a 20. storočia si šľachta užívala luxus ako ústredné kúrenie, elektrické poistky, vodovodné kohútiky so studenou i teplou vodou, splachovacie záchody a bidety či telefón.",0
Kauza Bašternák pokračuje: Podnikateľ podal sťažnosť voči obvineniu,"Fico v marci povedal, že si hľadá “definitívne bývanie”, pričom má vyhliadnutých niekoľko lokalít, pripomína portál. Ostatných šesť bytov použila firma na splatenie pôžičky za konečnú cenu 1,2 milióna eur Patrikovi Zimanovi na základe dohody o vysporiadaní záväzku. V kúpnej cene bola zahrnutá aj pôžička pôvodnému majiteľovi Viliamovi G. vo výške 1,2 milióna eur z roku 2011 od kupujúcej spoločnosti. obvinený, pretože v takom prípade sa bývanie v tomto byte stane neprijateľným.",0
Kauza Pavla Ruska: Právnik Volzovej o tlakoch v polícii,"Bývalý minister hospodárstva, a neskôr aj podpredseda vlády Pavol Rusko, si mal objednať vraždu Sylvie Volzovej ešte v roku 1997 u údajného mafiánskeho bossa banskobystrického podsvetia Mikuláša Černáka.",0
"Mala dohliadať na väzňov, zdrogovala sa: Leopoldská dozorkyňa skončila bez práce!","Mala dohliadať na väzňov, zdrogovala sa: Leopoldská dozorkyňa skončila bez práce! v spojitosti s odsúdenými, ktoré dehonestujú náročnú prácu väzenského personálu hľadaním pseudosenzácií bez akéhokoľvek vecného alebo racionálneho základu,"" zdôraznil Baláž.",0
"Slovensko sa navždy rozlúčilo s novinárom Jánom Kuciakom (†27): Zbohom, Janko","Prácu novinárov si treba vážiť, aj popri všetkých názorových rozdieloch. Sú práci telom i dušou oddaní a ochotní prinášať za ňu veľké obete.",0
"Kauza emailov zlomila krk Hillary aj riaditeľovi FBI: Inšpektor vydal správu, ktorá objasňuje prípad","Najkritickejšia časť správy hovorí o zisteniach, že niekoľko zamestnancov FBI, ktorí hrali významnú úlohu vo vyšetrovaní, posielalo politické odkazy, čím spochybnili svoju objektivitu. Úrad generálneho inšpektora predtým objavil textové správy podporujúce Clintonovú, ktoré si vymieňali spomínaní bývalí zamestnanci FBI.",0
Hrnko v debate s Krajniakom: Kandidatúru lídra SNS Andreja Danka na prezidenta nevylúčil,"Zároveň vyslovil, že verí, že ""vyšetrovatelia a prokurátori, ktorí sú v tomto zaangažovaní, robia všetko pre to, aby neurobili pochybenia, ktoré by ich titanskú prácu spochybnili"".",0
Výhra nezávislých nie je výhra. Východniarov hejtujú ako migrantov,"Niekde prekážajú pracovníci z mimo európskych krajín, niektorí kandidáti dokonca varujú pred migráciou, ktorá bola spájaná s utečeneckou krízou.",0
V Žilinskom kraji vyhlásilo mimoriadnu situáciu už 23 obcí,"Do zimnej údržby chodníkov je zapojená príspevková organizácia Záhradnícke a rekreačné služby mesta, nezisková organizácia Podnik medzitrhu práce – Šanca pre všetkých a Zbor väzenskej a justičnej stráže.",0
Polícia vyhlásila pátranie po Ľubomírovi (35) a Tomášovi (36) na FOTO: Obaja sú obvinení,"Ľubomír Chrenko je súčasne obvinený aj zo zločinu úverového podvodu v štádiu pokusu a zločinu nedovolenej výroby omamných a psychotropných látok, jedov alebo prekurzorov, ich držania a obchodovania s nimi.",0
"Bašternák sa opäť postaví pred súd, vytýčili termín odvolacieho konania",Sadzba za zločin neodvedenia dane a poistného je sedem až 12 rokov.,0
V súčasnosti v radoch polície slúži približne 400 psovodov,"Podľa jej slov základný kurz je určený pre psovoda začiatočníka s prideleným psom a je zameraný na získanie teoretických poznatkov a praktických skúseností psovoda so psom pre výkon služby v Policajnom zbore v disciplínach poslušnosti, obranných prác, pachových prác, špeciálnych prác a špeciálnych pachových prác. Výcvik je všestranne zameraný a až na malé výnimky (to sú šteniatka, ktoré idú na výcvik ku psovodom zaradeným na letiskách, kde má PZ SR psov výhradne vycvičených na špeciálne práce) sa podľa schopností a povahových vlastností mladého psa rozhodne o jeho ďalšej špecializácii, či bude pripravovaný na klasickú alebo špeciálu kynológiu,"" dodala Zlejšia.",0
Fico viní z možného kupovania poslancov vládu Ivety Radičovej: My sme to veľmi jasne kritizovali,"""Začali sme o nej hovoriť pred niekoľkými týždňami a výsledkom je novelizácia, ktorá stanovuje presnejšie podmienky ochrany zamestnanca v prípade, že pracuje v extrémnej horúčave alebo extrémnom chlade,"" priblížil Fico. Ide nám o to, aby zamestnanci, ktorí pracujú v horúčave, aby mali stanovené také podmienky, že je ľudsky možné pracovať 8 až 10 hodín v takýchto teplotách. Medzi opatrenia zamerané na zníženie nepriaznivého vplyvu záťaže teplom patrí zmena trvania času práce, posun začiatku pracovnej doby, poskytovanie prestávok, predĺženie prestávok na odpočinok a jedenie, pobyt v klimatizovaných priestoroch, striedanie zamestnancov, tienenie, ale aj vhodný pracovný odev. Týka sa to napríklad zamestnancov, ktorí musia pracovať počas letných horúčav, ktoré zasiahli v týchto dňoch Slovensko. Upozornil na novelizáciu vyhlášky Ministerstva zdravotníctva SR o podrobnostiach o ochrane zdravia pred záťažou teplom a chladom pri práci, ktorá začne platiť od 1. augusta tohto roka.",0
"Pavol Rusko: Threemu som si overil na vlastnej koži. Sú to výmysly, polopravdy a klamstvá","Na šéfa futbalu spoliehali Ruskovci
                
            
        
    

 
                            AKTUALIZOVANÉ
                         AKTUALIZOVANÉ ​Pred dnešným pojednávaním v kauze zmenky to novinárom pri príchode do bratislavského Justičného paláca povedal bývalý riaditeľ Markízy a exminister hospodárstva Pavol Rusko.",0
Odvolací súd zatiaľ nevytýčil termín konania v kauze Gemerský mlyn,Existoval podľa neho úmysel schváliť spornú dohodu za každú cenu.,0
"Zverejnili, o čom mal vypovedať Andruskó. Spomína Sakovú i Richtera","Andruskó podľa Markízy tvrdí, že za bezproblémové a rýchle vybavenie povolení údajne platil Gatial ""všimné v desiatkach eur na osobu"" buď vtedajšiemu štátnemu tajomníkovi ministerstva dopravy Viktorovi Stromčekovi, alebo ministrovi práce Jánovi Richterovi. Minister práce tvrdí, že Gatiala nepozná a nikdy sa s ním nestretol.",0
Opäť v problémoch: NAKA zadržala slovenskú extrémistku Sheilu,"Mladá žena sa mala v minulosti zúčastniť na výrobe obrazovo zvukového materiálu podnecujúceho k nenávisti a násiliu proti skupine obyvateľov pre ich náboženské, konkrétne islamské, vierovyznanie. Obvinenia voči nej boli vznesené aj zo zločinu výroby extrémistických materiálov v spolupáchateľstve, v súbehu s prečinom násilia proti skupine obyvateľov, prečinom hanobenia rasy a presvedčenia, ako i prečinom podnecovania k národnostnej, rasovej a etnickej nenávisti.",0
Penta reagovala na Haščákovo obvinenie a policajný zásah,Šéfa finančnej skupiny Penta Haščáka mal podľa medializovaných informácií obviniť policajný vyšetrovateľ z korupcie a legalizácie príjmu z trestnej činnosti.,0
Nešťastie na východe: Muža († 40) zavalil počas prerezávky jeden zo stromov,Vzhľadom na obdobie orezávania stromov a začiatok prác v záhradách polícia vyzýva občanov na opatrnosť.,0
Súdna psychológia a Majster kat – Kauza Cervanová – 31. časť,"Vy si myslíte, že súdruhovia nemajú čo na práci, než zatvárať nevinných? správe MV Kauza Cervanová, 5. časť – Výroba korunného svedka Kauza Cervanová, 6. časť – Diverzia Štátnej bezpečnosti Kauza Cervanová, 7. časť – Ukradnuté alibi Kauza Cervanová, 8. časť – Pod strechou „spravodlivosti“ Kauza Cervanová, 9. časť – Žaloba väzňa 15 896 Kauza Cervanová, 10. časť – Sudca Kliment a jeho „dôverníci“ Kauza Cervanová, 11. časť – Paranoidný schizofrenik v pazúroch ŠtB + doznania z cely Kauza Cervanová, 12.časť – Zmarené prípravné konanie Kauza Cervanová, 13. časť – Posolstvo Petra Tótha Kauza Cervanová, 14. časť – „Sudca“ Kliment a jeho klamstvá Kauza Cervanová, 15. časť – Majestát pravdy „sudcu“ Klimenta Kauza Cervanová, 16. časť – Kompiláty eštebáckej tvorivosti Kauza Cervanová, 17. časť – „Sudca“ Kliment, čo odpoveď to klamstvo Kauza Cervanová, 18. časť – Detektor lží, polygraf, veda a paveda Kauza Cervanová, 19. časť – Bezcharakterné, nehodné a podlé Kauza Cervanová, 20. časť – Generálny prokurátor Kliment?",0
Žilinka pozastavil funkciu prokurátorovi za alkohol v práci,"Generálny prokurátor SR Maroš Žilinka rozhodol vo štvrtok o dočasnom pozastavení funkcie prokurátora Okresnej prokuratúry v Prievidzi, ktorý bol v práci a v čase služby pod vplyvom alkoholu. Žilinka pozastavil funkciu prokurátorovi za alkohol v práci",0
I. Matovič: Na daňovo-odvodovej reforme sa stále pracuje,"""Medzitým sme počuli šumy o tom, že z ministerstva financií odídu ďalší dôležití ľudia, niektorí tam aj stáli za Igorom Matovičom, keď to predstavoval,"" podotkol Cmorej. Bratislava 28. mája (TASR) - Na avizovanej daňovo-odvodovej reforme Ministerstvo financií (MF) SR pod vedením vicepremiéra a ministra financií Igora Matoviča (OĽANO) medzičasom pracovalo, koaličný partner (SaS, pozn. TASR) predstavím návrh, len vôbec, vôbec, vôbec som nepredpokladal, že koaličný partner znova využije ako zámienku návrh novely zákona o štátnom rozpočte na to, aby vyvolal koaličnú krízu a posledných 17 dní sme riešili túto koaličnú krízu a túto novelu zákona o rozpočte,"" odpovedal minister na otázku, kedy bude reforma hotová. Zatiaľ je dohoda taká, že do 15. júna má minister práce, sociálnych vecí a rodiny Milan Krajniak (Sme rodina) zvolať stretnutie.",0
Zadržanie poslanca Krupu na hranici s Českom: Marian Kotleba reaguje,„Pre uzavretý priechod musia ľudia cestovať za prácou a rodinou okľukami aj 150 kilometrov.,0
Nezostal ticho! Šéf agrorezortu Vlčan nechápe kritický list Mičovského: Čo odkázal exministrovi?,"Jednotku som v záujme efektívnosti presunul do Bratislavy pod útvar kontroly a zamestnancom, ktorí pracovali na vysunutom pracovisku vo Zvolene, bolo aj za účasti odborárov ponúknuté, aby naďalej pracovali pre Ministerstvo pôdohospodárstva a rozvoja vidieka (MPRV) SR. Tí to odmietli,"" uviedol Vlčan pred stredajším rokovaním vlády.",0
Starý most by mohol byť rozobratý do dvoch týždňov,"Práce na bratislavskom Starom moste pokračujú. ""Ide všetko o prípravné práce na začatie rekonštrukcie kanalizácie a sietí uložených pod vozovkou,"" vysvetlil hovorca. Konzorcium troch firiem na čele s EUROVIA SK projekt zrealizuje za 58,8 milióna eur bez DPH, čo bola podľa mesta najnižšia ponúknutá cena. V najbližších dňoch bude zhotoviteľ demontovať aj oceľovú konštrukciu nad riekou Dunaj,"" priblížil práce na moste hovorca s tým, že momentálne sa dokončujú aj úpravy na súlodí, ktoré bude slúžiť ako dočasná montážna podpora a pod most by malo vyplávať 13. februára. V Starom Meste pokračujú práce na Štúrovej ulici, kde sa demontovalo trolejové vedenie električiek, pokračuje búranie podkladových vrstiev vozovky, demontáž koľajového zvršku a odstraňovanie spevnených plôch.",0
Bratislava ušetrila dva milióny eur. Chce ich dať na cesty,"Mesto sa podľa Andrassyho slov s dodávateľom prác, spoločnosťou A.R.K., dohodlo, že pri fakturácii prác vykonaných v tomto roku sa zohľadnia upravené výmery podľa nanovo prepočítaných údajov.",0
"Bratislava ukázala polícii 20 miest, kde môže vodičov pokutovať","Vymenúva aj ďalšie lokality, napríklad Dunajskú ulicu, Malý trh, Dvořákovo nábrežie, Košickú ulicu, Námestie SNP, Viedenskú cestu a priestor pod Mostom SNP, Námestie slobody, Mýtnu, Belehradskú, Karadžičovu, Páričkovu, Obchodnú, Šancovú, Klobučnícku ulicu i ulice pod Slavínom.",0
"Z tepla kolabovali desiatky ľudí, ochladenie neprichádza","Ako agentúru SITA informoval hovorca záchranárov Jozef Minár, najviac práce, konkrétne 18 výjazdov, mali v Prešovskom kraji.",0
"OBRAZOM: Ulice v ruinách. Rozbili nám Bratislavu, a to totálne","Podľa magistrátu je problém v tom, že sa začala ďalšia etapa opráv, ktoré nadväzujú na letné práce. Čítajte viac: Bratislava krokom - peši aj v aute Na zákazku v hodnote 1,1 milióna eur však nebol dostatok financií a tak mešká. „Vzhľadom na to, že DPB sa vyjadril, že nemá na opravu dostatok finančných prostriedkov, museli sme hľadať zdroje aj v rozpočte mesta, preto sa práce realizujú teraz, keď sú na ne financie,“ uvádza hovorkyňa magistrátu Ivana Skokanová.",1
"Pozrite sa, ako sa stavia Starý Most. Brehy Dunaja spojí už o pár dní","Dokončuje sa dláždenie chodníkov i práce na električkovom zvršku v úseku električkového triangla Štúrova a Jesenského. Pôvodne mali byť práce hotové do konca augusta, potom do konca októbra.",0
"Počasie, uzávierky i meškanie vlakov. Štát spustí vlastné ""Google maps""","Aplikácia do mobilu Ondrej Matej z Inštitútu pre dopravu a hospodárstvo si myslí, že ide o zbytočné míňanie peňazí, keďže nie každý vodič chce aplikáciu do mobilu. Autoškoly si kvôli nemu museli namontovať do áut a učební GPS jednotky, čo má na jednej strane zvýšiť kvalitu kurzov, na druhej strane kvôli tomu veľa škôl zdvihlo ceny vodičákov.",1
"V Bardejove opravovali chodníky: Keď si Miloš všimol, ako to robia, skoro ho vystrelo!","""Z doposiaľ obdŕžaných ohlasov k prebiehajúcim prácam sa stretáme iba s ojedinelou nespokojnosťou obyvateľov. Milošovi však na práci stavebnej firmy niečo od začiatku nehralo, tak to odfotil a poslal nám do redakcie. Otvoriť galériu Čitateľ bol prekvapený z Zdroj: Tip/Miloš Otvoriť galériu Ako Novický tvrdí, práce vykonávajú podľa ich dlhoročných skúseností. Viac ako 95 % miestnych obyvateľov zastáva k súčasným prácam pozitívny postoj, čo nás utvrdzuje v správnom rozhodovaní pri ich realizácii,"" hovorí Novický.",0
"Bratislavské Mlynské nivy začnú 2. mája rekonštruovať, ulicu nakoniec úplne nezavrú, no trolejbusy odklonia","Zúžené pruhy, trolejbusy odklonia HB Reavis má rekonštrukciu rozdelenú do viacerých fáz, zatiaľ prezrádza detaily z úvodných prác, ktoré by mali byť hotové do jesene tohto roka.",0
Centrum Bratislavy má novú zastávku MHD. Stála vyše stotisíc eur,"Električková doprava bola po polroku prác obnovená v decembri 2017, avšak bez zastávky.",0
Diaľničiari na tri týždne čiastočne uzavreli R1 v Banskej Bystrici,"""Stavebné práce budú realizované po poloviciach vozovky.",0
"Náhle poškodenie vozovky na diaľnici D1: Vodiči, pozor na obmedzenia!","""Doprava je vedená v strednom a ľavom jazdnom pruhu, lokálne len v ľavom jazdnom pruhu,"" dodáva Michalová s tým, že ukončenie prác sa predpokladá v podvečerných hodinách. Práce na oprave budú trvať do cca 13.00 h, následne sa bude opravovať 24. kilometer.",0
Na stavbe D1 pracuje zlomok ľudí. Hrozí niekoľkoročné omeškanie,"""Na stavbe tohto typu by malo pracovať 400 až 500 ľudí, v prípade potreby akcelerácie prác 600 až 800 ľudí. Dnes, 10. januára, na stavbe pracuje 50 pracovníkov, v stredu 9. januára to bolo 36 pracovníkov a v utorok 8. januára na stavbe pracovalo 31 ľudí,"" priblížila NDS, podľa ktorej zhotoviteľ realizuje práce na tuneli a križovatke Lietavská Lúčka, na iných stavebných objektoch sa však nepracuje. Sú pripravení využiť všetky pokuty NDS deklaruje, že už viac ako rok dostáva od jednotlivých subdodávateľov zhotoviteľa opakované upozornenia, že im zhotoviteľ neuhrádza platby za nimi vykonané práce na projekte, a preto existuje riziko zastavenia prác z ich strany. Zhotoviteľ úseku D1 Lietavská Lúčka – Višňové – Dubná skala je stále povinný pokračovať vo výstavbe diaľnice, nemá právo prerušiť práce a plne zodpovedá za jej dokončenie.",1
Fontáne v Bratislave starej skoro 450 rokov vrátili pôvodný vzhľad,Cena za práce sa mala pohybovať vo výške približne 180.000 eur. Všetky práce boli pod dozorom Krajského pamiatkového úradu Bratislava.,0
Nečakaný nález pod ihriskom v Tovarnom: Robotníkov razom vystriedali archeológovia!,"Otvoriť galériu Výkopové práce v okolí Zdroj: aot Otvoriť galériu „Na mieste sme našli aj murované kanalizačné stoky,“ doplnil archeológ.",0
"Most-Híd oslavuje 10 rokov, vo vzduchu visí jediná otázka: Prežijú bugárovci ďalšie voľby?","Bugárovi, ktorý pred voľbami v roku 2016 deklaroval, že so Smerom do vlády nevstúpi a počas minuloročnej marcovej krízy po vražde novinára Jána Kuciaka († 27) a jeho snúbenice podržal súčasnú koalíciu a odvrátil predčasné voľby, sa pomaly začína strácať pevná zem pod nohami.",0
Sedemdňový štrajk autodopravcov sa skončil: Hraničné priechody sú opäť prejazdné,"Minister financií Ladislav Kamenický už skôr navrhol pokles cestnej dane pre kamiónovú dopravu v priemere o 12,5 %. Premiér Peter Pellegrini (Smer-SD) po rokovaní viacerých členov vlády s autodopravcami v pondelok na ministerstve financií prisľúbil nižšiu daň z motorových vozidiel, aby bola porovnateľná s okolitými krajinami v rámci visegrádskej skupiny, ako aj zľavy zo sadzieb mýta. Rozsah zníženia cestnej dane predseda vlády neuviedol, pričom ministerstvo financií má pripraviť rôzne varianty.",1
Chorvátsko prijalo nové opatrenia: povinné rúška vo doprave a izolácia pre ľudí zo 4 krajín,„Vodiči a ďalší zamestnanci a pasažieri budú povinní použiť lekársku masku alebo ochranné rúško.,0
Rok 2021 bude pre cestovný ruch podľa hotelierov horší ako minulý,"""Za január a február mali ubytovacie zariadenia pokles tržieb cez eKasu o viac ako 90 % v porovnaní s februárom minulého roka. Harbuľák zároveň vyzval Ministerstvo hospodárstva (MH) SR, aby zmenilo parametre pri poskytovaní pomoci pri nájmoch tak, aby vyplatenie pomoci s nájmami nebolo podmienené súhlasom prenajímateľa. Na Ministerstvo dopravy a výstavby (MDV) SR sa chce AHRS obrátiť s tým, aby znížilo požiadavku poklesu tržieb na 30 %, prehodnotilo a zvýšilo výšku pomoci predovšetkým za obdobia lockdownu. Na ministerstvo dopravy a výstavby sa chce Asociácia hotelov a reštaurácií obrátiť s tým, aby znížilo požiadavku poklesu tržieb na 30 % a zvýšilo výšku pomoci najmä za obdobia lockdownu. Poukázal aj na dáta o tržbách cez eKasu. Prenocovania sú podľa Harbuľáka dôležitý ukazovateľ, pretože prenocovania turistov, ktorí trávia na Slovensku aspoň jednu noc, tvoria 70 % všetkých tržieb, a to nielen v ubytovaní a v iných službách cestovného ruchu a v nadväzujúcich odvetviach. Priblížil, že v porovnaní s rokom 2019 zaznamenali vlani pokles počtu prenocovaní o takmer 45 %, čo spôsobilo aj pokles tržieb v ubytovacích službách o viac ako 46 %. Upozornil na to vo štvrtok na brífingu generálny manažér Asociácie hotelov a reštaurácií Slovenska (AHRS) Marek Harbuľák. V prípade reštaurácií je tento pokles niečo cez 70 %,"" vyčíslil Harbuľák.",1
Vyčistíme trh od nepoctivých firiem,"Aké dosahy zavedenia zákona o trestnoprávnej zodpovednosti očakávate, napríklad v oblasti rastu alebo poklesu kriminality či príjmov štátneho rozpočtu? Očakávam, že nový zákon prispeje k prečisteniu trhu od nepoctivých firiem, ktoré kazia podnikateľské prostredie, na čo doplácajú Vyčistíme trh od nepoctivých firiem",1
Smer zmenil pravidlá. Predsedu Najvyššieho súdu budú voliť tajne,"Novou podmienkou na povolenie takejto práce má byť, aby sudca nebol disciplinárne stíhaný. Podmienkou má byť viac práce. Zmeny majú zamedziť zneužívaniu inštitútu práce z domu. práce v domácom prostredí.",0
Záchrana Smeru-SD bude stáť štvrť miliardy eur,"Zvyšovanie minimálnej mzdy, nižšie ceny energií, vianočné dôchodky či cestovanie zadarmo.",1
Smer je bezradný. Podľa KDH nezamestnanosť vyriešiť nevie,"Podľa jeho slov minister práce Ján Richter (Smer-SD) predložil na rokovanie parlamentu aj novelu zákona, ktorá mení organizáciu štátnej správy. ""Dôvodom má byť modernizácia a zvýšenie efektivity práce ústredia a úradov práce. ""Jedno z riešení je aj zavedenie práce na skrátený úväzok,"" načrtol Brocka. ""V júli 2014 takto ústredie práce ukrylo a nezaradilo do výpočtu miery nezamestnanosti 16.698 evidovaných nezamestnaných. Ak by sme ich však do výpočtu zahrnuli, miera nezamestnanosti sa zvýši na 13,29 % oproti aktuálnym 12,68 %,"" myslí si expert KDH pre sociálne veci Ján Kmeť. KDH je ďalej presvedčené, že aj vďaka zmene metodiky pri výpočte miery nezamestnanosti na Slovensku sa podarilo vláde prekryť zlé čísla o vývoji nezamestnanosti. Opozičná strana plánuje na októbrovú schôdzu parlamentu predložiť vlastné návrhy zákonov, ktoré majú pomôcť znížiť nezamestnanosť na Slovensku. Podľa KDH nezamestnanosť vyriešiť nevie Podľa opozičnej strany sa do oficiálnych štatistík nezapočítava časť evidovaných nezamestnaných, ktorí vykonávajú menšie obecné služby a dobrovoľnícku prácu. Zámer je pekný, ale jedinou zmenou, ktorú novela prináša, je zabetónovanie súčasných riaditeľov úradov práce v ich funkciách,"" myslí si Brocka.",1
Kiska prehovoril o šéfke najvyššieho súdu. Vymenuje ju hneď po návrate z USA,"Prezident dodal, že víta zmeny na čele justičných orgánov, teda víťazstvo Švecovej vo voľbách predsedníčky NS SR aj zvolenie Jany Bajánkovej za predsedníčku Súdnej rady SR. Obe podľa neho čaká veľa práce.",0
Nový minister pre HN: Lepším školám dáme viac peňazí,"Bude to množstvo mravčej práce. Už dnes je malý finančný koeficient, podľa ktorého idú financie na školy na základe úspechov žiakov, no je to len okrajové.",1
"Kiska chce viac peňazí. Ušetrite na lietaní, odkazuje mu poslanec Smeru Martvoň","Kancelária prezidenta SR by chcela na rok 2016 vyšší rozpočet o 438-tisíc eur, aby mohla vykonať niektoré rekonštrukčné práce na Prezidentskom paláci. O potrebe financií hovoril na dnešnom zasadnutí Ústavnoprávneho výboru NR SR vedúci Kancelárie prezidenta Štefan Rozkopál, ktorý sa vyjadroval k návrhu rozpočtu kancelárie na budúci rok. Za tieto peniaze by sa mala vymeniť dlažba na prednom a zadnom nádvorí Prezidentského paláca, vykonať sanácia vlhnutia vstupného vchodu, obnova vonkajšej fasády, reštaurátorské práce v interiéri, ako aj oprava v loveckom zámočku v Tatranskej Javorine.",1
"Parlament odklepol zvýšenie platov učiteľom, tí však požadovali viac","Prilepšenie im dnes schválili poslanci NR SR, ktorí 142 hlasmi odobrili novelu zákona o odmeňovaní niektorých zamestnancov pri výkone práce vo verejnom záujme. V súčasnosti sa totiž podľa jednej osobitnej stupnice odmeňujú spoločne vysokoškolskí učitelia, výskumní a vývojoví zamestnanci a zdravotnícki zamestnanci, ktorí nie sú odmeňovaní podľa osobitného predpisu. V časti regionálne školstvo sa vláda zaviazala, že vykoná legislatívne úpravy pre zvýšenie taríf pedagogických zamestnancov a odborných zamestnancov od 1. septembra 2016 v priemere o šesť percent.",1
"Postavia diaľnicu bez vyvlastnenia? Chceme ušetriť, vyhlásil Stromček","""Sme proti tomu, aby mal štát právo vstupovať na pozemok, ktorý nie je jeho, nie je vyvlastnený a aby na ňom robil akékoľvek stavebné práce,"" opísal Ivan. Ide o odstrániteľné práce a ich presný rozsah má určiť stavebný úrad. Napríklad najväčšou výčitkou bolo, že neexistovala žiadna kompenzácia pre majiteľa pozemku, ak na ňom štát robil práce pred ukončením vyvlastňovania. V SaS čakajú pozmeňujúce návrhy Ivanovi však v novele napríklad prekáža aj voľný výklad toho, aké práce môže štát na pozemku pred ukončením vyvlastňovania vykonávať. Štátny tajomník ministerstva dopravy Viktor Stromček verí, že rezort urobil všetky kroky pre to, aby novela zákona, ktorá umožní niektoré práce na pozemkoch pod diaľnicou pred ukončením vyvlastňovania, nebola v rozpore s ústavou.",0
Malé víťazstvo pre Trumpa: Snemovňa schválila financie na hraničný múr s Mexikom,"Financie majú hlavne zabezpečiť modernizáciu armády a veľkorysejšie programy pre starostlivosť o veteránov. Malé víťazstvo pre Trumpa: Snemovňa schválila financie na hraničný múr s Mexikom O peniazoch na jeho financovanie republikáni z taktických dôvodov nechceli hlasovať samostatne, a zaradili ich preto do všeobecnejšieho zákona o financiách pre Pentagon.",0
Francúzi schválili prísnejší zákon pre prisťahovalectvo: Takto chcú regulovať migráciu,"Vláda okrem nového zákona sľubuje aj ďalšiu pomoc schváleným utečencom, a to v otázke bývania, jazykových kurzov a hľadania zamestnania.",0
"Švajčiari rozhodnú o zmene finančného systému, aby banky nevytvárali krízy","Autori iniciatívy to chcú zmeniť nasledovne: komerčné banky budú môcť poskytovať úvery len stopercentne kryté obeživom. Keď banky poskytujú pôžičky, vytvárajú multiplikačným efektom v ekonomike v skutočnosti nové peniaze. Návrh by zakázal komerčným bankám „tvoriť“ peniaze tým, ako poskytujú úvery firmám a spotrebiteľom. Návrh má slabú podporu Návrh stojí za zmienku a zamyslenie, ale je nepravdepodobné, že Predplaťte si TREND za najvýhodnejšiu cenu už od 1 € / týždeň Plný prístup k prémiovým článkom a archívu Prémiový prístup na weby Mediálne, TRENDreality a ENJOY Menej reklamy na TREND.sk Máte už predplatné? Účelom je zamedziť bankárom, aby ohrozovali ekonomiku a úspory občanov úverovaním a vytváraním finančných bublín. Švajčiari rozhodnú o zmene finančného systému, aby banky nevytvárali krízy",0
"Finančná správa sa bude reformovať, na zvýšenie platov pôjdu milióny eur","Hovorili vtedy o lepšie platených zamestnancoch, vyššej elektronizácii, ale aj o vyššom počte kontrol. Ministerstvo financií predložilo do pripomienkového konania úplne nový zákon o finančnej správe, ktorý zjednocuje kompetencie orgánov finančnej správy z viacerých doterajších zákonov. Naznačili vtedy, že zamestnanci finančnej správy by sa mali odstrihnúť od klasických tabuľkových platov vo verejnej správe. Návrh vychádza z programového vyhlásenia vlády a zmeny ešte koncom minulého roka avizoval aj minister financií Peter Kažimír spolu so šéfom finančnej správy Františkom Imreczem. Okrem zvýšenia platov však majú pracovníci finančnej správy počítať aj so zvýšenými nárokmi na ich prácu. Ozbrojený pracovník finančnej správy V súvislosti so zjednotením doteraz samostatných skupín pracovníkov finančnej správy, teda colníkov a ostatných štátnych zamestnancov finančnej správy, bude slovenská legislatíva obohatená aj o novú kategóriu s názvom príslušník finančnej správy. Platy vo vynovenej finančnej správe majú vychádzať z platových tried štátnych zamestnancov v roku 2018, avšak navýšené majú byť v priemere o 10 percent.",1
"Podnikanie v taxislužbách sa zmení, poslanci schválili novelu",Návrh reaguje na nové trendy Zároveň návrh zákona reaguje aj na nové trendy v oblasti ekonomiky spoločného využívania a podporuje využívanie digitálnych platforiem pri podnikaní v oblasti prepravy osôb. Okrem toho budú môcť v rámci svojich jednotlivých kompetencií vykonávať kontroly Slovenská obchodná inšpekcia či inšpektorát práce.,0
Postup ako si založiť s.r.o. v roku 2019,"K návrhu sa musia doložiť všetky dokumenty – zakladateľskú listinu, súhlas vlastníka nehnuteľnosti, súhlas správcu vkladu o splatení, zaplatené nedoplatky na dani a poistení, podpisový vzor konateľa a živnostenské oprávnenie.",0
Sony zachraňuje Xperiu – reorganizuje a bude prepúšťať,"Najnovším krokom bude reorganizácia a prepúšťanie. Niektorí zamestnanci dostali ponuku na prestup do iných divízií. Personálne zmeny sa týkajú výhradne japonských zamestnancov. Preorganizovaním divízií sa majú znížiť náklady, čo so sebou prinesie tiež prepúšťanie.",0
Komisárka pre deti evidovala vlani 1566 podnetov,Zamestnanci úradu prešetrovali 844 podnetov.,0
Rezort práce má byť koordinátorom politík na ochranu detí pred násilím,"Bratislava 20. júna (TASR) - Ministerstvo práce, sociálnych vecí a rodiny (MPSVR) SR má byť hlavným koordinátorom štátnej politiky v oblasti ochrany detí pred násilím. Počíta s tým vládny návrh zákona o orgánoch štátnej správy v oblasti sociálnych vecí, rodiny a služieb zamestnanosti, ktorý vo štvrtok posunul parlament do druhého čítania. Rezort práce má byť koordinátorom politík na ochranu detí pred násilím Rezort práce prostredníctvom Národného koordinačného strediska pre riešenie problematiky násilia na deťoch usmerňuje a metodicky riadi koordináciu ochrany detí pred násilím.",0
"MS prichádza s novým projektom, ide o digitalizáciu súdnictva","""Ministerstvo spravodlivosti získa systematický monitoring o práci všetkých 63 súdov a 1200 sudcoch. Digitalizácia výrazne uľahčí prácu 3300 pracovníkom súdov, zavedie benchmarking a, čo je pre nás ako Úrad podpredsedu vlády pre investície a informatizáciu SR okrem iného dôležité, mnohé údaje z nového informačného systému budú dostupné vo forme otvorených dát,"" doplnil Kmeť. Projekt má automatizovať získavanie dát nevyhnutných na prácu sudcov, štandardizovať dokumentáciu či zaviesť sledovanie kvality súdov postavené na reálnych dátach. Ďalej má zaviesť manažment kvality na súdy a uľahčiť prácu sudcom či pracovníkom súdov.",1
Rómski aktivisti založili platformu: Chcú navrhnúť riešenia pre rómske komunity,"""Keďže všetci dobre vieme, že presadzovanie zmien zákona nejde bez politického vplyvu, budeme rokovať aj s politickými stranami, ktoré budú mať vo svojom programe riešenie rómskej situácie a príjmu naše pripomienky a návrhy zmien,"" dodal aktivista. Venovať sa chce oblastiam zamestanosti, bývania, vzdelávania, zdravotníctva a zlepšenia sociálneho statusu Rómov.",1
R. Sulík by chcel dostať do plánu obnovy odvodový bonus,"Bratislava 16. septembra (TASR) – Plán obnovy z dielne ministerstva financií by mala v najbližších dňoch prediskutovať odborná komisia, ktorá bude triediť jednotlivé návrhy na reformu Slovenska v najbližších rokoch. Minister hospodárstva Richard Sulík (SaS) by chcel dostať do konečného znenia tohto dokumentu najmä odvodový bonus. Za ministerstvo hospodárstva sa budú v komisii, ktorá jednotlivé návrhy posúdi, zúčastňovať štátny tajomník rezortu Ján Oravec a ministrova poradkyňa Jana Kiššová.",1
Vláda schválila dotačný zákon pre kultúru. Záujem o pomoc budú zisťovať dotazníkom,"Vláda schválila návrh nového dotačného zákona, ktorý umožní ministerstvu kultúry poskytnúť priame dotácie pre ľudí, čo prišli o príjmy alebo stále nemôžu pracovať z dôvodu protipandemických opatrení.",1
Šeliga chce upratať i meniť. Parlament by sa mal priblížiť ľuďom,"""Máme rozpracovaný nejaký materiál tak, aby sme parlamentu pomohli vrátiť aj kultúrnosť v tom najširšom slova zmysle,"" uviedol s tým, že v budúcom roku sa zrejme kódex príjme.",0
Komisárka podporuje zmenu v školskom zákone: Deti so zdravotným postihnutím nepotrebujú zvádzať boj v týchto oblastiach,Nie je to náplň práce učiteľa ani asistenta učiteľa.,0
"V Sociálnej poisťovni potrebujeme prejsť na elektronický systém vyplácania dávok, tvrdí Krajniak","""Preto vždy postupujeme po častiach,"" dodal minister s tým, že druhou základnou zmenou v rámci IT je informačný systém sociálnych služieb, ktorý rezort spúšťa v spolupráci s úradmi práce. Na otázku, či by sa elektronická komunikácia nedala zaviesť aj na úradoch práce, aby sa ľudia nemuseli hlásiť do evidencie osobne, minister odpovedal, že sa informatizácia zavádza postupne. V roku 2022 by chcel minister práce, sociálnych vecí a rodiny Milan Krajniak zefektívniť niektoré procesy napríklad v Sociálnej poisťovni (SP), ale aj na ministerstve. Vyjadril však spokojnosť s tým, ako jeho podriadené inštitúcie – napríklad SP, úrady práce, inšpektoráty práce – fungovali v roku 2021.",0
Rezort spravodlivosti pripravuje skúšky pre špeciálnych správcov,"TASR o tom informoval Peter Bubla z tlačového oddelenia Ministerstva spravodlivosti (MS) SR. ""Po novom budú náročné konkurzné či reštrukturalizačné konania riešiť špeciálni správcovia, ktorí majú nielen odborné právne a ekonomické vedomosti, znalosti v oblasti finančného trhu, ale aj jazykové schopnosti a dobrú reputáciu,"" priblížil Bubla.",0
Pomoc v boji proti inflácii prerokuje parlament v zrýchlenom režime,"Daňový bonus na dieťa Zvýšením sumy daňového bonusu na dieťa sa má daňovníkom, ktorí sú rodičmi vyživovaných detí a dosahujú zdaniteľné príjmy zo závislej činnosti alebo z podnikania a samostatnej zárobkovej činnosti, zabezpečiť vyšší čistý disponibilný príjem. Pomoc v boji proti inflácii prerokuje parlament v zrýchlenom režime Pomoc v boji proti inflácii prerokuje plénum Národnej rady v tzv.",1
Fico berie sankcie s „chladnou hlavou“,Tie rozhodne nie sú v prospech slovenskej ekonomiky a určite nijakým spôsobom nepomôžu ani Ukrajine.,1
O Uber na Slovensku sa už zaujíma aj Brusel,"Pre EK nie je služba Uber len jednou z medializovaných poskytovateľov, ale je súčasťou rozvíjajúceho sa fenoménu zdieľanej ekonomiky. Preto komisia pristúpi k hľadaniu spôsobov, ako využiť nové inovatívne služby plynúce z dočasného využívania motorových vozidiel alebo nehnuteľností. Služba vo viacerých krajinách čelila odporu zo strany taxislužieb, ktoré ho obviňovali z podliezania cien a poukazovali na to, že nepodlieha regulácii týkajúcej sa klasických taxislužieb. Zdieľaná ekonomika má podľa EK potenciál vytvárať nové pracovné miesta a podporovať hospodársky rast.",1
Prvá diskusia víťazov volieb bude na HNtelevízii a v Rádiu Expres,"Vydavateľstvo pôsobí na slovenskom trhu od roku 1992. „V spolupráci s najpočúvanejším rádiom sme našli synergie, ktoré umožnia priniesť počas marcových volieb najlepšie volebné spravodajstvo na slovenskom internete.“ MAFRA Slovakia vydáva Hospodárske noviny, ženský mesačník Evita a odborné tituly Stratégie, Zdravotnícke noviny, Fit život, Diabetik, RUN, Obchod a Horeca, prevádzkuje ekonomické a finančné portály Hnonline.sk, AAAdopyt.sk a organizuje podujatia pre odbornú verejnosť.",0
Schopný advokát sa uchytí aj v Európe,"Na trhu je množstvo malých kancelárií, ktoré absolventom nie sú schopné ponúknuť lepšie podmienky, hovorí Ján Gajan, ktorý bude spíkrom na HN konferencii Trendy v HR 2017. Ich mzda pozostáva z fixn Koncipientov odrádzajú nízke platy či pretlak advokátov na trhu. Potom vstúpia na trh práce a ako advokátski či notárski koncipienti dostanú niekoľko stovák eur.",1
Stretnutie ministrov obrany,"Ministri na bratislavskom stretnutí riešili tiež Akčný plán o európskej obrane, ktorého cieľom je posilnenie obranného priemyslu.",1
"Záborská otvorene: Budeme si musieť vybrať, akú budúcnosť chceme pre Európu","Európania by sa podľa Verhofstadta mali zamerať na to, aby robili veci spoločne a oveľa efektívnejšie, čo platí najmä pri riešení migračnej krízy, posilnení vnútorného trhu, digitálneho trhu, energetickej únie a pri budovaní spoločnej európskej bezpečnosti. Patrí sem predovšetkým ochrana vonkajších hraníc, obrana a bezpečnosť, ale napríklad aj o spoločný trh, kvalita ovzdušia, alebo inovácie a vesmírny výskum.",1
Agnieszka Holland: Pohybujeme sa v meštiackych medziach,Ste predsedkyňou Správnej rady Európskej filmovej akadémie každoročne udeľujúcej ceny obdobné americkým Oscarom.,0
"Vysokopostavený Slovák v Bruseli po vražde Kuciaka († 27): Mali sme sa zamyslieť, kým sme šli voliť","Dodal, že takéto otázky by si mal položiť každý občan SR - či sme čítali dostatočne volebné programy strán, kým sme išli voliť, či sme dostatočne reagovali, keď niekto častoval žurnalistov hlúpymi nadávkami a či sme si novinárov dostatočne vážili za ich náročnú a zodpovednú prácu. Na pietnej spomienke sa zúčastnili mnohí zamestnanci inštitúcií Európskej únie a Slováci žijúci v Belgicku.",0
"Pellegriniho prvý summit v Bruseli: Lídri riešili témy, ktoré mu boli blízke","Jedným z hlavných bodov diskusie bolo v Bruseli budúce zdaňovanie veľkých globálnych digitálnych firiem, ktoré síce sídlia niekde úplne mimo Európskej únie, no zisky tvoria práve v členských krajinách.",1
Prezidentka: Ľudia sú čoraz citlivejší na otázky životného prostredia,Prezidentka tiež ocenila prácu ľudí zo Správy Národného parku Malá Fatra a poďakovala sa im.,0
L. Parízek: Krajiny sa musia v boji proti terorizmu spájať,"""Medzinárodný obchod, internetový priestor a vývoj technológií prechádzajú dramatickou transformáciou, pričom sa politizujú viditeľnejšie než kedykoľvek predtým.",0
Odoberajte podcast Diár na každý deň,"Koaličný Smer-SD do parlamentu predložil novelu zákona o minimálnej mzde, ktorou chce určiť vzorec, na základe ktorého by sa minimálna mzda každoročne zvyšovala. Na vybrané zdravé potraviny by mala DPH klesnúť na 10 %. Plénum bude hlasovať aj novele o potravinách z dielne SNS. V dôsledku spomalenia rastu slovenskej ekonomiky vláda avizovala prijatie viacerých opatrení. Vývoj na trhu práce (Bratislava) Personálna agentúra Manpower Group dnes zverejní najnovší odhad vývoja na trhu práce na nasledujúci kvartál.",1
VIDEO A PODCAST Diár na každý deň,Ako zodpovedne obstarávať (Bratislava) Implementačná agentúra rezortu práce organizuje odbornú konferenciu zameranú na spoločensky zodpovedné verejné obstarávanie. Peniaze majú slúžiť najmä na znižovanie nezamestnanosti.,1
Google spustil očakávanú novinku: Známe tatranské chaty si obhliadnete už aj z pohodlia domova,"V mapách sú dostupné aj informácie, hodnotenia a recenzie pre 200 miliónov firiem, reštaurácií a kaviarní po celom svete.",0
Szijjártó: Maďarsko vytvorí s Bangladéšom vzájomne výhodnú spoluprácu,"Budapešť/Dháka 10. septembra (TASR) – Maďarsko chce s Bangladéšom zriadiť vzájomne výhodnú spoluprácu, v rámci ktorej by boli vytvorené podmienky na vstup maďarských podnikov na trh tejto juhoázijskej krajiny. Szijjártó podčiarkol, že pre maďarské podniky je dôležité, aby sa mohli objaviť aj na takomto zhruba 170-miliónovom trhu, pre Bangladéš je zasa dôležité získať technologický vývoj, ktorý dokážu maďarské podniky zabezpečiť.",0
M. Beňová: Ženy v EÚ musia za svoju rovnoprávnosť aj naďalej bojovať,"""Negatívnym príkladom v tomto ohľade je aj situácia na Slovensku, kde vecne zodpovedný minister práce účelovo vymazáva slovo 'rod' - a peniaze na rodovú rovnosť vďaka rozhodnutiam jeho ministerstva dostávajú organizácie, ktoré sa tejto problematike vôbec nevenujú,"" pripomenula Beňová. ""Či už ide o zdravotné sestry; pokladníčky v obchodoch; opatrovateľky detí, seniorov alebo hendikepovaných spoluobčanov, ale aj mnohé iné povolania; zvládnutie súčasnej situácie by bez nich jednoducho nebolo možné,"" opísala situáciu Beňová. Za vypuklý problém však považuje najmä pretrvávajúce rozdiely v odmeňovaní žien a mužov, kde ani zďaleka neplatí pravidlo rovnakej pláce za tú istú prácu.",0
Výbory Európskeho parlamentu odsúhlasili návrh na dohodu o budúcich vzťahoch EÚ s Britániou,"Neprehliadnite Britom prudko padol vývoz do Európskej únie. Odchod zo spoločného trhu na výhru nevyzerá Vyjednávači EÚ a Spojeného kráľovstva sa dohodli na podmienkach dohody o obchode a spolupráci 24. decembra 2020. Výbory Európskeho parlamentu (EP) pre zahraničné veci a medzinárodný obchod vo štvrtok poobede odsúhlasili politickú dohodu, ktorá stanovuje pravidlá budúcich vzťahov medzi EÚ a Spojeným kráľovstvom.",0
Solar Turbines chystá v Košiciach vytvorenie technologického centra,"Na investíciu by spoločnosť mohla dostať štátnu investičnú pomoc v celkovej výške viac ako 3,3 milióna eur, z toho vo forme úľavy na dani z príjmov v maximálnej hodnote 682.000 eur a vo forme príspevku na vytvorené nové pracovné miesta v maximálnej hodnote necelých 2,7 milióna eur. Postupne tak vytvorila novú divíziu, ktorá ponúka plynové turbíny využiteľné pre rôzne priemyselné odvetvia a uviedla ich na trh pod záštitou skupiny Solar Turbines. Skupina Caterpillar sa neustále rozrastala, inovovala svoje výrobky a taktiež uvádzala na trh nové moderné stroje. Skupina Solar Turbines sa zameriava na výrobu stredne veľkých priemyselných plynových turbín s výkonom od jedného do 23 megawattov. Skupina je popredným poskytovateľom energetických riešení a jej výrobky hrajú dôležitú úlohu v rozvoji projektov na ťažbu ropy, plynu a dodávku energií na celom svete. Vyplýva to z materiálu, ktorý do medzirezortného pripomienkového konania posunulo Ministerstvo hospodárstva (MH) SR. Firma by v Košiciach mala vyvíjať nové softvérové riešenia pre plynové turbíny či aktualizovať existujúci softvér na ovládanie a diagnostiku plynových turbín.",1
"Rada Európy vyzvala na zriadenie trestného súdu, ktorý bude riešiť následky ruskej agresie",Ďalšie dôležité správy Neprehliadnite Európska únia pripravuje takzvané múdre sankcie na dovoz ruskej ropy,0
Na veľtrh Kariéra EXPO v Košiciach prišlo cez 60 zamestnávateľov,"""Je skvelé vidieť, že trh práce sa po pandémii prebudil, o čom svedčí aj rastúci počet pracovných ponúk. A to je našou hlavnou motiváciou, prečo sme sa rozhodli podporiť slovenskú ekonomiku, zamestnávateľov a ľudí, ktorí by si chceli nájsť novú prácu,"" uviedol Peter Libuša, generálny riaditeľ spoločnosti Kariéra.sk. Na podujatí ponúkajú stovky pracovných príležitostí zamestnávatelia z viacerých segmentov naprieč administratívou, bankovníctvom, cestovným ruchom, IT, marketingom, obchodom či výrobou. Podujatie je určené pre ľudí, ktorí si hľadajú prácu alebo sa zaujímajú o nové príležitosti.",1
Na naše morské dno sa chystá expedícia. Kvôli nerastnému bohatstvu,"Envirorezort informuje, že kontrakt bude „pravdepodobne predĺžený, nakoľko naplánované prieskumné práce sú v sklze“. Pripomína, že v EÚ je veľký deficit vlastných zdrojov nerastných surovín a ich zabezpečenie je pre chod a rozvoj európskeho hospodárstva strategický cieľ. Slovensko by v tom prípade malo mať šestinový podiel na zisku, ktorý zodpovedá jeho podielu z morského dna.",1
"Európa nie je predurčená na superštát, tvrdí SNS","""Odmietame zovzájomnenie dlhov krajín, ako aj bezbrehú solidaritu s tými, ktorí si síce neplnia podmienky dané Bruselom, ale žijú pri niekoľkonásobne vyšších príjmoch než naši občania,"" pripomenul krízu eura Danko.",0
Standard & Poor´s nám zlepšila výhľad,"Len pred tromi mesiacmi vláda Roberta Fica Fica ohlásila, že Slovensko bude vyradené z procedúry nadmerného deficitu.",1
"Revolúcii by sme povedali nie, tvrdí tretina Slovákov","„A to od pochybnej privatizácie, cez rozkrádanie štátneho majetku, nárast kriminality v 90. rokoch až po vysokú nezamestnanosť,“ dodal.",0
"Najväčšie udalosti v novom roku, ktoré zmenia Slovákom život","HN vám prinášajú päť najočakávanejších vecí v slovenskej ekonomike v roku 2015: 2,5 _x000D_
	percenta by mal dosiahnuť rast ekonomiky v tomto roku podľa prognózy spoločnosti Erste Group. 0,6_x000D_
	percenta je očakávaný rast zamestnanosti. 1,2_x000D_
	percenta je odhad inflácie na tento rok. Mzdy budú rásť najmä vo verejnom sektore. Podľa Národnej banky Slovenska tak pracujúcich bude pribúdať o niečo pomalšie ako vlani, keď bol odhadovaný rast zamestnanosti takmer dvojnásobný. Podľa odborníkov by sa to malo prejaviť najmä v priemysle. Slovenskému hospodárstvu by sa teda malo dariť lepšie ako vlani, keď ekonomika narástla o 2,2 percenta. Slováci by teda po výplate mali mať viac v peňaženkách aj po zohľadnení rastu cien. V praxi by tak mali firmy viac investovať a na trhu by mali vznikať aj nové pracovné príležitosti. Vlani totiž ceny nerástli vôbec. Vyššie ceny by mali prispieť aj k hospodárskemu rastu.",1
Na Luníku IX postavia nové byty. Za vyše pol milióna eur,„Cieľom projektu je zlepšenie úrovne bývania marginalizovanej komunity a posilnenie občianskej vybavenosti regeneráciou sídla Luník IX výstavbou trojpodlažného nájomného bytového domu za účelom zabezpečenia bývania v bežnom štandarde.,0
Polovičné zľavy na vlaky pocíti asi 11 percent cestujúcich,"Vláda vychádza z toho, že zľavy pre pracujúcich povedú k ďalšiemu zvýšeniu počtu ľudí, ktorí cestujú vlakmi za prácou.",0
Kúzelníci v nemocnici. Nakŕmia vás za dve eurá denne,Uvariť z potravín v hodnote dvoch eur celodennú stravu pre pacientov vyžaduje schopnosti hodné kúzelníka.,0
Lajčák v Budapešti: Budeme profitovať zo vzťahov s Maďarskom,"Ohľadne ukrajinskej krízy zdôraznili, že musí byť riešená mierovou cestou, pričom zdôraznili, že by všetky strany mali dodržiavať Minskú dohodu.",0
Tatry majú záchrancu. A nie sú to Rusi,"Z celkového počtu prepravených cestujúcich bolo 80 % turistov smerujúcich na Slovensko a v 20 % išlo o obchodných cestujúcich a pasažierov, ktorí smerovali do Rigy a severnej Európy za prácou.",0
Svet rozoberá rusínsku autonómiu na Slovensku,"Ako Duleba dodáva, autonómne oblasti ani nedisponujú nástrojmi dohodnúť si s Bruselom iné podmienky v zahraničnom obchode.",0
Vodiči pozor. Štát rekordne dvíha pokuty,Podľa riaditeľa inštitútu pre dopravu a hospodárstvo Ondreja Mateja však zvýšenie sadzieb pri pokutách s ohľadom na zníženie nehodovosti význam nemá.,1
Kiska: Niekoľko tisíc utečencov neohrozí bezpečnosť Slovenska,"""Som presvedčený, že našu krajinu nemôže ohroziť prijatie ľudí, ktorí by predstavovali niekoľko stotín percent našej populácie,"" podčiarkol v dnešnom vyhlásení k utečeneckej kríze. Podľa neho ochota prijať niekoľko sto utečencov nevyrieši všetky problémy spojené s aktuálnou migračnou vlnou, ani neodvráti humanitárnu krízu v krajinách ich pôvodu. Súhlasí s tvrdením, že riešením utečeneckej krízy v Európe je odstránenie príčin masovej migrácie v ich domovských krajinách.",0
"Vojenská elita Slovenska, ktorú uznáva celý svet. Pozrite si ich v nasadení",Kvôli stúpajúcim rizikám najmä vzhľadom k migračnej kríze a teroristickej hrozbe bude pluk rozšírený.,0
Slovensko už prišlo pre odlev mozgov o niekoľko miliónov,No kým nekvalifikovaná pracovná sila našej ekonomike z dlhodobého hľadiska až tak nechýb,0
Jedna z najlepších sezón. Krásy našich veľhôr objavujú aj protinožci,"""Nárast počas letnej sezóny zaznamenali ubytovacie zariadenia, popradský akvapark, prevádzkovatelia lanoviek, vysokohorských chát, reštaurácií či poskytovatelia služieb. Niektoré vybrané termíny ubytovatelia dokonca hodnotili z hľadiska obsadenosti lepšie ako top sezónu počas Vianoc a Silvestra, keď v niektorých termínoch by ste ubytovanie u nich už nezohnali,"" potvrdila výkonná riaditeľka OOCR Región Vysoké Tatry Andrea Žigová.",1
Kam prispieva Európska únia,"41 percent rozpočtu išlo v minulom roku na inovačné poľnohospodárstvo, zabezpečenie dodávok potravín a tiež zaopatrenie ich bezpečnosti. Na túto oblasť slúži takzvaný kohézny fond, ktorý pomáha menej rozvinutým častiam členských štátov zapojiť sa do trhu, rozvíjať pracovné miesta v danej oblasti a prispievať tak k rastu hrubého domáceho produktu. V minulom roku dostali v rozpočte EÚ priestor viaceré programy, napríklad program pre výskum a investície Horizont 2020, iniciatíva na podporu zamestnanosti mladých ľudí alebo program pre malé a stredné podniky COSME. Využívajú sa na platy zamestnancov, dôchodky, preklady a tlmočenie, bezpečnosť, budovy a tak ďalej.",1
Slováci si kupujú viac elektromobilov,"Ak poviem, že o päť rokov bude predaj elektromobilov tvoriť 1,5 až 2 percentá, som až priveľký optimista,“ myslí si viceprezident Zväzu automobilového priemyslu Jaroslav Holeček. Chceme podporiť ľudí, ktorí uvažujú o kúpe elektromobilu alebo hybridného mobilu a snažíme sa ich motivovať,“ povedal minister hospodárstva Peter Žiga v utorok na diskusnom fóre Hospodárskych novín HNClube. Trh sa prakticky zdvojnásobuje každý rok,“ hodnotí Jaroslav Sýkora, manažér strategického rozvoja Slovenskej asociácie pre elektromobilitu. Ceny nepotravinových tovarov sa v marci zvýšili o 2,3 % po 2,2-% náraste vo februári. Ceny potravín v marci medziročne padli o 4,4 % po 4,3-% znížení v predchádzajúcom mesiaci. Ceny výrobcov v Číne v marci medziročne vzrástli o 7,6 %, pričom ekonómovia očakávali zvýšenie o 7,5 %. Ekonómovia však počítali so zrýchlením inflácie až na 1 %. Hlavným dôvodom relatívne nízkej inflácie je pokles cien potravín. Index spotrebiteľských cien v marci medziročne stúpol o 0,9 % po 0,8-% zvýšení vo februári, uviedol čínsky štatistický úrad. V medzimesačnom porovnaní čínske spotrebiteľské ceny v marci klesli o 0,3 % po 0,2-% znížení vo februári. Vo februári ceny výrobcov stúpli o 7,8 %. Čínska inflácia sa v marci mierne zrýchlila na 0,9 % Čínska inflácia sa v marci mierne zrýchlila.",1
"Typický Kotlebov volič je mladý robotník so stálym platom, nie chudobný týraný Rómami","Analýza nepreukázala, že by existovala súvislosť medzi podielom voličov kotlebovcov a nezamestnanosťou v obci a ani medzi podielom Rómov v nej. Nepreukázal sa ani mýtus o tom, že kotlebovci dokázali voličov nalákať vďaka poctivej práci s voličmi v ich obciach, keďže úspech strany v jednotlivých obciach nezávisel vo zvýšenej miere od toho, či ju kotlebovci pred poslednými voľbami navštívili. Prečítajte si Smer utečeneckou témou oslabil aj vlastné bašty a prihral hlasy SNS a Kotlebovi (mapy) Smer utečeneckou témou oslabil aj vlastné bašty a prihral hlasy SNS a Kotlebovi (mapy) Typický Kotlebov priaznivec je teda najčastejšie kvalifikovaný manuálny pracovník, ktorý má len málokedy minimálny príjem. Zisťovali tak vzťah medzi počtom voličov kotlebovcov a podielom Rómov v obci, kde žijú, nezamestnanosťou v nej a s predvolebnými aktivitami ĽSNS v obci.",0
Aj vy radi nakupujete online?,"Ako ukázala nová Hodnotiaca tabuľka spotrebiteľských podmienok 2017, čoraz viac spotrebiteľov EÚ nakupuje cez internet a ich dôvera v elektronický obchod sa dramaticky zvýšila, najmä pokiaľ ide o internetové obchody z iných krajín EÚ.",0
Podmienkou investičnej pomoci už nebudú nové pracovné miesta vo výrobe,"""Dôvodom predloženia návrhu zákona je úprava existujúcich a nastavenie nových pravidiel v oblasti poskytovania investičnej pomoci v nadväznosti na európsku legislatívu upravujúcu poskytovanie štátnej pomoci, ako aj na potreby usmerňovania toku investícií do menej rozvinutých regiónov Slovenska s prihliadnutím na meniace sa potreby investorov,"" zdôvodnil rezort hospodárstva. ""K zásadným zmenám patrí vypustenie požiadavky tvorby pracovných miest v priemyselnej výrobe. ""Návrh zákona ďalej prináša sprísnenie hodnotenia investičných zámerov, sprehľadnenie podmienok poskytnutia investičnej pomoci, sprísnenie podmienok ich plnenia a presné definovanie krokov orgánov štátnej správy v prípade zistenia ich porušenia,"" upozornilo ministerstvo hospodárstva. ""Vytvára väčší priestor pre znižovanie regionálnych rozdielov v SR. Nová legislatívna úprava bude zároveň adresnejšie zameraná na podporu investícií týkajúcich sa progresívnych technológií a činností s vysokou pridanou hodnotou,"" doplnilo ministerstvo hospodárstva. Podmienkou investičnej pomoci investorom na Slovensku už nebude tvorba pracovných miest vo výrobe. Podmienkou investičnej pomoci už nebudú nové pracovné miesta vo výrobe V oblasti technologických centier a centier podnikových služieb nahradila podmienku zamestnania podielu vysokoškolsky vzdelaných ľudí podmienka vyplácania vyšších ako priemerných miezd v danom okrese. Vyplýva to z návrhu zákona o regionálnej investičnej pomoci z dielne Ministerstva hospodárstva (MH) SR, ktorým sa bude 8. Vyplýva to z návrhu zákona o regionálnej investičnej pomoci z dielne Ministerstva hospodárstva (MH) SR, ktorým sa bude 8. novembra zoberať vládny kabinet. Výraznou zmenou je taktiež modifikácia podmienky realizovania investičného zámeru na jednom mieste,"" priblížil v predkladacej správe k zákonu slovenský rezort hospodárstva. Z tohto dôvodu súčasné znenie zákona neumožňuje dostatočne reagovať na nové potreby hospodárstva SR, ako ani na nové potreby potenciálnych aj etablovaných investorov. Za toto obdobie prešla slovenská a globálna ekonomika výrazným vývojom. Priaznivý vývoj predpokladá veľká časť Fínov aj v oblasti nezamestnanosti. Približne 48 % spotrebiteľov počíta v budúcich 12 mesiacoch s poklesom miery nezamestnanosti. Vývoj ekonomiky v nasledujúcich mesiacoch vidí takmer polovica Fínov pozitívne, na druhej strane, čo sa týka ich finančnej situácie, počítajú so zhoršením.",1
"""Rok 2017 bol nepríjemným rokom pravdy."" Kiska sa prihovoril k Slovákom","A hoci aj v tomto období Slovensko zaznamenalo určitý pokrok, cenou zaň bolo hrubé obmedzovanie slobody a ľudskej dôstojnosti. Ani uprednostňovanie extrémnych riešení tam, kde chýba vôľa na poctivú prácu. Každý z nás môže prispieť k lepšiemu Slovensku — v škole, v nemocnici, v práci, v kostole, na úrade, na ulici. Počet ľudí bez práce je rekordne nízky, hospo-dárstvo krajiny slušne rastie. Vám, ktorí sa aj dnes v práci staráte o naše zdravie, našu bezpečnosť a sviatočnú pohodu.",0
"Začal sa samozber najchutnejšieho jarného ovocia: Jahody dozreli, kde sú najlacnejšie?",Ceny sú také isté ako vlani. Otvoriť galériu Porovnanie cien.,1
Mrzutá prax v osadách. Ľudia iné hovoria a iné napokon robia,Prihláste saAko mnohé iné európske štáty aj Slovensko zasiahla demografická kríza.,0
"Víkendová kuriozita: VIDEO V Bratislave jazdil Mikuláš, od polície dostal zákaz, TOTO dal deťom","Bratislavčania si zas spríjemnili sobotu prechádzkami po Landererovom parku na Šafárikovom námestí v bratislavskom Starom Meste, ktorý po troch rokoch prác sprístupnili verejnosti.",0
INESS: Slovensko čaká kvôli osobitnému odvodu ďalšie zdražovanie,"2019 16:20 Odvod z obratu potravinových obchodných reťazcov sa prejavil na januárovom zvýšení cien približne podielom 0,1 percentuálneho bodu, čo je v porovnaní s ročnou spotrebou domácností nárast o sumu 50 miliónov eur. Desiatky miliónov eur sú tak nateraz len bežnými príjmami rozpočtu,“ dodal analytik. Ministerstvo pôdohospodárstva plánuje výnos tohto odvodu, ktorý by mal byť podľa odhadov 107 miliónov eur, využiť aj na podporu domácich výrobcov potravín. Nakoľko dva najväčšie reťazce pre posunutý finančný rok odvod zatiaľ neplatia, dá sa po marci očakávať ďalšie zvyšovanie cien, informoval v pondelok Inštitút ekonomických a sociálnych analýz (INESS). Nešťastná formulácia dopadu odvodu reťazcov v komentári Ministerstva financií SR priviedla väčšinu slovenských médií k záveru, že odvod dopad na ceny nemal, alebo bol len minimálny. Podľa viacerých analytikov ide o ďalšiu daň, ktorá zvýši ceny potravín. V skutočnosti sa odvod v cenách potravín prejavil prakticky v plnej sile,“ uviedol analytik INESS Martin Vlachynský. „V piatok sa zjavili výsledky inflácie v SR za január 2019.",1
Kovács: Záujem Maďarov o turistickú návštevu SR dramaticky narastá,"""Neočakávame, že by teraz hotely rapídne znižovali ceny o túto DPH, ale konečne sa im vytvorí priestor na to, aby im zostala nejaká rezerva na ďalší rozvoj, na budovanie infraštruktúry, doplnkových služieb, aby aj tí zamestnanci boli lepšie zaplatení, a tým to určite prispeje k skvalitneniu poskytovaných služieb,"" dodal.",1
"Ťapákovci na dedine, pani Rafiková v meste? Ako sa žije v dvoch svetoch","Rodina je posvätná, pôda má svoju cenu a náboženstvo je dôležitou súčasťou života.",0
Slováci podľa prieskumu ostávajú verní svojim osvedčeným spoločnostiam,"Dodávateľa plynu alebo elektriny či poskytovateľa nebankovej pôžičky za uplynulých 24 mesiacoch menil len jeden z desiatich. Dodávateľa plynu alebo elektriny či poskytovateľa nebankovej pôžičky za uplynulých 24 mesiacoch menil len jeden z desiatich. Jednoducho, keď si urýchlene potrebujú požičať peniaze, napríklad na kúpu auta, rekonštrukciu bytu či nový televízor, chcú to mať vybavené čím skôr,"" približuje výsledky prieskumu analytik trhu Jaroslav Ondrušek zo spoločnosti Home Credit. Kľúčovým faktorom, prečo Slováci ostávajú verní tej istej firme, je podľa ich vyjadrení výhodná cena produktu, ktorý im poskytuje. U predajcov plynu zase najviac opýtaných spomínalo nepríjemné správanie sa úradníkov.",0
"Európska únia dala Slovensku najmä bezpečnosť a mier, tvrdí Beňová","""Naše tovary a služby vyvážajú podnikatelia až v 90 percentách práve do štátov Únie,"" skonštatovala Beňová, ktorá za výhody považuje jednotný trh, možnosť voľného pohybu osôb a pracovných síl. Poukázal na fakt, že tesne pred vstupom a krátko po vstupe reálne mzdy na Slovensku rástli rýchlo. V nedeľnej diskusnej relácii televízie TA3 V politike to uviedla europoslankyňa za stranu Smer-SD Monika Beňová, ktorá z ostatných výhod vyzdvihla možnosti mladých ľudí študovať v zahraničí, či ekonomický prospech pre národné hospodárstvo. V porovnaní s rokom 1993 si človek s priemernou mzdou mohol v roku 2018 kúpiť takmer dvakrát viac tovaru alebo služieb, konkretizoval poslanec s tým, že napriek zaostávaniu v niektorých oblastiach a nepriaznivým trendom, treba vstup Slovenska do EÚ hodnotiť pozitívne.",0
NBS: Priemerná cena bytov na Slovensku sa zvýšila,"""Aj medzi štvrťrokmi bol v tomto kraji aktuálne zaznamenaný pokles priemernej ceny bývania pri väčšine typov nehnuteľností okrem cien 3-izbových bytov a rodinných víl,"" dodáva NBS. ""Preto aj v nasledujúcich štvrťrokoch možno očakávať ďalší rast priemernej ceny bývania,"" uzatvára NBS. ""V 2. štvrťroku 2019 sa celková dostupnosť bývania vzhľadom na doterajšiu históriu mierne zlepšila v polovici slovenských krajov. ""V porovnaní s predchádzajúcim štvrťrokom vzrástla priemerná cena rodinných domov o 1,4 % a na medziročnej báze o 3,5 %,“ konštatuje NBS. Aktuálne sa rast cien bytov medzi štvrťrokmi spomalil na 0,6 %, kým rast cien domov mierne zrýchlil na 2 %. Aktuálne zhoršenie dostupnosti bývania sa týka Trenčianskeho kraja, Trnavského kraja, Prešovského kraja a Banskobystrického kraja. Bratislava 6. augusta (TASR) - Priemerná cena bytov na Slovensku sa v 2. štvrťroku 2019 zvýšila o 20 eur za meter štvorcový (m2) na 1849 eur/m2. Informuje o tom Národná banka Slovenska (NBS) v komentári k realitnému trhu. Medzi štvrťrokmi najviac vzrástla priemerná cena bývania v Trenčianskom kraji o 5,9 % a najmenej v Bratislavskom kraji o 0,9 %. Mierne zlepšenie dostupnosti bývania z uvedeného pohľadu zaznamenali v Nitrianskom kraji, Košickom a Bratislavskom kraji. NBS: Priemerná cena bytov na Slovensku sa zvýšila Na druhej strane došlo k miernemu poklesu priemernej ceny 1-izbových bytov o 0,5 % a 4-izbových bytov o 0,9 %. Na medziročnej báze najviac vzrástla priemerná cena bývania v Trenčianskom kraji o vyše 24 % a najmenej v Bratislavskom kraji o 4,6 %. Priemerná cena domov vzrástla o 17 eur/m2 na 1205 eur/m2, pri rastúcej priemernej cene štandardných rodinných domov aj priemernej cene priestranných rodinných víl. Trend prehlbovania sa medziročného poklesu priemernej ceny bývania v Košickom kraji je výsledkom spomaľovania rastu cien bytov a prehlbovania poklesu priemernej ceny domov. Trh s bývaním je na Slovensku aj napriek určitým signálom o jeho miernom ochladení v polovici roka 2019 stále pomerne aktívny. V Bratislavskom kraji bolo zaznamenané spomalenie rastu priemernej ceny bývania medzi štvrťrokmi aj na medziročnej báze, k čomu väčšou mierou prispel vývoj cien bytov ako domov. V Košickom kraji a v Nitrianskom kraji priemerná cena bývania oproti predchádzajúcemu štvrťroku poklesla o 1,8 % respektíve o 2,9 %. V Košickom kraji sa v polovici roku 2019 prehĺbil medziročný pokles priemernej ceny bývania o 4 percentuálne body na 5,8 %. V nasledujúcich štvrťrokoch možno očakávať pretrvávanie dopytu po bývaní, ktorý sa nebude dariť naplno uspokojiť najmä v dôsledku obmedzenej ponuky cenovo dostupných bytov. V porovnaní s predchádzajúcim štvrťrokom sa najviac zvýšila priemerná ponuková cena 3-izbových bytov o 3,4 %. V súčasnosti je najhoršia dostupnosť bývania v bytoch podľa nej v Žilinskom kraji a Prešovskom kraji. Z regionálneho pohľadu bol v 2. štvrťroku 2019 v porovnaní s predchádzajúcim štvrťrokom pre väčšinu krajov charakteristický spomalený rast až pokles priemernej ceny bývania okrem Trnavského a Banskobystrického kraja. Zastavilo sa dosť dynamické zhoršovanie dostupnosti bývania z predchádzajúcich štvrťrokov v Nitrianskom kraji, ale stále je tam dostupnosť bývania vo väzbe na doterajšiu históriu v rámci slovenských krajov najhoršia,"" priblížila situáciu na trhu NBS.",1
Cieľom SlovakAid v roku 2020 je i podpora väčšej viditeľnosti aktivít,"Ministerstvo financií (MF) SR zameria bilaterálnu rozvojovú spoluprácu v roku 2020 na zdieľanie skúseností a znalostí z riadenia verejných financií a podporu podnikateľov pri prenikaní na rozvojové trhy. Amsterdam 25. marca (TASR) - Holandská ekonomika pokračovala v poslednom štvrťroku minulého roka v stabilnom raste. Ekonomika Holandska pokračovala vo 4. kvartáli v stabilnom raste Na medziročnej báze vzrástla ekonomika o 1,6 %. Ten poukazoval na medziročný rast ekonomiky o 1,5 %.",0
Nejasný osud dlhodobej starostlivosti na Slovensku. Agenda sa mení pomaly a spoločnosť starne rýchlo,"Demografické zmeny výrazne zasahujú aj trh práce, nakoľko na základe grafov vidíme, že starne aj populácia zdravotníckeho a ošetrovateľského personálu, ktorý dlhodobú starostlivosť poskytuje. Financie by teda boli viazané priamo na klienta, ktorý by sa sám rozhodol, v ktorom zariadení chce byť ošetrený. Inštitút zamestnanosti dôrazne odporúča popularizovať tému dlhodobej starostlivosti naprieč spoločnosťou, nakoľko nejde o „politicky populárnu“ tému, no pokiaľ sa chceme vyhnúť skokovému zvyšovaniu daní či odvodov v budúcnosti, musíme prijať opatrenia už dnes. Inštitút zamestnanosti pri tejto problematike dôrazne odporúča zjednotiť agendu či čerpanie financií samotným klientom pre väčšiu flexibilitu a prehľadnosť samotného systému. Je taktiež veľmi potrebné otvoriť otázku miezd pracovníkov vykonávajúcich opatrovateľskú, ošetrovateľskú alebo inú prácu súvisiacu s dlhodobou starostlivosťou. Legislatíva týkajúca sa dlhodobej starostlivosti je diverzifikovaná medzi dve ministerstvá, a to Ministerstvo zdravotníctva Slovenskej republiky a Ministerstvo práce, sociálnych vecí a rodiny Slovenskej republiky. Nakoľko sú tieto profesie dlhodobo finančne poddimenzované, veľa opatrovateľov/opatrovateliek či ošetrovateľov/ošetrovateliek odchádza za prácou do zahraničia a na Slovensku tieto kapacity chýbajú. Tento článok je súčasťou projektu Politiky zamestnanosti realizovaného Inštitútom zamestnanosti. To isté, žiaľ, môžeme konštatovať aj o objeme financií, ktoré na dlhodobú starostlivosť idú.",1
"Podvýživa, stres či málo podnetov. Ako život v chudobe škodí deťom na Slovensku","S ohľadom na príjmovú chudobu sú najohrozenejšou vekovou skupinou deti vo veku do 18 rokov – každé piate dieťa žije v domácnosti s príjmom pod hranicou chudoby, vyplýva z údajov za rok 2018.",0
20 najlepších zliav tohto týždňa s priemernou výškou vyše 62%,"Aj tento týždeň sme produkty zoradili podľa ceny, od najnižšej. Ceny sú platné k 22.6.2020 a 15:00 hod. Opäť upozorňujeme, aby ste si dávali pozor na ceny. Pred každou kúpou preto odporúčame si reálnosť ceny skontrolovať na heureka.sk, alebo pricemania.sk, najväčších slovenských porovnávačoch cien. Tie síce neobsahujú všetky e-shopy Slovenska, no pre predstavu reálnosti cien sú výborné. Upozorňujeme, že dostupnosť produktov a ich ceny sú platné k dnešku, 22. júnu 2020 k 15:00 hod. V top dvadsiatke nájdete nie len LED žiarovky či drobnosti a doplnky k smartfónom a počítačom, ale aj smart zariadenia do domácnosti či televízory za tie najlepšie ceny.",0
"Slovenský priemysel má svoje dno za sebou ,očakávania však boli vyššie","Ako dodal Koršňák, priemyselná výroba v máji oproti aprílu vzrástla o takmer pätinu. Ako dodala Sadovská, Slovensko je proexportne orientovaná krajina, takže aj pri priemysle bude svoju rolu zohrávať dopyt zo zahraničia. Ako ukázali dáta Štatistického úradu (ŠÚ) SR, v máji sa prepadla priemyselná produkcia medziročne o 33,5 %. Ako špecifikoval Koršňák, v júni by sa mohlo zotavovanie priemyslu ešte zintenzívniť, keďže práve na konci mája a začiatkom júna došlo k výraznejšiemu uvoľňovaniu opatrení. Na druhej strane si však myslí, že úroveň priemyslu spred pandémie v blízkom čase tento sektor nedosiahne a návrat na predkrízové úrovne nebude ani zďaleka okamžitý. Priemyselná výroba sa ešte ani zďaleka nepriblížila k úrovniam spred pandémie nového koronavírusu, preto je zatiaľ na ružové okuliare priskoro. Slovenský priemysel má svoje dno za sebou ,očakávania však boli vyššie Slovenský priemysel má svoje dno za sebou, očakávania v súvislosti s májovými štatistikami však boli vyššie. „Aj najbližšie mesiace by teda slovenský priemysel mal vykazovať stále prevažne dvojciferné dynamiky medziročného poklesu produkcie, pričom úrovne spred krízy by mohol dosiahnuť najskôr až v druhej polovici budúceho roka, respektíve v úvode roka 2022,“ predpokladá Koršňák. „Hoci naďalej ide o pomerne výrazné prepady, oproti aprílu prišlo k určitému polepšeniu, a to v dôsledku uvoľnenia opatrení u nás i v iných ekonomikách počas mája,“ myslí si Sadovská. „Inak povedané, v súvislosti s produkciou v priemysle nás musí zaujímať aj situácia a boj s pandémiou nielen u nás, ale i (a predovšetkým) vo svete – u našich najväčších obchodných partnerov,“ uzavrela Sadovská. „Napriek významnej májovej korekcii rekordne nízkej aprílovej produkcie a zmierneniu medziročného poklesu priemyslu májové čísla predsa len mierne zaostali za našimi pôvodnými očakávaniami (-27,5%),“ vysvetlil Koršňák s tým, že síce sa produkcia automobilového priemyslu v porovnaní s aprílom takmer zdvojnásobila, tento sektor bol však stále zodpovedný za takmer polovicu medziročného prepadu slovenského priemyslu.",1
"Oslávenec Buffett: Na 90-ku opäť nakupoval, tentoraz v Japonsku","Berkshire tvrdí, že má v úmysle držať investície dlhodobo a že môže zvýšiť svoj podiel v ktorejkoľvek spoločnosti až na maximum 9,9 %, v závislosti od ceny. Ide o spoločnosti Itochu Corp., Marubeni Corp., Mitsubishi Corp., Mitsui & Co. a Sumitomo Corp. Na základe piatkových zatváracích cien by 5 % podiel v každej z nich predstavoval zhruba 6,25 miliárd dolárov. Japonské obchodné spoločnosti sú konglomeráty, ktoré dovážajú všetko od energie a kovov po potraviny a textil do Japonska, kde je zdrojov nedostatok. Nerád príliš riskuje a nerobí dlhy, ale ani jemu sa nevyhla recesia. Obchodné spoločnosti prispeli k rastu japonskej ekonomiky a prispeli ku globalizácii tamojšieho podnikania. Po rozšírení svojej stopy v zahraničí sa však stali zraniteľnejšími voči globálnym problémom, ako je finančná kríza spred desiatich rokov. Podľa agentúry Reuters je Buffett zrejme najobdivovanejším investorom sveta, jeho názory hýbu finančnými trhmi.",0
Nálada v ekonomike eurozóny sa tento mesiac nezmenila,"Brusel 29. októbra (TASR) - Nálada v ekonomike eurozóny sa tento mesiac nezmenila. Nálada v ekonomike eurozóny sa tento mesiac nezmenila Optimizmus v priemysle pritom tento mesiac stúpol na -9,6 z -11,4 bodu a prekonal odhady na úrovni -11 bodov. Prispelo k tomu zvýšenie dôvery vo výrobe aj v stavebníctve.",1
Barometer 48: Odklad splátok bankových úverov sa v decembri skončí. Mal by sa predĺžiť?,"2020 11:02 Takmer 65 vybraných osobností slovenskej ekonomiky hlasovalo elektronicky medzi štvrtkom 26.11.2020 a pondelkom 30.11.2020 Barometer 48: Odklad splátok bankových úverov sa v decembri skončí. Chýba mi systémová práca pri prekonávaní následkov opatrení. Dušan Ďurík, advokát, Škubla & Partneri Mnohí malí a strední podnikatelia určite potrebujú v tejto neštandardnej kríze pomoc, aby prežili; ak by išlo o „štandardnú“ (cyklickú) krízu, platilo by, že je dobré, ak sa trh prečistí. Filip Vítek, data science director, Teamviewer Banky mali dostatok času zamyslieť sa, čo bude potom, ako sa skončí vládne zmrazenie úverov. Hlavná úloha riešenia je teraz na štáte (keď kríza pominie, mal by sa opäť stiahnuť do úzadia), aby riadil krízové opatrenia strategicky racionálne a pragmaticky, so zreteľom na dlhodobý vývoj. Ivan Hronec, CEO, Film Europe Media Company Úver je individuálna vec. Juraj Heger, riaditeľ, Vydavateľstvo Slovart, a.s. Je veľa sektorov a veľa úverov a veľa konkrétnych situácií, ktoré vedia banky vyhodnotiť lepšie než vláda alebo nejaké paušálne rozhodnutia. Kto je solventný úver splácať teraz, nech ho spláca v štandardnej dobe, pretože odklad splátok je iba dočasná pomoc, ale veriteľov skôr či neskôr dobehne. Mali by sa predlžiť nielen odklady splátok úveru, ale tiež odložiť alebo úplne odpustiť odvody. Odklad splátok bankových úverov sa v decembri skončí. Peter Dostál, generálny riaditeľ a predseda predstavenstva, Aliter Technologies, a.s., Bratislava Pomoc pre tých, ktorí sú postihnutí krízou, je nutná, ale mala by byť cielená. Peter Halász, konateľ, Jaga Group Nie, pre biznis bánk má skončiť odklad splácania úverov . Tomáš Lysina, partner, Lysina-Roško & Partners Treba myslieť na viacero faktorov, a to je fakt, že odklad splátok môže znamenať aj novú úrokovú sadzbu, čiže vyššiu cenu úveru a predĺženú dobu splácania. Určite je veľa firiem, ktoré majú preto problém s likviditou a v prípade, že majú úver tak jeho odklad môže byť pre nich existenčný. Vladimír Dvorový, generálny riaditeľ, ProCare a Svet zdravia Kríza nezasahuje rovnomerne všetky segmenty. Žiaľ, nie všetky segmenty budú po kríze opäť životaschopné bez zásadných zmien.",1
ÚV: Zamestnanci v štátnej správe dostanú jednorazovú odmenu,"""Tarifné platy pre štátnych zamestnancov a zamestnancov vo verejnej službe sa v roku 2021 vo forme valorizácie síce zvyšovať nebudú, avšak ako kompenzácia bola z iniciatívy predsedu vlády SR Igora Matoviča (OĽANO) schválená jednorazová odmena,"" vysvetlil vedúci Úradu vlády Július Jakab. Bratislava 10. decembra (TASR) - Zamestnanci v štátnej a verejnej službe si polepšia, budúci rok dostanú jednorazovú odmenu a platené voľno navyše. Informoval o tom vo štvrtok Úrad vlády SR po 4. kole kolektívneho vyjednávania ku Kolektívnej zmluve vyššieho stupňa pre zamestnávateľov, ktorí pri odmeňovaní postupujú podľa zákona o odmeňovaní niektorých zamestnancov pri výkone práce vo verejnom záujme na rok 2021 a Kolektívnej zmluve vyššieho stupňa v štátnej službe na rok 2021. Ministerstvo financií SR na sociálnej sieti zdôraznilo, že prvýkrát v dejinách Slovenska sa budú v roku 2021 platy politických reprezentantov nie zmrazovať, ale dokonca znižovať. Po 4. kole rokovaní splnomocnení zástupcovia zamestnávateľov štátu, Združenia miest a obcí Slovenska a samosprávnych krajov, ako aj splnomocnení zástupcovia Konfederácie odborových zväzov SR (KOZ) SR za zamestnancov dospeli k dohode. Tá bude zamestnancom vyplatená v decembri vo výplate za november 2021 vo výške 100 eur. V časoch krízy má byť vláda príkladom,"" vyčíslil a vysvetlil štátny tajomník MF SR Marcel Klimek. Zároveň Ministerstvo financií (MF) SR na sociálnej sieti zdôraznilo, že prvýkrát v dejinách Slovenska sa budú v roku 2021 platy politických reprezentantov nie zmrazovať, ale dokonca znižovať. ÚV: Zamestnanci v štátnej správe dostanú jednorazovú odmenu",1
Tichá tragédia slovenského trhu práce,"Aby sme však videli skutočnú tragédiu na trhu práce, nemusíme sa pozerať len na hypotetické scenáre. Aj napriek tomu, že celková miera nezamestnanosti rastie len pomaly, v niektorých okresoch nám vypukli lokálne pandémie nezamestnanosti. Ministerstvo práce tak už dlhšie rozháňa dav varujúcich analytikov slovami: „Žiadna tragédia sa nekoná, môžete ísť domov.“ V skutočnosti sa však tragédia odohráva, len je sčasti zamaskovaná a sčasti sa deje pod ministerským radarom. Máme tu teda masy ľudí, ktorí sú síce zamestnaní, ale bez práce. Nezamestnanosť. Stačí, aby ministerstvo práce vystúpilo z lietadla a nepozeralo sa na Slovensko z vtáčej perspektívy. Tichá tragédia slovenského trhu práce To, v akom stave je trh práce naozaj, zistíme, až keď prístroje odpojíme a ukáže sa, či podnikatelia dokážu udržať pracovné miesta aj bez dotácií. V súvislosti s rastúcou nezamestnanosťou sa u nás odohráva tragédia, ktorá je sčasti zamaskovaná a sčasti sa deje pod ministerským radarom. Zamaskovaná je preto, lebo slovenský trh práce stále dýcha pomocou ventilátorov vo forme dotácií na udržanie desaťtisícov pracovných miest.",1
Čaputová si pripomenula druhé výročie svojej inaugurácie: Silné slová prezidentky,Jej druhý rok vo funkcii ovplyvnila podľa jej slov najmä pandémia nového koronavírusu a politická kríza.,0
Slováci sa zľakli. Pandémia ich prinútila viac sporiť,"6:00 Zisk z uloženia peňazí v banke je dvakrát nižší než priemerný rast cien. Mať odložený minimálne jeden ročný príjem experti odporúčajú rodinám s deťmi. Nižšia, desaťpercentná, sa účtuje na vybrané druhy potravín a vyššia, dvadsaťpercentná, na všetko ostatné. Predplaťte si TREND za najvýhodnejšiu cenu už od 1 € / týždeň Plný prístup k prémiovým článkom a archívu Prémiový prístup na weby Mediálne, TRENDreality a ENJOY Menej reklamy na TREND.sk Máte už predplatné? V slovenskej ekonomike sú aktuálne dve sadzby DPH. Z pohľadu príjmov štátneho rozpočtu ide o významnú spotrebnú daň, ktorá do Štátnej po-kladnice minulý rok priniesla 6,81 miliardy eur.",0
Svetový deň strážcov prírody vyzdvihuje ich prácu i obetu,"Svetový deň strážcov prírody vyzdvihuje ich prácu i obetu Vedúci Odboru strážnej služby ŠOP SR a zároveň prezident Asociácie strážcov chránených území Slovenska (ASCHÚS) Dan Harťanský zdôraznil, že hoci je práca strážcov prírody v spoločnosti nedocenená, má „nesmierny význam pre celé ľudstvo, lebo bez prírody človek nevie a nemôže žiť“.",0
Výpadok daňových príjmov za rok 2020 bol 42 miliónov eur,"Bratislava 29. septembra (TASR) – Výpadok daňových príjmov bol v minulom roku namiesto očakávaných dvoch miliárd eur iba na úrovni 42 miliónov eur. Najväčší pokles v daňovo-odvodových príjmoch evidujú analytici v odvetviach najviac zasiahnutých pandémiou, ako sú gastro, hotelierstvo a oblasť umenia. Naopak, silnejšie zotavovanie trhu práce v ďalších rokoch zvyšuje očakávané príjmy. Silnejší rast DPH reflektuje rast efektívnej daňovej sadzby nad rámec výnosu, ktorý bol predpokladaný na základe makroekonomických veličín. V budúcom roku IFP očakáva rast daňových príjmov až o sedem percent, najmä vďaka dočerpaniu fondov EÚ z končiaceho programového obdobia a vďaka Plánu obnovy a odolnosti SR. „Stabilný vývoj daní zo spotreby a trhu práce za rok 2020 dopĺňa aj daň z korporátnych ziskov s minimálnym medziročným poklesom po zapracovaní takmer všetkých daňových priznaní za rok 2020,“ uviedol IPF. V tomto roku by daňové príjmy mali rásť napriek spomaleniu ekonomiky vplyvom tretej vlny pandémie o päť percent. Výnos dane z príjmov fyzických osôb, sociálnych a zdravotných odvodov sa vyvíjal v súlade s júnovou prognózou. Výpadok daňových príjmov za rok 2020 bol 42 miliónov eur Vývoj na trhu práce v druhom kvartáli 2021 nepriniesol výraznejšie prekvapenia. Z pohľadu veľkosti firiem najväčší prepad dane zaznamenali malé firmy s tržbami do 100.000 eur. Základom pre pôvodné negatívne očakávania bol približne sedempercentný pokles daňovo-odvodových príjmov počas krízy 2009.",1
Packeta získala druhé miesto v ankete,"Dôležitou úlohou bolo pre nás zabezpečiť rovnaké podmienky pre všetkých zamestnancov Packety. Je to odrazom toho, že sú u nás zamestnanci spokojní a že nás považujú za stabilného a dôveryhodného zamestnávateľa. Od zjednocovania zmlúv, miezd, benefitov, dochádzkového systému až po interný HR systém,“ konštatuje Petra Matejíčková.",0
Rast spotrebiteľských cien v Číne sa v marci zrýchlil,"Ceny nepotravinových výrobkov sa však zvýšili o 2,2 %. Ceny potravín v Číne v marci klesli o 1,5 %, pričom ceny bravčového sa oproti minulému roku prepadli o 41,4 %. Jadrová inflácia, ktorá nezahŕňa nestále ceny energií a potravín, zostala v marci stabilná na úrovni 1,1 %. Neistota, ktorú spôsobila vojna na Ukrajine, pravdepodobne udrží globálne ceny komodít v blízkej budúcnosti zvýšené, upozornili ekonómovia. Peking 11. apríla (TASR) - Rast spotrebiteľských cien v Číne sa v marci zrýchlil viac, ako ekonómovia očakávali. Podľa štatistík sa index spotrebiteľských cien v Číne v marci 2022 zvýšil o 1,5 % po náraste o 0,9 % v predchádzajúcom mesiaci. Rast spotrebiteľských cien v Číne sa v marci zrýchlil Spotrebiteľské ceny v Číne tak môžu ďalej rásť, aj keď vzhľadom na slabý dopyt je nepravdepodobné, že tento rok prekročí cieľ vlády na úrovni 3 %. Zároveň sa tempo zvyšovania výrobných cien zmiernilo. Štatistický úrad v separátnej správe tiež informoval, že tempo rastu výrobných cien v Číne sa v marci znížilo na 8,3 % z 8,8 % vo februári.",0
Zamestnancom zdvihla inflácia od septembra stravné. Viac do výdavkov na stravu si môžu dať aj živnostníci,"Ministerstvo práce sumy stravného upravuje na základe údajov Štatistického úradu SR o indexe cien jedál a nealkoholických nápojov v reštauračnom stravovaní. Na pracovnej ceste, ktorá trvá od 5 do 12 hodín, patrí zamestnancovi príspevok 6,40 eura. Rastúca inflácia od septembra opäť zdvihla stravné počas pracovnej cesty zamestnanca. Zamestnancom zdvihla inflácia od septembra stravné. Zvyšujú sa vtedy, ak ceny porástli najmenej o 5 %.",1
Ftáčnik chce ostať primátorom Bratislavy,"""Za ostatné tri roky sa podarilo otočiť trend mesta od zadlžovania k ozdravovaniu financií a naštartovaniu najväčších dopravných projektov za posledné roky.",0
SDKÚ má lídra pre eurovoľby. Štefanca,"Historicky pôjde o tretie eurovoľby na území SR. V posledných, v roku 2009, dosiahla SDKÚ-DS volebný zisk 16,98 percenta (140.426 hlasov) a obsadila dva mandáty v europarlamente.",0
Do boja o voliča môžu zasiahnuť televízne debaty,"„Akými sú napríklad presvedčivá práca s hlasom, s jeho moduláciou a intenzitou,“ priblížila.",0
"Päťka pre Smer a najlepší Sulík. Pozrite sa, ako sa strany pripravujú na eurovoľby","Dozvieme sa, že strana sa zameria na „Realizáciu vedomostne sociálneho trhového hospodárstva“, či „Analýzu doterajších  skúseností nášho pôsobenia v EÚ, praktickú podobu jej kohéznej politiky a politiky sociálnej a regionálnej súdržnosti.“ Čo to znamená v praxi netušia asi ani autori programu. Viaceré návrhy (zníženie DPH na potraviny, investície na južnom  Slovensku) patria do domácej agendy, nie európskej. Z celoeurópskych tém je spomenuté ešte dokončenie digitálneho trhu, podpora členstva nových krajín, trhové a investičné partnerstvo s USA a zachovanie vodných zdrojov pod  kontrolou štátu. Z nich sa v podstate dozviete len to, že „SNS sa chce v  Europarlamente pokúsiť dosiahnuť reformovanie jej európskych inštitúcií,  zladenie sociálnych systémov, zavedenie priemernej ceny prác e, zastavenie  zmeny volebného systému, posilniť právomoci členských štátov – najmä tých  menších.“ Z konkrétnych vecí sa dá vidieť kritický postoj k zmene volebného  systému, odmietanie jednotnej azylovej politiky a zovzájomnenia dlhov krajín.",0
"Matovič má ďalšie obvinenia na Procházku: Neexistuje detektor, ktorým by prešiel","Líder OĽaNO pripomenul, že ministerstvu financií priznal Procházka 128 000 eur.",0
Andrej Kiska bude stáť viac než Ivan Gašparovič,"Pre školy sú pridrahé Práve vysoká cena Kiskových portrétov však už teraz odrádza viaceré školy, aby Práve tlačová agentúra má totiž licenciu na výrobu a distribúciu oficiálnych portrétov prezidenta. „Momentálne evidujeme predbežné objednávky v počte niekoľko tisíc kusov a tlač prispôsobíme reálnemu počtu objednávok v momente zadania tlače po realizácii fotografovania,“ povedal HN Richard Jajcay, riaditeľ obchodu a marketingu TASR. „Všetky ceny sú uvedené v cenníku TASR,“ doplnil Jajcay, ktorý nekomentoval dôvody prudkého zdraženia portrétov.",1
Začínal ako „Majster poriadok“. Dnes Fico vládne Slovensku,"V eurovoľbách, ktoré sa na Slovensku konali 24. mája 2014, zvíťazila strana Smer-SD so ziskom 24,09 percenta hlasov, čo znamená štyri poslanecké mandáty. V predčasných parlamentných voľbách v roku 2006 získal 29,14 percenta hlasov a zvíťazil v nich so ziskom 50 poslaneckých kresiel. Víťazom predčasných parlamentných volieb SR 10. marca 2012 sa stal Smer-SD so ziskom 44,41 percenta hlasov, čo mu prinieslo 83 poslaneckých mandátov.",0
Procházka ukázal kandidátku v Bratislave. Podporiť ju má SDKÚ aj Most,V minulosti riadila cestné hospodárstvo aj na bratislavskom magistráte ešte za primátorovania Andreja Ďurkovského (KDH).,0
SDKÚ chcem vrátiť na politickú mapu,"Nebudeme sa tváriť, že strana nie je v kríze a nemá nízke preferencie. Som však presvedčená, že sa dá opäť vybudovať normálnou, poctivou politickou prácou a prilákaním ľudí, ktorí ju podporia tak, aby sa znova ocitla na politickej mape Slovenska.",0
"Myslíme si, že za nákupom predraženého CT je Paška, vyhlásil Matovič","""Máme za to, že Pavol Paška stojí za spoločnosťou Medical Group, že riadi tieto obchody a najviac z nich profituje,"" vyhlásil Sulík. Piešťanská nemocnica Alexandra Wintera chcela v roku 2012 kúpiť CT prístroj za vyše milióna eur, no k obchodu nedošlo.",0
Koho budú voliť za primátora Bratislavy slovenské osobnosti (veľký prehľad),"Je potrebné skonsolidovať mestskú dopravu, odpadové hospodárstvo, či vládu nad mestskými podnikmi. Pozitívne hodnotím, že pán Ftáčnik sa snažil ukázať reálne výsledky svojej práce, uvidíme, či to ľudí presvedčilo.",0
"Prečo sú voľby dôležité? Pozrite sa, o čom rozhodujú primátori a starostovia","Ide o daň z nehnuteľností či dane za ubytovanie a za užívanie verejného priestranstva. Moja firma je na trhu už 20 rokov, no takýto znechutený z korupcie som ešte nebol. Možnosti nápravy a zlepšenia ekonomiky samospráv vidia vo zvýšení transparentnosti hospodárenia a väčšej ochote zverejňovať mená funkcionárov v mestských podnikoch. Prispieť k spokojnosti obyvateľov však môžu aj regulovaním prevádzok, keďže môžu ovplyvniť otváracie hodiny napríklad barov či reštaurácií. Usmerňujú ekonomiku Obce a mestá zriaďujú rozpočtové a príspevkové organizácie alebo iné zariadenia.",0
"Poslanci odpracujú v budúcom roku 90 dní, plánuje Paška","Naopak, v apríli a v auguste by zatiaľ nemali prísť do práce vôbec.",0
Noví poslanci Petržalky sa už stihli pohádať. O plate starostu,"Priemerná mzda za minulý rok je na úrovni 824 eur a Bajan je zaradený v deviatej platovej skupine podľa počtu obyvateľov s násobkom 3,58. Vypočítava sa súčinom priemernej mesačnej mzdy zamestnanca v národnom hospodárstve a príslušného násobku. „Tá práca, ktorú starosta vykonal do dnešného dňa bola odmenená, nie je problém, aby sme budúci rok schválili zvýšenie platu,"" oponoval ale Vetrák.",0
"Ponúkli nižšiu cenu, súťaž na parkovanie nevyhrali","Podľa zistení HN obe pritom ponúkli nižšiu cenu. Ponúkli nižšiu cenu, súťaž na parkovanie nevyhrali",0
"Prieskum: Matovičovi pomohlo spojenie s Lipšicom, SNS rastie","Ak by sa parlamentné voľby konali v prvej polovici júla, víťazom by sa stal Smer-SD so ziskom 35 percent hlasov.",0
Fico vs. Matovič: Čo na kauzu hovoria odborníci,"Firmu predal svojmu bývalému zamestnancovi Pavlovi Vandákovi ešte v roku 2008 za 122 miliónov slovenských korún. Keďže daňoví poradcovia si nie sú istí, do ktorej kategórie príjem Matoviča patril, aj tu sa ich názory rozchádzajú. Mal Matovič priznať príjem 122 miliónov korún a zdaniť ho? V princípe každý príjem, ktorý nie je od dane oslobodený alebo nie je vyňatý z predmetu dane v zmysle zákona o dani z príjmov, podlieha zdaneniu,“ uzatvára a vysvetľuje Bednáriková. Zákon o dani z príjmov podľa daňovej poradkyne Dagmar Bednárikovej jasne definuje, čo je zdaniteľným príjmom. „Ak bola táto suma kúpnou cenou zmluvy o predaji podniku, tak v zmysle zákona o dani z príjmov mal príjem priznať a zdaniť,“ konštatoval Janoušek. „Ak by orgány činné v trestnom konaní preukázali napríklad nezdanenie zisku z predaja podniku Matovičom, mohlo by to byť kvalifikované ako podvod, ktorým bola spôsobená škoda veľkého rozsahu, pri ktorej hrozí odňatie slobody na desať až pätnásť rokov,“ dodáva Janoušek. „Pokiaľ niekto nazve príjem oslobodený od dane ako pranie, tak nie,“ predpokladá Málach, ktorý však dodáva, že nepozná detaily sporu. „Pokiaľ to bol príjem oslobodený od dane, tak nie,“ tvrdí zas Malach. „Áno, mohol, pretože príjem z predaja obchodného podielu nadobudnutého pred rokom 2004 je od dane oslobodený,“ uviedol Málach.",0
"""Sme finančne vyčerpaní"". Pozrite sa, ako sa tvorila vláda v zákulisí","Otázne tiež bolo, ako voliči Mosta príjmu spojenectvo s národniarmi. Strana zaťažená dlhmi z masívnej kampane.",0
"Nová vláda schválila Martinu 2,5 milióna eur. Primátorom je Hrnčiar zo Siete","Krízovú situáciu má záujem riešiť úverom, ktorým uhradí zostatok dlhu, nie je však reálne vykryť zostatok finančných zdrojov, ktoré z mesta odišli na účet exekútora,“ uvádza rezort financií v materiáli. Martin sa dostal najnovšie do nútenej správy, ktorú tam ministerstvo financií zaviedlo minulý štvrtok (24.3.). Minister financií Peter Kažimír (Smer-SD), ktorý návrh na výpomoc predložil, ju odôvodnil tým, bude slúžiť na zabezpečenie samosprávnych funkcií mesta. V súčasnosti je podľa ministerstva ohrozené zabezpečovanie odvozu komunálneho odpadu, financovanie straty vo verejnom záujme pri mestskej autobusovej doprave, verejného osvetlenia, zelene, chod materských škôl, úhrada platov učiteľov v materských školách, platov nepedagogických zamestnancov.",1
"Odborári odovzdali Plavčanovi petíciu, podpísalo ju takmer 80-tisíc ľudí",ministrovi školstva Petrovi Plavčanovi (nominant SNS) petíciu za zjednotenie regionálneho školstva v oblasti financií.,0
Ako žiadať o eurofondy,"Ide o operačné programy výskum a inovácie, technická pomoc, integrovaná infraštruktúra, ľudské zdroje, kvalita životného prostredia, integrovaný regionálny operačný program, efektívna verejná správa, rybné hospodárstvo a program rozvoja vidieka.",0
Strana Tip utopí svoje volebné dlhy v konkurze,Strana Tip utopí svoje volebné dlhy v konkurze,0
"Kotlebovci zbierajú podpisy za referendum o EÚ a NATO už takmer rok, vraj ich majú desaťtisíce","Uhrík pre Izvestija povedal, že „NATO sa pod rúškom boja za demokraciu a ľudské práva snaží zničiť zvrchované štáty“ a je „jedným z nástrojov americkej expanzie v snahe získať kontrolu nad zdrojmi a spotrebiteľskými trhmi nezávislých štátov“.",0
"Tvrdé slová Lubyovej, hovorí o špinavej hre opozície: Zahrala si vabank s rodičmi i deťmi","""Budeme sa snažiť o to, aby sme tým, ktorí vysokoškolský internát budú potrebovať, zabezpečili dôstojné ubytovanie,"" povedala ministerka. sa o tom opäť budeme rozprávať s ministrom financií Petrom Kažimírom (Smer-SD),“ informovala.",0
Najvyšší súd očakáva sťažnosť obvinených: Mala by prísť v najbližších dňoch,"Podľa prokurátora ÚŠP zavraždenie oboch mladých ľudí výstrelmi z pištole kalibru 9 mm, ku ktorému došlo 21. februára v ich dome vo Veľkej Mači, má súvisieť s Kuciakovou prácou novinára.",0
Nový kaviarenský reťazec odštartuje na Slovensku už o pár dní,"Spoločnosť Coca Cola za tento obchod zaplatila britskej spoločnosti Whitbread astronomických 3,9 miliardy libier, čiže približne 4,35 miliardy eur. Svetová dvojka na trhu prichádza na náš trh len niekoľko mesiacov potom, čo spoločnosť Costa kúpil firemný gigant Coca Cola.",1
"Prvý PRIESKUM po prezidentských voľbách: Smer klesol pod 20 percent, koalícia PS a SPOLU trhá rekordy","Ak by sa parlamentné voľby konali v marci, vyhral by ich Smer-SD so ziskom 22,4 percenta hlasov. Do parlamentu by sa dostali aj strany SNS so ziskom 7,6 percenta, KDH (6,9 %) a tretia koaličná strana Most-Híd, ktorá získala rovných 5 percent. Druhé miesto by obsadila ĽSNS so ziskom 11,8 percenta a na treťom mieste by skončila SaS so 11,4 percentami. Prekvapivý je výsledok koalície Progresívneho Slovenska a Spolu, ktorá sa umiestnila na druhom mieste so ziskom niečo vyše 14 percent. V prípade ich spojenia by strana zrejme skončila na druhom mieste so ziskom 14,4 percenta.",0
ČSOB ruší stovky miest. Slovensko zostane ušetrené,"2019 14:06 Česká ČSOB prepustí v nasledujúcich troch rokoch 250 zamestnancov ročne. Banka očakáva, že znižovanie ich počtu o 250 každý nasledujúci rok bude predovšetkým v dôsledku prirodzenej fluktuácie a vyhne sa tak prepúšťaniu. Naopak, v súčasnosti hľadá nových zamestnancov. Podobne je na tom jej matka KBC Group, z ktorej odíde minimálne 1 400 zamestnancov, informovala agentúra ČTK. Podľa informácií TRENDU zostane slovenská ČSOB od prepúšťania ušetrená. Skupina KBC má v Európe celkovo 42-tisíc zamestnancov, z toho 40 percent v Belgicku. V našich podmienkach aktuálne vnímame skôr meniaci sa charakter práce, pracovných pozícií a ich náplní. ČSOB v Česku znížila ku koncu júna medziročne počet zamestnancov približne o 400.",1
Atlas stratených strán: od VPN cez Ľuptáka a Schustera až po #Sieť,V dvoch najsilnejších parlamentných stranách už niekoľko týždňov prebieha vážna stranícka kríza.,0
Od budúceho roka si Bratislavčania priplatia. Vyššia daň dostala zelenú,"2019 12:54 Mesto Bratislava zvýši od januára 2020 daň z nehnuteľnosti na svojom území. Pri lesných pozemkoch a rybníkoch bude platiť jednotná sadzba 0,30 eura za m2. Pri priemyselných stavbách je sadzba dane od 5,75 do siedmich eur za m2, pri administratívnych stavbách od siedmich do deviatich eur za m2 či pri ostatných stavbách od šiestich do ôsmich eur za m2. Pásmo A, kde budú najnižšie sadzby dane, budú tvoriť mestské časti Vajnory, Podunajské Biskupice, Vrakuňa a Devínska Nová Ves. Sadzba dane pri zastavených plochách bude od 1,10 do 1,40 eura za m2. Sadzby daní budú rôzne, a to v závislosti od typu nehnuteľnosti a jej lokality.",1
"Bookmaker: Kiska sa môže prepadnúť, Sme rodina je na vzostupe","Predplaťte si TREND za najvýhodnejšiu cenu už od 1 € / týždeň Plný prístup k prémiovým článkom a archívu Prémiový prístup na weby Mediálne, TRENDreality a ENJOY Menej reklamy na TREND.sk Máte už predplatné? Som aj vedúci bookmakerov, musím teda dohliadať nad ponukou, ktorú máme a riadiť prácu ostatných.",0
Bratislavský primátor rokoval s ministrom financií o pomoci pre hlavné mesto,"Bratislavský primátor rokoval s ministrom financií o pomoci pre hlavné mesto Ministerstvo financií a ministerstvo vnútra budú podľa poslanca nápomocné pri legislatívnom, finančnom aj administratívnom zavedení inštitútu objektívnej zodpovednosti, ktorá pomôže mestským a obecným políciám, špeciálne v úsilí úspešne spustiť celomestskú parkovaciu politiku. Za mesto nechýbal ani riaditeľ magistrátu Ctibor Košťál či Matúš Lupták, ktorý dozerá na mestské financie. Zástupcovia hlavného mesta s ministrom financií debatovali aj o zákone o hazarde, ktorý podľa primátora čakajú zmeny v parlamente. primátor Bratislavy Matuš Vallo s ministrom financií Eduardom Hegerom (OĽaNO).",1
"Jedinou pomocou štátu bude úver na výpadok podielových daní, sme sklamaní","2020 15:25 Samosprávy si môžu vziať bezúročné pôžičky, ale len na pokrytie výpadku podielových daní, ktorý im vznikol pre nový koronavírus Jedinou pomocou štátu bude úver na výpadok podielových daní, sme sklamaní Každá samospráva zároveň podľa jeho slov bude môcť individuálne rokovať o ďalších pôžičkách zo strany štátu. Kým zo strany štátu to bude pomoc vo forme pôžičky, mestá či obce sa zas budú vedieť po koronakríze vedieť lepšie vyrovnať so svojimi rozpočtami, poskytnúť služby obyvateľom a zlepšiť a zvýšiť investície do školských zariadení či komunikácií. Neprehliadnite Klub 500: Ďalšie obmedzenia štátu by boli pre podniky likvidačné Minister financií Eduard Heger (OĽaNO) v júni uviedol, že štát a samosprávy „sú na jednej lodi"" a je potrebné spolupracovať. Pôžičky sa v budúcnosti môžu zmeniť na grant, to je však podmienené reformou verejnej správy, ktorá je však neistá,"" priblížil Rybníček. Tieto peniaze budú samosprávy môcť použiť aj na bežné, aj na kapitálové výdavky, ale pôžička bude splatná do 31. decembra 2023. Upozornil, že nielen samosprávy, ale aj štát má výpadky v príjmoch. Úvery musia minúť do konca tohto roku a vrátiť do konca roku 2023. Žiadna iná pôžička, o ktorej sme sa rozprávali na poslednom prezídiu ÚMS, teda za lepších podmienok ako požičiavajú banky, neplatí. „Musím povedať, že primátori a primátorky dnes zostali trochu sklamaní, lebo sme sa dozvedeli, že Ministerstvo financií SR jedinú vec, ktorú poskytne samosprávam z hľadiska finančnej pomoci, je pôžička na vykrytie výpadku podielových daní. „Predbežne sme sa dohodli, že ministerstvo financií rozpracuje variant možnej pôžičky pre mestá a samosprávy na Slovensku. „Pôjdeme do modelu pôžičiek, pretože by bola škoda nevyužiť lepšie podmienky, ktoré má v tomto prípade štát pri získavaní peňazí na investičný stimul do ekonomiky,"" vyhlásil. „Takýmto spôsobom sa zabezpečí zamestnanosť a rozvoj ekonomiky,"" vyhlásil Rybníček. „Ten je nám schopný požičať financie na fungovanie a investície samospráv oveľa lepšie ako súkromný sektor a banky,"" podotkol prezident ÚMS.",1
"Do zadlženého Agrokomplexu vybrali riaditeľa, ktorý si nemyslí, že SNS podnik tunelovala","Do toho prišla koronakríza, ktorá pripravila podnik so 160 zamestnancami Na čítanie potrebujete aspoň štandard predplatné. Portál Aktuality.sk na jeseň zistil, že Agrokomplex na tieto projekty použil nielen svoje úspory, ale navyše si aj zobral trojmiliónový úver, ktorý nominanti SNS stihli ešte do volieb minúť.",0
Remišová sa rozhodla pre zmenu: FOTO Pred novinárov prišla s novým účesom ako nová žena,"Remišová sa pred novinárov, kde hovorila o tom, že Slovensko sa ako krajina nachádza na rázcestí digitalizácie a priemyselnej výroby, postavila s vynovenou vizážou.",0
Zamestnanci štátu dostanú jednorazovú odmenu a platené voľno,"Vedúci ÚV Július Jakab podotkol, že tarifné platy pre zamestnancov v štátnej a verejnej službe v roku 2021 vo forme valorizácie sa síce zvyšovať nebudú, no z iniciatívy predsedu vlády Igora Matoviča bola schválená jednorazová odmena. Zamestnanci budú mať v nasledujúcom roku jeden deň pracovného voľna navyše v prvom polroku 2021. Zamestnanci v štátnej a verejnej službe získali jednorazovú odmenu a platené voľno navyše. Zamestnanci štátu dostanú jednorazovú odmenu a platené voľno",1
Novelu o online hlasovaní ešte nepripravili,"Hlavný hygienik SR deň pred schôdzou vydal vyhlášku, ktorou umožnil poslancom, ministrom či prezidentke prísť do práce aj v prípade, že sú pozitívni na ochorenie COVID-19.",0
"B. Gröhling tvrdí, že sa titulu neplánuje vzdať",Podľa jeho slov je rovnako k dispozícii aj jeho záverečná práca. Podľa jeho slov je rovnako k dispozícii aj jeho záverečná práca.,0
Štasselová sa vzdala funkcie viceprimátorky Bratislavy: Nahradí ju Antalová Plavuchová,"""V oblasti nájomného bývania viedla Štasselová spracovateľský tím Koncepcie mestskej bytovej politiky, ktorú vo štvrtok schválilo mestské zastupiteľstvo. Hlavné mesto získalo vďaka pôsobeniu námestníčky Štasselovej prvýkrát dva zásadné nástroje pre rozvoj mestského nájomného bývania: vlastnú politiku bývania a exekutívnu zložku, ktorá ju bude napĺňať,"" informoval bratislavský magistrát. Taktiež prvýkrát dokázalo mesto úspešne čerpať prostriedky zo Štátneho fondu rozvoja bývania. Vallo vyzdvihol prácu Štasselovej pri ""naštartovaní"" tímu pre koncepciu bytovej politiky. Za jej napĺňanie bude zodpovedná novovzniknutá sekcia nájomného bývania. Za jej pôsobenia vznikla sekcia nájomného bývania a pridelili sa aj nájomné byty. Štasselová odchádza na vlastnú žiadosť k 1. marcu, aby sa témam rozvoja mesta a bývania mohla naďalej venovať ako expertka, či už ako členka komisie pre rozvoj mesta alebo ako členka poradného panelu pre nájomné bývanie v oblasti medzinárodnej spolupráce – financovanie dostupného nájomného bývania na úrovni Európskej únie.",1
Most má riešenie rómskej otázky. Mikropôžičky a zmeny v dávkach,"Mikropôžičky, vyplácanie časti dávok cez kupóny, pokutovanie zamestnávateľov za čiernu prácu, rómski asistenti, postihy za zničenie bytov. ""Ak zamestná človeka, ktorý poberá dávku v nezamestnanosti, tak zamestnávateľ dostane ako bonus túto nezamestnaneckú podporu a toho človeka musí zamestnať na dvojnásobnú dĺžku,"" uviedol Bugár s tým, že zamestnávateľ by platil aspoň minimálnu mzdu. Bugár súhlasí, že si treba časť dávky odpracovať, zdôrazňuje však, že prácu musí v tomto prípade ponúknuť štát. Bugár tiež zdôraznil potrebu motivácie zamestnávateľa, aby dával prácu nezamestnaným. Bugár vyzdvihol aj prácu mimovládnych organizácií vrátane Purtu, ktorý podporuje strana. Dosiahnuť sa to dá tým, že maximálna sociálna dávka bude nižšia ako minimálna mzda. Most-Híd zdôrazňuje potrebu boja s čiernou prácou. Riešiť chce strana aj bývanie pre Rómov.",1
Fica potopili jeho sklamaní voliči,Dedina s necelou päťstovkou obyvateľov nevie dostavbu kanalizácie dofinancovať a celková cena projektu sa každoročne zvyšuje.,0
"Práce pre Rómov je dostatok, myslí si Pollák","Reagoval tak na kritiku podpredsedníčky KDH Miroslavy Szitovej, že starostovia obcí nemajú dostatok príležitostí poskytnúť prácu pre skupiny dlhodobo nezamestnaných. Práce pre Rómov je dostatok, myslí si Pollák",0
"Zomrel Juraj Horváth. Sudca, ktorého niekoľkokrát žaloval Harabin","""Snažil sa svoju prácu vykonávať veľmi vážne a vyrovnať sa s problémami, ktoré tu máme.",0
"Ľudia sú frustrovaní, hľadajú nepriateľa","Proti neviditeľnému nepriateľovi, ktorý však môže byť vaším susedom, kolegom v práci alebo spolužiakom v lavici, sa vytvára pocit ohrozenia ľahšie. Tiež historicky sú v našej kultúre ženy považované za druhé pohlavie – za ich prácu v domácnosti a v starostlivosti o deti im neplatíme, ony ju musia robiť, pretože tvrdíme, že sú na to predurčené.",0
"Rezort financií sa k justícii správa macošsky. Je to smutné, vyhlásil Borec","""Rezort financií sa smerom k rezortu spravodlivosti správa dlhodobo macošsky nielen na Slovensku, ale aj v iných krajinách,"" podčiarkol, pričom ako príklad uviedol Českú republiku či Rakúsko. ""Štandardní politici už tri roky sľubujú, že sa títo úradníci budú mať lepšie, že si ich prácu vážia a namiesto toho im nedávajú takmer nič. Borec upozornil na to, že nízka výplata súdnych zamestnancov nie ja aktuálnym problémom, ale vlečie sa minimálne 10 rokov. Borec zatiaľ nevedel povedať, v akej výške sa bude pohybovať dohodnutý kompromis s ministerstvom financií. Je to smutné,"" konštatoval v súvislosti s minulotýždňovým štrajkom zamestnancov súdov, ktorí okrem iného žiadajú navýšenie rozpočtu rezortu spravodlivosti. Poslanec Národnej rady SR Miroslav Kadúc (OĽaNO) upozornil, že súdni zamestnanci robia mravčiu prácu, bez ktorej by súdy nefungovali. Požiadavku súdnych zamestnancov na navýšenie rozpočtu ministerstva spravodlivosti o 25 percent, teda okolo 75 miliónov eur, považuje Borec za úplne nereálnu. Rezort financií sa k justícii správa macošsky. Tie mali pokryť nielen koncoročné platy, ale aj čiastočné zvýšenie platov súdnych zamestnancov. V tejto súvislosti poukázal na to, že iba 2,5 percenta zo štátnych príjmov ide na justíciu. Zopakoval, že v tejto súvislosti rokuje s ministrom financií, pričom pripustil aj svoju demisiu.",0
Na Hlavnej stanici v Bratislave sa vykoľajil rýchlik RegioJetu. Ľuďom vrátia peniaze,"""Cestujúci dostanú okamžite vrátené cestovné v plnej výške s tým, že naši zamestnanci budú pomáhať s vyhľadaním náhradného spojenia do ich cieľovej stanice a poskytnú im maximálnu pomoc,"" doplnil. Spoj IC 405 mal z Bratislavy odísť podľa cestovného poriadku o 17.50 h. Zamestnanci spoločnosti začali podľa Bořutu okamžite riešiť cestujúcich, ktorí nemohli vlakom odcestovať.",0
Fico je pred voľbami pod tlakom,"Podľa úradu vlády je v súčasnosti predčasné hovoriť o prípadnom zvyšovaní platov štátnych zamestnancov, pretože sa nenachádzame v období, keď odbory predkladajú vláde návrhy na znenie kolektívnych zmlúv na rok 2016.„Platové tarify pedagogických zamestnancov a odborných zamestnancov sa na tento rok zvýšili o päť percent, platy ostatných zamestnancov sa zvýšili od januára o 1,5 percenta a od júla tohto roka sa zvýšia o ďalšie jedno percento,“ informovali z tlačového odboru úradu vlády. Preto apelujú na vládu, aby im mzdy zvýšili.",1
"Východné Slovensko má veľký potenciál, na čo zabúda, vyhlásil šéf SNS","V Prešove Danko navštívil firmu TOMARK, kde približne 300 zamestnancov vyrába vrtuľníky.",0
Zatýkanie v Bratislave. Utečenecká kríza je u nás,Utečenecká kríza je u nás,0
"Šéf parlamentu: Laššáková sa má po autonehode už lepšie, je veľká bojovníčka","Chce sa vrátiť čím skôr do práce,"" uviedol Pellegrini na krátkom brífingu pred nemocnicou s tým, že je v dobrej zdravotnej opatere.",0
Blog Michala Trubana: Dá sa vyriešiť slovenské štátne IT?,"A tak cenu získa najlepšie, už hotové riešenie. Mikloš že vraj padol na IT systéme na financiách. Paradoxne aj medzi zamestnancami firiem, ktorí ten bordel robia. Prípadne sa postarali o to, aby pre nich nevznikla z daného projektu žiadna práca navyše. Záver Prostredníctvom inovácií a technológii je možné dosiahnuť jednoduchší život ľudí a zvýšiť efektívnosť ekonomiky.",0
"Čech, ktorý natočil kontroverzné video: Utečencom pomáhame amatérsky","A potom vidíte, že v Maďarsku sa tie potraviny vyhadzujú. Je držiteľom tretieho miesta v súťaži World Press Photo, dvakrát vyhral hlavnú cenu Czech Press Photo. Napríklad na ostrove Lesbos si utečenci musia karimatky dokonca kupovať za prehnané ceny od miestnych Rómov. Natočil som dvojminútové video, v ktorom sa v prvej časti venujem tomu, že utečenci mohli voľne prechádzať zo Srbska do Maďarska, a až druhá časť je o ohromnom plytvaní potravinami.",0
Razia na Slovensku. Polícia zabavila desiatky zbraní a muníciu,"Kriminalisti zaistili približne 30 kusov kompletných a odstránených zbraní československej, ruskej a talianskej výroby.",0
"Dvojnásobné platy, švajčiarske dôchodky a iné ""divočiny"" našich politikov","Vrhnúť 18 miliárd korún do stavebníctva Kelňa, aj pod touto prezývkou bol známy Ján Ľupták, šéf strany Združenie robotníkov Slovenska (ZRS). „Naším cieľom je oživiť stavebníctvo – vrhnúť 18 miliárd korún do stavebníctva a potom bude zamestnanosť, lebo na jedného stavbára pripadnú tri osoby s prácou,“ vyhlásil Ľupták pred voľbami v roku 1994.",0
"Príliš veľa prekvapení, hlási biznis","Peter Lakata, riaditeľ marketingu a obchodu ZUNO banky   Kotleba je Ficovo dieťa Voľby opäť raz zobrali do rúk voliči. To by malo priniesť financie na zlepšenie stavu slovenského zdravotníctva a školstva, ktoré nie sú v dobrom stave.",1
"Pozor, lejú asfalt. Nesrovnal „zrovnáva“ cesty","Najviac prispeje Slovenský plynárenský priemysel, ale poskladajú sa aj Transpetrol a Slovenská pošta. Spleť značiek To, že bez obmedzení sa cesty opraviť nedajú, je prepravujúcim sa Bratislavčanom jasné, ale keď meškajú ráno do práce, mnohým sa pokoj zachovať nedarí.",0
Advokáti úverujú štát. Nepáči sa im to,"Napríklad v prípade trestných vecí je výpočtovým základom odmeny advokáta priemerná mesačná mzda na Slovensku za prvý polrok kalendárneho roka, ktorý o päť rokov predchádza kalendárnemu roku, v ktorom sa služba poskytuje. „Teda, ak službu poskytujem v roku 2016 a platím súvisiace náklady za ceny v danom roku, odmenu mi určia podľa stavu z roku 2011.",0
"Kiska má v tom jasno: Štvavé slovo spravilo to, že zabili niekoľkých Poliakov","""Počas tejto doby sa chcem sústrediť na svoju prácu,"" skonštatoval.",0
"Šialenec za volantom bratislavskej MHD riskuje životy cestujúcich: Uvidíte ho v akcii, nikdy k nemu nenastúpite!","Ako dodala, vodič sa v práci obhajoval tým, že sa snažil dodržať cestovný poriadok pre spokojnosť cestujúcich.",0
"Učiteľ Marek pracoval pre Katy Perry aj známeho amerického repera: Poviem vám, čo odo mňa chceli!",Práca na nich mu v priemere trvala asi 4 mesiace. Práca na ňom mu spolu s tridsaťčlenným tímom trvala 7 mesiacov!,0
"Na tieto sexi Slovenky musíte mať gule: Barbora má tetovania všade, no že ho bude mať aj TAM...",Urob tak ešte dnes a hneď sa dostaneš do hry o skvelé ceny.,0
Ozbrojený prepad potravín v Šuranoch: Predavačka sa nezľakla a zachovala sa hrdinsky,Ozbrojený prepad potravín v Šuranoch: Predavačka sa nezľakla a zachovala sa hrdinsky ŠURANY - Do predajne potravín v Šuranoch vošiel dnes približne o 10.30 h neznámy muž so zbraňou v ruke a od predavačky pýtal peniaze.,0
Pozoruhodná krajina,"Arabi si totiž mimoriadne potrpia na česť a dobré meno, dokonca aj za cenu občasného prispôsobovania si štatistík v regióne. Bohatstvo krajiny zabezpečujú najmä podporou turizmu, obchodu, výroby a výstavby, ktorá má mimoriadny rozsah. Nezdaňujú príjmy svojich občanov, zdravotné poistenie platia zamestnávatelia, jednotlivec sa môže pripoistiť. Osobitnou kapitolou sú ženy: majú svoje vozne metra, taxíky, niekde aj parkovacie miesta, posilňovne, vstupné dni na športoviskách, vyhradené dni v reštauráciách na ženské stretnutia. STÚPANIE NA VRCHOL Napriek prírodnému bohatstvu, všetky sily Emiráty sústredili do diverzifikácie svojej ekonomiky zbavujúc sa závislosti na jedinom zdroji príjmov – rope. V mojom prípade manžela, keďže nemám samostatný príjem, v manželovom prípade súhlas jeho zamestnávateľa. Videla som tu biodynamický obchod a je tu farmárske hnutie a kurzy, ako si pestovať v týchto podmienkach vlastnú zeleninu.",0
"Ak vám už všetko visí, neznamená to, že je všetkému koniec","Keď je práca hotová a vám už všetko zdarne visí, snažíte sa doma vysvetliť, prečo ste z tej akcie boli ak nie priamo naštvaný, tak minimálne trošku nervózny. A keď ste im ponúkli stálu prácu za viac peňazí u vás? Ako sa na našu spoločnosť bude tento zamestnanec pozerať? Ako vyzerá v praxi takýto odchod zamestnanca od vás? Akú stabilitu by sme zamestnancovi ponúkli? Ale aby sme nekrivdili ani klientom, ktorí nemôžu na svoje podmienky dostať od firmy upratovačku alebo opatrovateľku, lebo firma je v mnohom pri zamestnávaní brzdená Zákonníkom práce. Ale aj na čiernom trhu pri ponukách práce je problém, sú tri druhy žien. Ale na Slovensku, keď robí povedzme 10 ľudí prácu načierno, rovná sa to daňovému úniku väčšej firmy. Bola to pani, ktorá pracuje popri zamestnaní aj na čierno, lebo taká je cena jej práce. Ceny upratovania rastú a žena, ak je s ňou klient spokojný, môže povedať, že chce viac, aj napriek tomu, že neplatí odvody, ani dane z príjmu. Dávame asi 600 eur v čistom, na čo ak pridáme cenu práce, koľko musí zamestnávateľ dať štátu, je to takmer raz toľko. Dôležité je to, čo za svoju prácu držia v dlani. Gazdinka má takisto možnosť presvedčiť klienta na prácu bez papierov, alebo klient presvedčiť túto pani na čiernu prácu. Hlásia sa vám cudzinci o prácu? Hneď na začiatku sa pýtam, či má uchádzač o prácu povolenie na pobyt, povolenie na prácu. Inšpektorát práce vie, že v tejto oblasti existuje čierna práca, ale nemôžu nič robiť. Je fakt, že cena za upratovanie rastie. Je to vidno na portáloch, kde sa páruje ponuka a dopyt po upratovacích prácach. K tomu zvykneme dávať odmeny, pretože keď je zamestnanec dobrý, chceme ho motivovať. Kde vidíte najviac čiernej práce? Keď odchádzajú gazdiné, ako často idú robiť lepšiu prácu? Keď zamestnáte napríklad čašníčku, tak si ťažko môžete dovoliť neprihlásiť ju, platiť jej na ruku, je na očiach, ale v domácnostiach sa gazdinky stratia, nikto okrem domácich ich nevidí, že pracujú a sú odmeňované príjmom, ktorý nezdaňujú. Koľko bude stáť upratovanie na tradičnom trhu? Koľko zamestnancov vám takto odišlo? Majú ľudia na napätom trhu práce tendenciu viac robiť načierno, pretože ich je málo a všade ich potrebujú? Mnohí majú množstvo exekúcií, úverov. My napríklad práve končíme s poskytovaním remeselných činností na základe rastúceho trendu práce načierno. Môžem povedať, že 50 percent odchádzajúcich zamestnancov nám odišlo tak, že naďalej pracujú, ale na čierno. Najprv sme mali v ponuke aj murárske práce, posledných 5 rokov už iba maliarske, a aj s tým bohužiaľ končíme. Napriek tomu je stále väčším problémom práca načierno. Naučili sa, ako sa v službách podniká bez takzvaného oficiálneho zamestnania a platenia odvodov a daní z príjmu. Nemá kto pracovať, dala by som možnosť každému, ale obávam sa, že toto problém zamedzenia čiernej práce nevyrieši, ale naopak, prehĺbi sa, aspoň v službách určite. Nevieme sa pohnúť viac, ak sa nám nepodarí dvihnúť ceny klientom. Nevystavujú faktúry, nepriznávajú príjmy. Nie, toto je otázka financií. Nikto s tým nič nerobí, je to práca v súkromí, alebo ak aj ide o prácu vo firme a nikto doposiaľ na to neprišiel, že takto zamestnávajú, v tom prípade musia mať tieto veľké firmy páky na určitých miestach. Po odchode do invalidného dôchodku sa stala majiteľkou a konateľkou spoločnosti ANER HAUS, ktorá zabezpečuje služby pre rodinu a domácnosť Koľko máte zamestnancov? Podobne ako pri iných zamestnancoch, aj s nimi máme v Bratislave základný problém v tom, že aj ženy zo zahraničia sú náchylné ponúknuť nášmu klientovi prácu s vyplatením na ruku. Pomáhajú si preto prácou na čierno, kde je cena práce celá v ich peňaženke. Poznáme kozmetičku, ktorá počas troch rokov postavila dom, a má minimálne príjmy. Počas práce u klienta má klient dostatok času zistiť, aká je a či mu vyhovuje. Počítajte s tým, že cena za upratovanie behom tohto roka vzrastie na 10 eur na hodinu. Príklad: Ak vykonal oficiálne na faktúru práce iba na jednom dome, nemôžeme mu zaúčtovať 200 kíl materiálu. Pôvodne sme chceli zamestnávať ženy, ktoré nemajú vzdelanie, a na trhu práce sú znevýhodnené, ale pokračujeme v tejto činnosti len preto, že už to chceme nechať dožiť. Pýtali sme sa ich, čudujúc sa, za akú mzdu pracujú. Raz sme zahlásili na úrade práce meno panej, o ktorej sme vedeli, že odišla od nás k nášmu klientovi pracovať načierno. Riešime zamestnanosť aj týmto spôsobom, naozaj sme v núdzi, pretože nám chýbajú ľudia. Riešite to s Inšpektorátom práce? S dobrým svedomím takú ženu prijmeme s tým, že jej pomôžeme, ale každej takejto žene musíme dať v zmysle Zákonníka práce odchodné jeden hrubý plat. S niektorými požiadavkami klientov by sme my podľa nášho Zákonníka práce mohli mať v určitých situáciách problém. S prácou načierno určite bojujú aj iné upratovacie firmy alebo také, ktoré zamestnávajú remeselníkov. Ste skôr za to, aby vláda uvoľnila dovoz pracovnej sily z krajín mimo EÚ? Takže najväčší problém je pre vás fluktuácia a práca načierno? Teraz vysvetľuje, ako veľmi sa trh zmenil a čo s tým majú chýbajúci ľudia na pracovnom trhu. Tie, ktoré vedia upratovať a tie si aj – vedomé svojej dobre odvedenej práce – zapýtajú slušnú pravidelnú odmenu. To myslíme ceny na čiernom trhu. Títo klienti následne siahnu po dostupnej možnosti a tou je ponuka práce na čiernom trhu. Tým pádom nás každé zvyšovanie platov bolí viac a vyplatenie odchodného viacerým zamestnancom môže znamenať, že sa dostane firma do mínusu. Uchádzačky nás na pohovoroch upozorňujú na veľké nadnárodné spoločnosti, akciové spoločnosti a iné, ktoré majú dohody porušujúce Zákonník práce. Už pri tejto sume aj niektoré ponuky sú, hoci sa ešte nájdu aj nižšie ceny. V prípade dovozu pracovnej sily bude dôležitá angličtina. V roku 2010 vyhrala prvé miesto v kategórii Začínajúca podnikateľka roka, neskôr Cenu verejnosti v súťaži Dobrý podnikateľ. V rozhovore sa dočítate aj: Či a aké skúsenosti má s pracovnou silou z krajín mimo Európskej únie, či v jej dovoze vidí budúcnosť alebo skôr nie, prečo bude cena za upratovanie rásť k 10 eurám za hodinu, ako dnes práca načierno komplikuje situáciu poctivým podnikateľom. Veľmi často sa stáva, že príde uchádzačka o prácu a s tým, že by sa u nás chcela zamestnať, a pýta sa nás, či by sme jej nevedeli platiť na ruku. Viac dať nemôžem, samozrejme, snažíme sa klientovi dvihnúť ceny. Vôbec sa im nečudujeme, keď majú dostať 600 Eur v čistom, alebo od klienta načierno celú cenu práce 1200 eur, prečo by tam nešli? Zamestnanci vám odchádzajú k vašim klientom? Zoberte si cukrárky, ktoré pečú doma a predávajú, preklady, tlmočenie, aj búracie práce sa robia načierno v súkromí, deje sa to aj pri umelcoch a v rôznych iných profesiách. modulových domácnostiach, v ktorých ju školíme a pripravujeme na prácu u klienta. Áno, ale hlavne čierna práca. Čo znamená, že takto odchádza denne množstvo potenciálnych zamestnancov. Štát si berie priveľa z ceny práce a zamestnancovi zostáva málo.",0
"VIDEO Veľké policajné kontroly v Senici a v Nitre: 24 Srbov poputuje domov, pracovali načierno","""Cudzincom bolo za opakované porušenie všeobecne záväzných právnych predpisov, konkrétne zákona o pobyte cudzincov a zákona o službách zamestnanosti udelené administratívne vyhostenie bez zákazu vstupu a zároveň určená 30-dňová lehota na vycestovanie,"" uviedla Baloghová. Ako informovala hovorkyňa Prezídia Policajného zboru Denisa Baloghová, dôvodom bolo porušenie podmienok pobytového režimu z ich strany a tiež vykonávanie nelegálnej práce na našom území.",0
"ODHALENIE o našich úspešných športovcoch, ktoré ľudí zarazí: Výsmech slovenským legendám!",Podľa nášho zdroja totiž niektorým športovcom klesol príjem až o stovky eur.,1
"SNS nebude tolerovať bujnenie mafiánskych štruktúr v štáte, tvrdí Hrnko","K organizovaniu týchto zmien by však nemali byť pripustení ľudia, ktorí nevážia slová, neslúžia pravde, neslúžia občanovi a sú ochotní ísť za mocou za každú cenu. „Vyzývam aj občanov, podporujme orgány činné v trestnom konaní pri ich práci a umožnime im svoju prácu vykonávať bez ovplyvňovania tohto konania,“ dodal, pričom členov vyšetrovacieho tímu ubezpečil, že pri čo i len najmenšom podozrení z ovplyvňovania alebo marenia vyšetrovania majú dvere predsedu Výboru NR SR pre obranu a bezpečnosť otvorené.",0
"Roda si na východe stále užíva luxus, no črtá sa veľký problém: Toto môže Talian horko oľutovať","Musí obsahovať identifikáciu kontrolovaného subjektu - jeho názov, sídlo, miesto pracoviska alebo prevádzky a stručný popis toho, čo zamestnávateľ porušuje a čoho sa zamestnanec domáha. Na firmu si už posvietil aj inšpektorát práce, preklepli prevádzky Rodovcov v Papíne, Radvani nad Laborcom, Hostoviciach či v Rovnom. Podanie môže byť aj anonymné Vedúci inšpektor práce Peter Klec - Podanie na inšpektorát práce je možné podať aj anonymne, napríklad z obavy zo straty zamestnania. Zamestnanci družstva v Papíne však tvrdia, že im nedal výplaty, čo už prešetruje inšpektorát práce. „Chýbajú nám výplaty ešte za minulý rok,“ tvrdia zamestnanci družstva Agropapín, ktoré patrí Rodovcom. „Vykonávame inšpekciu na družstve v Papíne, začali sme ju 11. apríla,“ povedal prešovský vedúci inšpektor práce Peter Klec. „Z dôvodu podozrenia zo spáchania trestného činu nevyplatenia mzdy a odstupného a iných trestných činov bolo podanie 20. apríla z hľadiska vecnej a miestnej príslušnosti postúpené na ďalšie konanie Krajskej prokuratúre v Prešove,“ informovala hovorkyňa Generálnej prokuratúry SR A. Predajňová.",0
Srdcervúci príbeh rozkošného bojovníka: Krištofka musíme postaviť na nohy!,"„Je mi jej ľúto, ale je úžasná a veľmi Krištofka miluje a veľmi mi pomáha,“ opisuje neľahké životné chvíle mamina s tým, že len málokto si vie predstaviť, koľko úsilia a najmä financií je za tým všetkým.",0
Mimoriadne inteligentnú Martinku okráda choroba o detstvo: Prečo ju zrádzajú nožičky a jazýček?,Problémom však boli financie. Veľmi jej pomáha aj hipoterapia a minulý rok dokonca vyhrala cenu.,0
Vlaky chceme modernizovať nielen v Bratislave. Pár slov o nových „zubačkách“ pre Tatry.,"A pre niekoho, aj príležitosť dať si po práci pohár piva či dve deci vína. Aj preto je neadekvátne porovnávať cenu nových tatranských „zubačiek“ s bežným dieselovým vlakom. Okrem investovania do železničnej dopravy okolo preťažených uzlov ako sú Bratislava, Prešov, Košice či Žilina máme veľký investičný dlh aj v Tatrách. Okrem investovania do železničnej dopravy okolo preťažených uzlov máme investičný dlh v Tatrách. Treba otvorene priznať, že produkciou špeciálnych vlakov sa až tak veľa spoločností v Európe nezaoberá. V porovnaní so šoférovaním ponúka benefity, ako sú bezpečnosť a možnosť práce či odpočinku počas prepravy.",1
"Vietnamcom sme dali lietadlo, ktorým mali uniesť Thanha zadarmo: Zaplatia za požičanie nášho špeciálu?!","Kým vo vlaňajšom prípade určil rezort vnútra cenu Kiskových letov celkom presne, koľko stála cesta špeciá­lom z Bratislavy do Moskvy nová ministerka vnútra Denisa Saková (42) vo štvrtok povedať nevedela. Odhadovaná cena Praha -> Bratislava (293km) - 2 300 €Bratislava -> Moskva (1 633km) - 13 000€ Otvoriť galériu Vládny špeciál.",0
"Rozdiel medzi pohlaviami: Muži panikária, ženy investujú rozumne","""Predajom po poklese na trhu sa muži skutočne zasekli vo svojej strate. Analýza Stash ukázala, ako sa používatelia aplikácie z radov mužov žien začnú správať úplne inak, keď sa na trhoch objaví neistota. Kľúčovým záverom je, že skoro všetko na Zemi, vrátane finančných trhov, by fungovalo lepšie, ak by za ne prevzali zodpovednosť ženy. Trh sa odvtedy zotavil."" Výskumný tím sa na správanie používateľov pozrel v dvoch mimoriadne nestálych dňoch pre trhy v tomto roku, 5 a 8 februára, keď veľké akciové indexy utrpeli značné straty.",0
"Kočner sa vyhrážal aj politikom, nielen novinárom. Časť spisu z jeho kauzy ukradli, myslí si publicista",V tejto chvíli je Kočner obvinený z viacerých ekonomických trestných činov a NAKA realizovala prehliadky v jeho nehnuteľnostiach aj pre podozrenie z násilnej trestnej činnosti.,0
"Štrajk v dopravnom podniku v Prešove: Šoféri ustúpili, už bojujú len o 70 centov","Aký bude ďalší postup nespokojných zamestnancov, sa ešte nerozhodlo. Do štrajku sa zapojilo 237 z 320 zamestnancov. Dve tretiny zamestnancov Dopravného podniku mesta Prešov (DPMP) v piatok celý deň štrajkovali za vyššie mzdy. Našou hlavnou požiadavkou je navýšenie tarifnej mzdy o 70 centov od 1. Pôvodne požadovali zvýšenie hodinovej mzdy o 0,70 € od 1. júla, a o ďalších 0,30 € od nového roku. Riaditeľ nás nevpustil na pracovisko, hoci štrajk je o tom, že zamestnanec prestane robiť alebo prácu preruší.",1
Vallo reaguje na štrajk niektorých vodičov: Dopravný podnik robí potrebné kroky na zlepšenie ich situácie,"Primátor Bratislavy Matúš Vallo je presvedčený o tom, že vedenie Dopravného podniku Bratislava (DPB) problémom svojich zamestnancov rozumie, vníma ich a v rámci súčasných možností mesta aj robí potrebné kroky na zlepšenie ich situácie. DPB deklaruje, že sa snaží reálne zlepšiť podmienky zamestnancov a má za sebou už prvé výsledky. Naša snaha o lepšiu MHD v Bratislave je veľká a bez spokojnosti zamestnancov DPB sa určite nezaobíde,"" vyhlásil bratislavský primátor. Predseda odborovej organizácie DPB Autošofér Jozef Hitka pri zvolávaní štrajku poukázal na mzdy, chýbajúcich vodičov i mechanikov v podniku či na zlé pracovné podmienky. Vodiči, zamestnanci DPB a rovnako aj nové vedenie DPB majú našu podporu.",1
Za tretinu platových rozdielov žien a mužov môžu pánske toalety,"Desať štvrťrokov po výmene na poste šéfa za muža, bola mzda zamestnancov približne o 13 % vyššia ako mzda zamestnancov mužského pohlavia, ktorým zostala šéfovať žena. Mužskí manažéri nedokázali lepšie udržať zamestnancov mužského pohlavia a zamestnanci mužského pohlavia v banke nezvýšili svoje úsilie ani kvalitu výstupu pod mužským šéfom. Nová štúdia o tom, ako môže pohlavie šéfa ovplyvniť profesijnú dráhu zamestnanca, ponúka spôsob, ako kvantifikovať profesionálne následky fenoménu „pánskeho klubu“. Podľa prieskumu 240 000 mužov a žien po celom svete, až 81 % oslovených žien usúdilo, že sa cítia byť v práci izlované. Skúmala, čo sa stalo, keď zamestnanci ktoréhokoľvek pohlavia začali fajčiť. Toto všetko sa môže zdať celkom zrejmé ženám, ktoré nikto nikdy nepozval na spoločné sledovanie zápasu, do partie na golf, ani na pivo po práci. V prieskume SurveyMonkey a LeanIn.org z tohto roka, až 60 % mužských manažérov opísalo, že si cíti nepríjemne, ak má samostatne pracovať so ženou, ktorú zaúča, alebo na jej prácu dohliada. Vzťahy sú nevyhnutné pre profesionálny úspech a ak ženy nemajú šancu spoznať svojich manažérov a iných vplyvných ľudí v práci, nevyhnutne sa im to kariérne vráti. Výhoda v odmeňovaní sa ukázala iba vtedy, keď pracovníci mužského pohlavia trávili veľa času prácou v tesnej fyzickej blízkosti svojich mužských šéfov. Zamestnanci, ktorí fajčili, trávili viac času s manažérmi ako nefajčiari a skončili v množine s väčšou mierou povýšenia. Zároveň vylúčili aj ďalšie možné vysvetlenia zmeraním odpracovaných hodín a príjmov. Čerpali z údajov od 14 736 zamestnancov v rokoch 2015 až 2018. „Zapojenie viacerých manažérov do rozhodnutí o povýšení môže sťažiť zamestnancom, mužom alebo ženám, schému ich postupu v povýšení,“ poznamenávajú.",0
Mestská veža v Trnave ukrýva veľký poklad: Hodiny fungujú 290 rokov bez elektriny!,"Mestská veža v Trnave ukrýva veľký poklad: Hodiny fungujú 290 rokov bez elektriny! Prácou hodinára je skontrolovať hodiny, natiahnuť ich, skontrolovať časti stroja i budovu. Tým, že hodiny idú nepretržite, je nevyhnutné, aby bol jeden z hodinárov vždy prítomný v meste,“ vysvetlil Nemček, ktorého rodina si túto prácu odovzdáva z generácie na generáciu.",0
Reštaurácie a kaviarne prosia o pomoc pred prepúšťaním a bankrotmi: Veľavravný list vláde a premiérovi,"""Gastronómia patrí k najviac postihnutým odvetviam - reštaurácie, kaviarne a bary sme museli zavrieť ako prvé, no vzhľadom na ich povahu budeme otvárať ako poslední v celom sektore služieb. Gastroprevádzky poukázali na to, že nájomné v reštauráciách patrí k najvyšším v celom segmente nájmov. Reštaurácie a kaviarne prosia o pomoc pred prepúšťaním a bankrotmi: Veľavravný list vláde a premiérovi Viacerí majitelia a prevádzkovatelia reštaurácií, kaviarní, hudobných klubov a podobných prevádzok z celého Slovenska sa na vládu a premiéra Igora Matoviča (OĽaNO) obrátili listom. Zástupcovia gastroprevádzok hovoria o neodvratných škodách spôsobených súčasnou krízou v súvislosti s novým koronavírusom. Žiadajú preto o rýchlejšiu a adresnejšiu pomoc, aby tak predišli vlne bankrotov, konkurzov a následného pádu mnohých pridružených firiem, ktorý bude spojený s prepúšťaním zamestnancov.",1
"Sudca Hrubala: Tí, čo berú úplatky, sa po pozretí do zrkadla nezmenia. Treba ich vyhodiť","Môj učiteľ Alexander Bröstl, učiteľ uznávaný nielen mnou, bývalý sudca Ústavného súdu, hovorieval, že najlepšie práce právni teoretici napísali na sklonku života.",0
Na zdravé aktíva Arcy Capital si brúsia zuby jej veritelia na čele s J&T,"Aj preto už NBS oslovila subjekty finančného trhu, aby sa dohodli na úpravách distribúcie firemných dlhopisov pre retailových klientov. Arcu čakajú len dve možnosti: reštrukturalizácia dlhov, po ktorej by mohli aj nezaistení investori dostať naspäť aspoň niečo, alebo konkurz, v ktorom zrejme dostanú späť len malý zlomok svojich investícií. Financie: nebanková spoločnosť Silverside, podiel vo Finportale Nehnuteľnosti: ViennaEstate Immobilien, M&M Reality, bratislavský bytový projekt Pod Vinicou Energetika: fotovoltické elektrárne, dve elektrárne na bioplyn, handlovská tepláreň Kmet Priemysel: celulózka Bukocel, AAH Plastics v Nitre a Solčanoch Zdravotníctvo: bratislavská Poliklinika Mýtna, české kúpele vo Františkových Lázňach Personalistika: Manuvia, agentúra dočasného zamestnávania Záhadný investor Ďalší znepokojený investor z Česka investoval do zmeniek Arcy 2,5 milióna českých korún (viac ako 95-tisíc eur). Finančníci sa môžu dohodnúť s veriteľmi na predĺžení splatnosti niektorých krátkodobých úverov, najmä trojmesačných zmeniek. Finančnú situáciu Arcy zhoršuje aj to, že z celkového dlhu je až 600 miliónov v krátkodobých zmenkách, ktoré by mali byť splatené v priebehu niekoľkých mesiacov. Hovorí sa o drahom úvere s 10-percentným úrokom. Kupcov nie je veľa a budú si zrejme diktovať cenu či vyberať z portfólia len čerešničky. Lacné peniaze môže získať napríklad z bánk v podobe úverov so štátnou zárukou v rámci pomoci firmám postihnutým koronakrízou. Možno si Arca zvolí mix nových úverov a rozpredaj aktív, hoci predaj zatiaľ R. Velič odmieta. Navyše na predaj produktov kapitálového trhu získala oprávnenie len v januári tohto roka. Nechce pritom bližšie špecifikovať prijatú stratégiu, ako z dlhovej krízy von, s odvolaním sa na obchodné tajomstvo. Neprehliadnite J&T Banka chce skupovať pohľadávky Arca Capital, najala si na to cyperskú firmu Neférový a agresívny predaj Zarážajúce je aj to, že Arca Investments cez svojich finančných sprostredkovateľov ešte na jar predávala ďalšie dlhopisy svojich dcér napriek tomu, že už musela vedieť o kríze likvidity. Neprehliadnite P. Krúpa: Arca pod vedením Veliča môže skončiť v konkurze, inak je na ozdravenie stále šanca Obrovské dlhy Dlhy Arcy Capital v Česku odhaduje časopis Hrot na viac ako miliardu eur. Následky pre investorov a finančný trh Prípad Arca Capital ukazuje aj na systémové zlyhanie dozoru nad distribúciou a predajom firemných cenných papierov. Odborníci na sprostredkovateľský biznis pre TREND potvrdili, že ponúkať investorom nové dlhopisy dcérskych firiem Arcy bolo v čase po vypuknutí krízy neprofesionálne a nezodpovedné. Odborníci odhadovali, že do konca augusta by Arca mohla potrebovať zhruba 100 miliónov eur len na splátky starších úverov a dlhov. Podriadený finančný agent Finportalu, teda ten, kto dlhopisy reálne predával, bola aj klasická jednoosobová eseročka Profi Financie SK z Prievidze, ktorá bola založená len pred rokom. Rozpredaj majetku teraz v kríze nemusí byť rýchly ani jednoduchý. V prípade nášho klienta bol finančný agent FG Financial Group – SK, čo je podľa obchodného registra akciovka Arcy Investmens, ale aj podriadený finančný agent Finportalu, čo dokazujú aj registre subjektov finančného trhu NBS. Zamotaná sieť sprostredkovateľov Zaujímavá je aj spleť firiem, ktoré sa na tomto dlhopisovom obchode podieľa. Žiaľ, s novými informáciami je čoraz jasnejšie, že manažéri nemajú plán, ako sa z obrovských dlhov dostať, veritelia sú čoraz nervóznejší a strácajú trpezlivosť. „Deluvis ma kontaktoval naposledy 20. apríla s agresívnou ponukou trojmesačných zmeniek Arcy s osempercentným trojmesačným úrokom.",0
"Vzorový prístup kolegu Kubinu k disciplinárnemu konaniu vedenému komorou, alebo v čom urobil kolega Šabík chybu","Ideálne, ak sa k tomu pridajú ďalší mienkotvorní priatelia a porovnajú prístup komory k vám, s prístupom k inému kolegovi advokátovi, ktorý je ten zlý, a ktorému bol až po nekonečne dlhom čase a za zavrhnutia hodný skutok (ktorý by mimochodom pri preukázaní mohol byť aj trestným činom, a niekto možno už počul o takej veci, ako je zákaz dvojitého trestania, ale to je na dlhšiu úvahu), uložený veľmi mierny trest.",0
Nechutné vyčínanie vandalov na bratislavskom sídlisku: FOTO Andrej si našiel na aute hákový kríž!,"Andrej išiel ráno do práce, no keď prišiel k svojmu auto, ostal znechutený.",0
Výrobcovi stavebníc Lego záleží na odstraňovaní rodových stereotypov: S týmto chce definitívne skončiť,"Od roku 2012 v Británii prebieha kampaň Let Toys Be Toys, ktorá povzbudzuje výrobcov hračiek, aby boli vo svojej produkcii kreatívnejší, aby chlapci a dievčatá nemali pocit, že by hra s hračkami tradične vyhradené pre druhé pohlavie, nebola pre nich vhodná. Spomínaný výskum realizoval Inštitútu Geeny Davisovej pre rovnosť v médiách, ktorý je organizáciou zameranou na zlepšenie rodovej rovnováhy v zábavnom priemysle.",0
Vláda hodila na majiteľov prevádzok doposiaľ najťažší balvan. Zaočkovaní ekonomike nepomôžu,"Predplaťte si TREND za najvýhodnejšiu cenu už od 1 € / týždeň Plný prístup k prémiovým článkom a archívu Prémiový prístup na weby Mediálne, TRENDreality a ENJOY Menej reklamy na TREND.sk Máte už predplatné? Preto budú reštaurácie, ale aj mnohé ubytovacie zariadenia, trpieť nedostatkom zákazníkov naďalej Reštaurácie nájdu málo zaočkovaných Asociácia hotelov a reštaurácií Slovenska (AHRS) spolu s Alianciou slovenskej gastronómie (ASG) predkladala takýto návrh covid automatu už dávnejšie. Zaočkovaní ekonomike nepomôžu stupni ohrozenia navštevovať napríklad reštaurácie alebo sa ubytovať v hoteli, či zacvičiť si vo fitnescentre. „V týchto regiónoch preto bude aj prirodzene nižší počet osôb, ktoré budú môcť prevádzky navštevovať,“ dodáva M. Harbuľák s tým, že mnohé prevádzky– hotely, ale aj reštaurácie – napríklad v mestách, sú bytostne závislé od organizovania hromadných podujatí.",1
"Mladá žena je vodičkou autobusu: Tie najhrubšie komentáre, ktoré som si kedy vypočula!","Autobusári sú ľudia, ktorí nás prevážajú z bodu A do bodu B a nielenže musia fungovať v rušnej premávke, ale tiež musia zaistiť bezpečnosť všetkých svojich pasažierov, takže je to práca, ktorá je oveľa ťažšia, ako sa zdá. Byť vodičom autobusu nie je typická práca od deviatej rána do piatej poobede. „Vec, ktorú na tejto práci milujem najviac, je možnosť vidieť rôzne časti sveta.",0
